REGIONE,PROVINCIA,COMUNE,NUMERI_CIVICI,CON_COORDINATE,COMPLETAMENTO_%,COORDINATE_AGGIUNTE,CIVICI_AGGIUNTI,COSA_E_CAMBIATO,ULTIMO_AGGIORNAMENTO,CON_COORDINATE_MESE_SCORSO,NUMERI_CIVICI_MESE_SCORSO,DATI_AGGIORNATI_AL,CODICE_ISTAT,CODICE_CATASTALE,CODICE_IPA
SARDEGNA,CITTA' METROPOLITANA DI CAGLIARI,CAGLIARI,48659,48659,100.0,48659,389,Aggiunti civici e coordinate,2026-08,0,48270,2026-08-03,118006,B354,c_b354
PUGLIA,BARLETTA-ANDRIA-TRANI,ANDRIA,47778,47778,100.0,47778,-38,In calo,2026-08,0,47816,2026-08-03,110001,A285,c_a285
SARDEGNA,SASSARI,OLBIA,47210,47210,100.0,47210,147,Aggiunti civici e coordinate,2026-08,0,47063,2026-08-03,113017,G015,c_g015
TOSCANA,LUCCA,LUCCA,47017,46986,99.93,46986,-11219,In calo,2026-08,0,58236,2026-08-03,046017,E715,c_e715
PUGLIA,TARANTO,TARANTO,46530,46527,99.99,46522,1826,Aggiunti civici e coordinate,2026-08,5,44704,2026-08-03,073027,L049,c_l049
SICILIA,TRAPANI,MAZARA DEL VALLO,38046,38046,100.0,38046,0,Aggiunte coordinate,2026-08,0,38046,2026-08-03,081012,F061,c_f061
ABRUZZO,PESCARA,PESCARA,43801,43801,100.0,37229,4565,Aggiunti civici e coordinate,2026-08,6572,39236,2026-08-03,068028,G482,c_g482
SICILIA,RAGUSA,RAGUSA,42807,42804,99.99,34357,21,Aggiunti civici e coordinate,2026-08,8447,42786,2026-08-03,088009,H163,c_h163
CAMPANIA,SALERNO,SALERNO,30772,30772,100.0,30574,6741,Aggiunti civici e coordinate,2026-08,198,24031,2026-08-03,065116,H703,c_h703
SICILIA,SIRACUSA,SIRACUSA,43435,43435,100.0,30348,-4177,In calo,2026-08,13087,47612,2026-08-03,089017,I754,c_i754
SICILIA,RAGUSA,VITTORIA,38331,38331,100.0,29493,0,Aggiunte coordinate,2026-08,8838,38331,2026-08-03,088012,M088,c_m088
SICILIA,PALERMO,CARINI,26290,26290,100.0,26290,0,Aggiunte coordinate,2026-08,0,26290,2026-08-03,082021,B780,c_b780
SICILIA,AGRIGENTO,CANICATTÌ,25543,25543,100.0,25543,0,Aggiunte coordinate,2026-08,0,25543,2026-08-03,084011,B602,c_b602
SICILIA,CALTANISSETTA,NISCEMI,26618,26618,100.0,22741,0,Aggiunte coordinate,2026-08,3877,26618,2026-08-03,085013,F899,c_f899
CAMPANIA,NAPOLI,GIUGLIANO IN CAMPANIA,21838,21838,100.0,21838,0,Aggiunte coordinate,2026-08,0,21838,2026-08-03,063034,E054,c_e054
ABRUZZO,PESCARA,MONTESILVANO,20600,20595,99.98,20567,-1413,In calo,2026-08,28,22013,2026-08-03,068024,F646,c_f646
LOMBARDIA,BERGAMO,BERGAMO,21799,21799,100.0,19246,-4095,In calo,2026-08,2553,25894,2026-08-03,016024,A794,c_a794
SARDEGNA,SASSARI,ALGHERO,18366,18366,100.0,18366,5134,Aggiunti civici e coordinate,2026-08,0,13232,2026-08-03,112001,A192,c_a192
PUGLIA,FOGGIA,CERIGNOLA,17756,17756,100.0,17750,-3372,In calo,2026-08,6,21128,2026-08-03,071020,C514,C_C514
LAZIO,LATINA,MINTURNO,17130,17130,100.0,17130,11473,Aggiunti civici e coordinate,2026-08,0,5657,2026-08-03,059014,F224,c_f224
SICILIA,ENNA,NISSORIA,16762,16762,100.0,16762,0,Aggiunte coordinate,2026-08,0,16762,2026-08-03,086013,F900,C_f900
PUGLIA,BRINDISI,FRANCAVILLA FONTANA,17605,17605,100.0,16493,-189,In calo,2026-08,1112,17794,2026-08-03,074008,D761,c_d761
LOMBARDIA,PAVIA,VOGHERA,14580,14580,100.0,14580,0,Aggiunte coordinate,2026-08,0,14580,2026-08-03,018182,M109,c_m109
ABRUZZO,CHIETI,CHIETI,19743,19743,100.0,14570,881,Aggiunti civici e coordinate,2026-08,5173,18862,2026-08-03,069022,C632,c_c632
PUGLIA,FOGGIA,TORREMAGGIORE,14434,14434,100.0,14434,1587,Aggiunti civici e coordinate,2026-08,0,12847,2026-08-03,071056,L273,c_l273
CALABRIA,COSENZA,SAN GIOVANNI IN FIORE,14408,14408,100.0,14408,0,Aggiunte coordinate,2026-08,0,14408,2026-08-03,078119,H919,c_h919
LAZIO,ROMA,NETTUNO,14152,14152,100.0,14152,-706,In calo,2026-08,0,14858,2026-08-03,058072,F880,c_f880
VENETO,VICENZA,SCHIO,14222,14202,99.86,13934,-127,In calo,2026-08,268,14349,2026-08-03,024100,I531,c_i531
PUGLIA,BARI,CASTELLANA GROTTE,13750,13745,99.96,13745,-57,In calo,2026-08,0,13807,2026-08-03,072017,C134,c_c134
LOMBARDIA,VARESE,BUSTO ARSIZIO,13325,13325,100.0,13325,0,Aggiunte coordinate,2026-08,0,13325,2026-08-03,012026,B300,c_b300
CALABRIA,COSENZA,COSENZA,23654,23654,100.0,13234,-49,In calo,2026-08,10420,23703,2026-08-03,078045,D086,c_d086
PUGLIA,LECCE,VEGLIE,12772,12772,100.0,12772,-1856,In calo,2026-08,0,14628,2026-08-03,075092,L711,c_l711
VENETO,VERONA,VILLAFRANCA DI VERONA,12740,12740,100.0,12740,0,Aggiunte coordinate,2026-08,0,12740,2026-08-03,023096,L949,c_l949
SICILIA,CALTANISSETTA,MAZZARINO,12687,12687,100.0,12687,0,Aggiunte coordinate,2026-08,0,12687,2026-08-03,085009,F065,c_f065
MOLISE,CAMPOBASSO,CAMPOBASSO,12298,12298,100.0,11819,-565,In calo,2026-08,479,12863,2026-08-03,070006,B519,c_b519
SICILIA,TRAPANI,CASTELLAMMARE DEL GOLFO,11794,11794,100.0,11794,-2817,In calo,2026-08,0,14611,2026-08-03,081005,C130,c_c130
PUGLIA,LECCE,NARDÒ,34890,34890,100.0,11472,0,Aggiunte coordinate,2026-08,23418,34890,2026-08-03,075052,F842,c_f842
PUGLIA,TARANTO,MASSAFRA,16301,16301,100.0,11325,-5,In calo,2026-08,4976,16306,2026-08-03,073015,F027,c_f027
SICILIA,CATANIA,PALAGONIA,11190,11190,100.0,11190,-1530,In calo,2026-08,0,12720,2026-08-03,087032,G253,c_g253
TOSCANA,PISTOIA,MONTECATINI-TERME,11184,11184,100.0,11184,-1036,In calo,2026-08,0,12220,2026-08-03,047011,A561,c_a561
VENETO,VENEZIA,SAN MICHELE AL TAGLIAMENTO,11148,11147,99.99,11147,6,Aggiunti civici e coordinate,2026-08,0,11142,2026-08-03,027034,I040,c_i040
CAMPANIA,SALERNO,CAVA DE' TIRRENI,11043,11043,100.0,11042,0,Aggiunte coordinate,2026-08,1,11043,2026-08-03,065037,C361,c_c361
FRIULI VENEZIA GIULIA,UDINE,CIVIDALE DEL FRIULI,10942,10942,100.0,10939,1795,Aggiunti civici e coordinate,2026-08,3,9147,2026-08-03,030026,C758,c_c758
CAMPANIA,NAPOLI,QUARTO,10860,10860,100.0,10860,4301,Aggiunti civici e coordinate,2026-08,0,6559,2026-08-03,063063,H114,c_h114
ABRUZZO,CHIETI,ORTONA,10770,10770,100.0,10768,0,Aggiunte coordinate,2026-08,2,10770,2026-08-03,069058,G141,c_g141
BASILICATA,POTENZA,LAURIA,10710,10710,100.0,10710,-4834,In calo,2026-08,0,15544,2026-08-03,076042,E483,c_e483
PUGLIA,BARI,PALO DEL COLLE,10601,10601,100.0,10601,-1848,In calo,2026-08,0,12449,2026-08-03,072033,G291,c_g291
CAMPANIA,SALERNO,SARNO,10300,10300,100.0,10300,0,Aggiunte coordinate,2026-08,0,10300,2026-08-03,065135,I438,c_i438
PIEMONTE,CUNEO,CUNEO,10010,10010,100.0,10010,-5420,In calo,2026-08,0,15430,2026-08-03,004078,D205,c_d205
TOSCANA,FIRENZE,PONTASSIEVE,10009,10009,100.0,10009,0,Aggiunte coordinate,2026-08,0,10009,2026-08-03,048033,G825,c_g825
CAMPANIA,NAPOLI,TORRE ANNUNZIATA,9911,9911,100.0,9911,0,Aggiunte coordinate,2026-08,0,9911,2026-08-03,063083,L245,c_l245
LAZIO,FROSINONE,SORA,9828,9828,100.0,9828,0,Aggiunte coordinate,2026-08,0,9828,2026-08-03,060074,I838,c_i838
PUGLIA,BARI,POLIGNANO A MARE,9735,9735,100.0,9735,-1190,In calo,2026-08,0,10925,2026-08-03,072035,G787,c_g787
VENETO,TREVISO,MOGLIANO VENETO,10480,10480,100.0,9499,-52,In calo,2026-08,981,10532,2026-08-03,026043,F269,c_f269
LOMBARDIA,VARESE,CASSANO MAGNAGO,9314,9314,100.0,9290,0,Aggiunte coordinate,2026-08,24,9314,2026-08-03,012040,C004,c_c004
PIEMONTE,TORINO,IVREA,9246,9246,100.0,9246,0,Aggiunte coordinate,2026-08,0,9246,2026-08-03,001125,E379,c_e379
VENETO,VICENZA,MALO,8958,8958,100.0,8957,-622,In calo,2026-08,1,9580,2026-08-03,024055,E864,c_e864
SICILIA,SIRACUSA,SORTINO,8612,8612,100.0,8612,-24,In calo,2026-08,0,8636,2026-08-03,089019,I864,c_i864
SICILIA,MESSINA,PATTI,8676,8676,100.0,8545,-339,In calo,2026-08,131,9015,2026-08-03,083066,G377,c_g377
CAMPANIA,NAPOLI,PALMA CAMPANIA,8550,8550,100.0,8545,-1180,In calo,2026-08,5,9730,2026-08-03,063052,G283,c_g283
LOMBARDIA,MANTOVA,PORTO MANTOVANO,8536,8519,99.8,8519,-227,In calo,2026-08,0,8763,2026-08-03,020045,G917,c_g917
UMBRIA,PERUGIA,TODI,10704,10704,100.0,8351,410,Aggiunti civici e coordinate,2026-08,2353,10294,2026-08-03,054052,L188,c_l188
VENETO,TREVISO,VALDOBBIADENE,8244,8244,100.0,8244,0,Aggiunte coordinate,2026-08,0,8244,2026-08-03,026087,L565,c_l565
LAZIO,RIETI,AMATRICE,8201,8201,100.0,8201,0,Aggiunte coordinate,2026-08,0,8201,2026-08-03,057002,A258,c_a258
LAZIO,FROSINONE,ISOLA DEL LIRI,8180,8180,100.0,8180,0,Aggiunte coordinate,2026-08,0,8180,2026-08-03,060043,E340,c_e340
VENETO,BELLUNO,BORGO VALBELLUNA,8040,8040,100.0,8040,-437,In calo,2026-08,0,8477,2026-08-03,025074,M421,c_m421
UMBRIA,PERUGIA,CORCIANO,8035,8035,100.0,8035,0,Aggiunte coordinate,2026-08,0,8035,2026-08-03,054015,C990,c_c990
EMILIA ROMAGNA,MODENA,PAVULLO NEL FRIGNANO,8028,8028,100.0,8028,-14,In calo,2026-08,0,8042,2026-08-03,036030,G393,c_g393
LAZIO,ROMA,GENZANO DI ROMA,7846,7845,99.99,7845,1,Aggiunti civici e coordinate,2026-08,0,7845,2026-08-03,058043,D972,c_d972
TOSCANA,SIENA,COLLE DI VAL D'ELSA,8375,8375,100.0,7803,-189,In calo,2026-08,572,8564,2026-08-03,052012,C847,c_c847
SICILIA,RAGUSA,SANTA CROCE CAMERINA,12548,12548,100.0,7394,-852,In calo,2026-08,5154,13400,2026-08-03,088010,I178,c_i178
CALABRIA,COSENZA,SAN MARCO ARGENTANO,7238,7238,100.0,7238,0,Aggiunte coordinate,2026-08,0,7238,2026-08-03,078123,H981,c_h981
PUGLIA,FOGGIA,LESINA,7179,7179,100.0,7179,-364,In calo,2026-08,0,7543,2026-08-03,071027,E549,c_e549
TOSCANA,AREZZO,BIBBIENA,6775,6775,100.0,6775,103,Aggiunti civici e coordinate,2026-08,0,6672,2026-08-03,051004,A851,c_a851
PUGLIA,BARI,SAMMICHELE DI BARI,6719,6719,100.0,6719,-90,In calo,2026-08,0,6809,2026-08-03,072039,H749,c_fu3v
CALABRIA,CATANZARO,CHIARAVALLE CENTRALE,6674,6674,100.0,6674,0,Aggiunte coordinate,2026-08,0,6674,2026-08-03,079029,C616,c_c616
VENETO,TREVISO,VILLORBA,6654,6654,100.0,6654,0,Aggiunte coordinate,2026-08,0,6654,2026-08-03,026091,M048,c_m048
PUGLIA,BRINDISI,SAN PIETRO VERNOTICO,6561,6561,100.0,6561,-4331,In calo,2026-08,0,10892,2026-08-03,074016,I119,c_i119
CAMPANIA,NAPOLI,LETTERE,6545,6545,100.0,6544,0,Aggiunte coordinate,2026-08,1,6545,2026-08-03,063039,E557,c_e557
LOMBARDIA,BRESCIA,TOSCOLANO-MADERNO,6406,6406,100.0,6406,8,Aggiunti civici e coordinate,2026-08,0,6398,2026-08-03,017187,L312,c_l312
SARDEGNA,NUORO,MACOMER,6365,6365,100.0,6365,0,Aggiunte coordinate,2026-08,0,6365,2026-08-03,114023,E788,c_e788
CALABRIA,COSENZA,SAN FILI,6312,6312,100.0,6312,0,Aggiunte coordinate,2026-08,0,6312,2026-08-03,078116,H841,c_h841
CAMPANIA,SALERNO,PADULA,6180,6180,100.0,6180,0,Aggiunte coordinate,2026-08,0,6180,2026-08-03,065087,G226,c_g226
CALABRIA,REGGIO CALABRIA,GIOIOSA IONICA,6079,6079,100.0,6079,2,Aggiunti civici e coordinate,2026-08,0,6077,2026-08-03,080039,E044,c_e044
CALABRIA,CATANZARO,GUARDAVALLE,6023,6023,100.0,6023,0,Aggiunte coordinate,2026-08,0,6023,2026-08-03,079061,E239,c_e239
MARCHE,MACERATA,MORROVALLE,5932,5932,100.0,5932,-226,In calo,2026-08,0,6158,2026-08-03,043033,F749,c_f749
EMILIA ROMAGNA,FORLI,MELDOLA,5795,5795,100.0,5795,0,Aggiunte coordinate,2026-08,0,5795,2026-08-03,040019,F097,c_f097
SARDEGNA,NUORO,TERTENIA,6027,6027,100.0,5788,-1,In calo,2026-08,239,6028,2026-08-03,116016,L140,c_l140
ABRUZZO,PESCARA,PENNE,5574,5574,100.0,5574,0,Aggiunte coordinate,2026-08,0,5574,2026-08-03,068027,G438,c_g438
LAZIO,ROMA,FRASCATI,5539,5539,100.0,5539,-752,In calo,2026-08,0,6291,2026-08-03,058039,D773,c_d773
CAMPANIA,BENEVENTO,SANT'AGATA DE' GOTI,5504,5504,100.0,5504,-2705,In calo,2026-08,0,8209,2026-08-03,062070,I197,c_i197
LAZIO,LATINA,SERMONETA,5436,5436,100.0,5436,3256,Aggiunti civici e coordinate,2026-08,0,2180,2026-08-03,059027,I634,c_i634
CALABRIA,COSENZA,TERRANOVA DA SIBARI,5327,5327,100.0,5327,0,Aggiunte coordinate,2026-08,0,5327,2026-08-03,078146,L124,c_l124
CAMPANIA,CASERTA,LUSCIANO,5289,5289,100.0,5289,1,Aggiunti civici e coordinate,2026-08,0,5288,2026-08-03,061046,E754,c_e754
LIGURIA,LA SPEZIA,ARCOLA,5168,5168,100.0,5168,-1445,In calo,2026-08,0,6613,2026-08-03,011002,A373,c_a373
CALABRIA,COSENZA,PAOLA,9094,9094,100.0,5135,0,Aggiunte coordinate,2026-08,3959,9094,2026-08-03,078091,G317,c_g317
VENETO,BELLUNO,ALPAGO,5118,5115,99.94,5115,-2,In calo,2026-08,0,5120,2026-08-03,025072,M375,c_m375
CALABRIA,REGGIO CALABRIA,PALMI,9123,9123,100.0,5054,2,Aggiunti civici e coordinate,2026-08,4069,9121,2026-08-03,080057,G288,c_g288
LOMBARDIA,MANTOVA,SERMIDE E FELONICA,5037,5037,100.0,5037,-5,In calo,2026-08,0,5042,2026-08-03,020061,I632,c_i632
LAZIO,ROMA,MANZIANA,4880,4880,100.0,4880,0,Aggiunte coordinate,2026-08,0,4880,2026-08-03,058054,E900,c_e900
LOMBARDIA,PAVIA,BELGIOIOSO,4870,4870,100.0,4870,-5,In calo,2026-08,0,4875,2026-08-03,018013,A741,c_a741
CALABRIA,REGGIO CALABRIA,VILLA SAN GIOVANNI,4869,4869,100.0,4862,0,Aggiunte coordinate,2026-08,7,4869,2026-08-03,080096,M018,c_m018
FRIULI VENEZIA GIULIA,UDINE,CAMPOFORMIDO,4849,4849,100.0,4849,0,Aggiunte coordinate,2026-08,0,4849,2026-08-03,030016,B536,c_b536
PUGLIA,LECCE,UGGIANO LA CHIESA,7166,7166,100.0,4766,0,Aggiunte coordinate,2026-08,2400,7166,2026-08-03,075091,L485,c_l485
BASILICATA,POTENZA,SENISE,4732,4732,100.0,4732,0,Aggiunte coordinate,2026-08,0,4732,2026-08-03,076085,I610,c_i610
CALABRIA,CATANZARO,SOVERATO,4732,4732,100.0,4732,0,Aggiunte coordinate,2026-08,0,4732,2026-08-03,079137,I872,c_i872
LAZIO,FROSINONE,CERVARO,4742,4742,100.0,4706,0,Aggiunte coordinate,2026-08,36,4742,2026-08-03,060026,C545,c_c545
VENETO,TREVISO,SUSEGANA,4649,4649,100.0,4649,0,Aggiunte coordinate,2026-08,0,4649,2026-08-03,026083,L014,c_l014
PIEMONTE,CUNEO,BORGO SAN DALMAZZO,4631,4631,100.0,4631,-296,In calo,2026-08,0,4927,2026-08-03,004025,B033,c_b033
PIEMONTE,TORINO,TROFARELLO,4589,4585,99.91,4565,4,Aggiunti civici e coordinate,2026-08,20,4585,2026-08-03,001280,L445,c_l445
SARDEGNA,CITTA' METROPOLITANA DI CAGLIARI,PULA,6025,6025,100.0,4488,-1880,In calo,2026-08,1537,7905,2026-08-03,118037,H088,c_h088
SARDEGNA,SUD SARDEGNA,SANLURI,4484,4484,100.0,4484,0,Aggiunte coordinate,2026-08,0,4484,2026-08-03,117015,H974,c_h974
CAMPANIA,AVELLINO,ROCCABASCERANA,4474,4474,100.0,4474,0,Aggiunte coordinate,2026-08,0,4474,2026-08-03,064078,H382,c_h382
FRIULI VENEZIA GIULIA,UDINE,TOLMEZZO,4444,4444,100.0,4444,12,Aggiunti civici e coordinate,2026-08,0,4432,2026-08-03,030121,L195,c_l195
TOSCANA,FIRENZE,VICCHIO,4436,4436,100.0,4436,5,Aggiunti civici e coordinate,2026-08,0,4431,2026-08-03,048049,L838,c_l838
PUGLIA,BARI,BITRITTO,4429,4429,100.0,4429,-407,In calo,2026-08,0,4836,2026-08-03,072012,A894,c_a894
SICILIA,RAGUSA,GIARRATANA,4359,4359,100.0,4359,0,Aggiunte coordinate,2026-08,0,4359,2026-08-03,088004,E016,c_e016
SICILIA,MESSINA,VILLAFRANCA TIRRENA,6279,6279,100.0,4279,0,Aggiunte coordinate,2026-08,2000,6279,2026-08-03,083105,L950,c_l950
ABRUZZO,CHIETI,ATESSA,8253,8253,100.0,4253,-1,In calo,2026-08,4000,8254,2026-08-03,069005,A485,c_a485
LIGURIA,GENOVA,LAVAGNA,4796,4796,100.0,4235,0,Aggiunte coordinate,2026-08,561,4796,2026-08-03,010028,E488,c_e488
CAMPANIA,NAPOLI,OTTAVIANO,14787,14787,100.0,4231,4231,Aggiunti civici e coordinate,2026-08,10556,10556,2026-08-03,063051,G190,c_g190
TOSCANA,SIENA,PIANCASTAGNAIO,4205,4205,100.0,4205,0,Aggiunte coordinate,2026-08,0,4205,2026-08-03,052020,G547,c_g547
VENETO,BELLUNO,PONTE NELLE ALPI,4235,4235,100.0,4191,0,Aggiunte coordinate,2026-08,44,4235,2026-08-03,025040,B662,c_b662
LOMBARDIA,VARESE,CASTELLANZA,4165,4165,100.0,4165,48,Aggiunti civici e coordinate,2026-08,0,4117,2026-08-03,012042,C139,c_c139
ABRUZZO,PESCARA,SPOLTORE,5490,5490,100.0,4037,0,Aggiunte coordinate,2026-08,1453,5490,2026-08-03,068041,I922,c_i922
EMILIA ROMAGNA,FORLI,PREDAPPIO,4043,4043,100.0,4013,-19,In calo,2026-08,30,4062,2026-08-03,040032,H017,c_h017
ABRUZZO,AQUILA,PRATOLA PELIGNA,4034,4034,100.0,4004,-1396,In calo,2026-08,30,5430,2026-08-03,066075,H007,c_h007
CALABRIA,REGGIO CALABRIA,SAN FERDINANDO,3996,3996,100.0,3996,0,Aggiunte coordinate,2026-08,0,3996,2026-08-03,080097,M277,c_m277
SICILIA,MESSINA,CAPO D'ORLANDO,6865,6865,100.0,3996,0,Aggiunte coordinate,2026-08,2869,6865,2026-08-03,083009,B666,c_b666
CAMPANIA,NAPOLI,AGEROLA,3981,3981,100.0,3981,2,Aggiunti civici e coordinate,2026-08,0,3979,2026-08-03,063003,A068,C_A068
VENETO,TREVISO,ASOLO,3972,3972,100.0,3972,0,Aggiunte coordinate,2026-08,0,3972,2026-08-03,026003,A471,c_a471
LOMBARDIA,BRESCIA,CASTREZZATO,3941,3941,100.0,3941,0,Aggiunte coordinate,2026-08,0,3941,2026-08-03,017045,C332,c_c332
CALABRIA,REGGIO CALABRIA,PLATÌ,3940,3940,100.0,3940,0,Aggiunte coordinate,2026-08,0,3940,2026-08-03,080060,G735,c_g735
UMBRIA,PERUGIA,GUALDO CATTANEO,3934,3934,100.0,3934,0,Aggiunte coordinate,2026-08,0,3934,2026-08-03,054022,E229,c_e229
LAZIO,LATINA,LATINA,29880,29880,100.0,3913,3913,Aggiunti civici e coordinate,2026-08,25967,25967,2026-08-03,059011,E472,c_e472
LOMBARDIA,VARESE,SESTO CALENDE,3908,3908,100.0,3908,0,Aggiunte coordinate,2026-08,0,3908,2026-08-03,012120,I688,c_i688
SARDEGNA,SASSARI,AGLIENTU,3905,3905,100.0,3905,0,Aggiunte coordinate,2026-08,0,3905,2026-08-03,113002,H848,c_h848
LAZIO,ROMA,SEGNI,3845,3845,100.0,3845,0,Aggiunte coordinate,2026-08,0,3845,2026-08-03,058102,I573,c_i573
VENETO,BELLUNO,LIMANA,3823,3823,100.0,3823,0,Aggiunte coordinate,2026-08,0,3823,2026-08-03,025029,E588,c_e588
TRENTINO ALTO ADIGE,TRENTO,ARCO,3821,3821,100.0,3821,0,Aggiunte coordinate,2026-08,0,3821,2026-08-03,022006,A372,c_a372
CAMPANIA,NAPOLI,SERRARA FONTANA,3987,3987,100.0,3800,0,Aggiunte coordinate,2026-08,187,3987,2026-08-03,063078,I652,c_i652
EMILIA ROMAGNA,MODENA,SESTOLA,3742,3742,100.0,3733,-22,In calo,2026-08,9,3764,2026-08-03,036043,I689,c_i689
VENETO,BELLUNO,SETTEVILLE,3730,3727,99.92,3727,-27,In calo,2026-08,0,3757,2026-08-03,025075,M437,RHARNICS
TOSCANA,LUCCA,COREGLIA ANTELMINELLI,3693,3693,100.0,3693,-4,In calo,2026-08,0,3697,2026-08-03,046011,C996,c_c996
SICILIA,ENNA,CENTURIPE,3688,3688,100.0,3688,0,Aggiunte coordinate,2026-08,0,3688,2026-08-03,086007,C471,c_c471
TOSCANA,AREZZO,POPPI,3566,3566,100.0,3566,-947,In calo,2026-08,0,4513,2026-08-03,051031,G879,c_g879
MOLISE,CAMPOBASSO,CERCEMAGGIORE,3559,3559,100.0,3559,0,Aggiunte coordinate,2026-08,0,3559,2026-08-03,070017,C486,c_c486
CALABRIA,COSENZA,SAN DONATO DI NINEA,3547,3547,100.0,3547,0,Aggiunte coordinate,2026-08,0,3547,2026-08-03,078115,H825,c_l206
CALABRIA,COSENZA,CAMPANA,3545,3545,100.0,3545,0,Aggiunte coordinate,2026-08,0,3545,2026-08-03,078023,B500,c_b500
PIEMONTE,VERCELLI,CRESCENTINO,3501,3501,100.0,3501,-384,In calo,2026-08,0,3885,2026-08-03,002049,D154,c_d154
PUGLIA,FOGGIA,PESCHICI,3497,3497,100.0,3497,-1253,In calo,2026-08,0,4750,2026-08-03,071038,G487,c_g487
ABRUZZO,PESCARA,POPOLI TERME,3496,3496,100.0,3496,0,Aggiunte coordinate,2026-08,0,3496,2026-08-03,068033,G878,c_g878
SARDEGNA,SUD SARDEGNA,VILLAPUTZU,3510,3510,100.0,3495,17,Aggiunti civici e coordinate,2026-08,15,3493,2026-08-03,118068,L998,c_l998
LOMBARDIA,BRESCIA,PISOGNE,3782,3781,99.97,3495,1,Aggiunti civici e coordinate,2026-08,286,3781,2026-08-03,017143,G710,c_g710
CAMPANIA,AVELLINO,MONTECALVO IRPINO,3458,3458,100.0,3458,0,Aggiunte coordinate,2026-08,0,3458,2026-08-03,064052,F448,c_f448
LIGURIA,GENOVA,COGORNO,3452,3452,100.0,3452,-112,In calo,2026-08,0,3564,2026-08-03,010018,C826,c_c826
CALABRIA,COSENZA,LUZZI,3424,3424,100.0,3424,0,Aggiunte coordinate,2026-08,0,3424,2026-08-03,078070,E773,c_e773
BASILICATA,MATERA,POMARICO,3393,3393,100.0,3393,0,Aggiunte coordinate,2026-08,0,3393,2026-08-03,077022,G806,c_g806
MOLISE,CAMPOBASSO,PALATA,3390,3390,100.0,3389,0,Aggiunte coordinate,2026-08,1,3390,2026-08-03,070050,G257,c_g257
LOMBARDIA,MILANO,MAGNAGO,3374,3374,100.0,3374,-43,In calo,2026-08,0,3417,2026-08-03,015131,E819,c_e819
SICILIA,MESSINA,SANTO STEFANO DI CAMASTRA,3326,3326,100.0,3326,718,Aggiunti civici e coordinate,2026-08,0,2608,2026-08-03,083091,I370,c_i370
LAZIO,FROSINONE,PALIANO,3522,3522,100.0,3314,0,Aggiunte coordinate,2026-08,208,3522,2026-08-03,060046,G276,c_g276
TOSCANA,MASSA-CARRARA,FIVIZZANO,11719,11719,100.0,3306,-965,In calo,2026-08,8413,12684,2026-08-03,045007,D629,c_d629
VENETO,BELLUNO,SANTA GIUSTINA,3304,3304,100.0,3304,-97,In calo,2026-08,0,3401,2026-08-03,025048,I206,c_i206
TOSCANA,LUCCA,BARGA,5345,5345,100.0,3272,-251,In calo,2026-08,2073,5596,2026-08-03,046003,A657,c_a657
CAMPANIA,SALERNO,ALBANELLA,3268,3268,100.0,3268,0,Aggiunte coordinate,2026-08,0,3268,2026-08-03,065003,A128,c_a128
LOMBARDIA,VARESE,VERGIATE,3247,3247,100.0,3247,0,Aggiunte coordinate,2026-08,0,3247,2026-08-03,012138,L765,c_l765
LAZIO,FROSINONE,ARCE,3825,3825,100.0,3243,0,Aggiunte coordinate,2026-08,582,3825,2026-08-03,060008,A363,c_a363
CAMPANIA,AVELLINO,LACEDONIA,3230,3230,100.0,3230,0,Aggiunte coordinate,2026-08,0,3230,2026-08-03,064041,E397,c_e397
TOSCANA,PISTOIA,AGLIANA,6006,6006,100.0,3222,-3064,In calo,2026-08,2784,9070,2026-08-03,047002,A071,c_a071
VENETO,TREVISO,BREDA DI PIAVE,3224,3219,99.84,3219,4,Aggiunti civici e coordinate,2026-08,0,3220,2026-08-03,026005,B128,c_b128
LAZIO,LATINA,MONTE SAN BIAGIO,3213,3213,100.0,3209,0,Aggiunte coordinate,2026-08,4,3213,2026-08-03,059015,F616,c_f616
VENETO,BELLUNO,SEDICO,4923,4918,99.9,3203,-288,In calo,2026-08,1715,5211,2026-08-03,025053,I563,c_i563
PUGLIA,FOGGIA,SANT'AGATA DI PUGLIA,3198,3198,100.0,3198,0,Aggiunte coordinate,2026-08,0,3198,2026-08-03,071052,I193,c_i193
BASILICATA,MATERA,TURSI,3170,3170,100.0,3170,-2294,In calo,2026-08,0,5464,2026-08-03,077029,L477,c_l477
PIEMONTE,TORINO,SAN MAURIZIO CANAVESE,3169,3169,100.0,3168,2,Aggiunti civici e coordinate,2026-08,1,3167,2026-08-03,001248,I024,c_i024
SICILIA,PALERMO,CASTRONOVO DI SICILIA,3166,3166,100.0,3166,0,Aggiunte coordinate,2026-08,0,3166,2026-08-03,082025,C344,c_c344
CALABRIA,CATANZARO,SERSALE,6063,6062,99.98,3160,1,Aggiunti civici e coordinate,2026-08,2902,6062,2026-08-03,079130,I671,c_i671
LAZIO,FROSINONE,SUPINO,3110,3110,100.0,3110,0,Aggiunte coordinate,2026-08,0,3110,2026-08-03,060076,L009,c_l009
LOMBARDIA,BRESCIA,MALONNO,3105,3105,100.0,3105,-876,In calo,2026-08,0,3981,2026-08-03,017101,E865,c_e865
FRIULI VENEZIA GIULIA,UDINE,FIUMICELLO VILLA VICENTINA,3073,3073,100.0,3073,160,Aggiunti civici e coordinate,2026-08,0,2913,2026-08-03,030190,M400,c_m400
VENETO,VICENZA,QUINTO VICENTINO,3252,3252,100.0,3049,203,Aggiunti civici e coordinate,2026-08,203,3049,2026-08-03,024083,H134,c_h134
EMILIA ROMAGNA,PARMA,BEDONIA,3027,3027,100.0,3027,-1386,In calo,2026-08,0,4413,2026-08-03,034003,A731,c_a731
CAMPANIA,BENEVENTO,SAN GIORGIO DEL SANNIO,3622,3622,100.0,2998,-623,In calo,2026-08,624,4245,2026-08-03,062058,H894,c_h894
CALABRIA,COSENZA,BOCCHIGLIERO,2980,2980,100.0,2980,0,Aggiunte coordinate,2026-08,0,2980,2026-08-03,078018,A912,c_a912
LOMBARDIA,MONZA E DELLA BRIANZA,LAZZATE,2969,2969,100.0,2969,0,Aggiunte coordinate,2026-08,0,2969,2026-08-03,108025,E504,c_e504
ABRUZZO,TERAMO,CIVITELLA DEL TRONTO,2967,2967,100.0,2967,0,Aggiunte coordinate,2026-08,0,2967,2026-08-03,067017,C781,c_c781
SARDEGNA,SUD SARDEGNA,FLUMINIMAGGIORE,2947,2947,100.0,2947,0,Aggiunte coordinate,2026-08,0,2947,2026-08-03,119006,D639,c_d639
ABRUZZO,CHIETI,MIGLIANICO,2918,2918,100.0,2917,0,Aggiunte coordinate,2026-08,1,2918,2026-08-03,069050,F196,c_f196
LOMBARDIA,MONZA E DELLA BRIANZA,CORNATE D'ADDA,2897,2897,100.0,2897,0,Aggiunte coordinate,2026-08,0,2897,2026-08-03,108053,D019,c_d019
VENETO,TREVISO,SERNAGLIA DELLA BATTAGLIA,3321,3321,100.0,2882,0,Aggiunte coordinate,2026-08,439,3321,2026-08-03,026080,I635,c_i635
VENETO,VERONA,FUMANE,2878,2878,100.0,2878,0,Aggiunte coordinate,2026-08,0,2878,2026-08-03,023035,D818,c_d818
CALABRIA,CROTONE,CIRÒ,2856,2856,100.0,2856,0,Aggiunte coordinate,2026-08,0,2856,2026-08-03,101007,C725,c_c725
LOMBARDIA,MANTOVA,MEDOLE,3766,3766,100.0,2829,0,Aggiunte coordinate,2026-08,937,3766,2026-08-03,020034,F086,c_f086
CAMPANIA,AVELLINO,NUSCO,2793,2793,100.0,2793,-74,In calo,2026-08,0,2867,2026-08-03,064066,F988,C_F988
SICILIA,MESSINA,LONGI,2783,2783,100.0,2783,0,Aggiunte coordinate,2026-08,0,2783,2026-08-03,083042,E674,c_e674
CALABRIA,CATANZARO,PETRONÀ,2803,2803,100.0,2782,-2,In calo,2026-08,21,2805,2026-08-03,079095,G518,c_g518
ABRUZZO,CHIETI,ORSOGNA,2768,2768,100.0,2767,527,Aggiunti civici e coordinate,2026-08,1,2241,2026-08-03,069057,G128,c_g128
LOMBARDIA,BERGAMO,CAPRIATE SAN GERVASIO,2718,2718,100.0,2718,0,Aggiunte coordinate,2026-08,0,2718,2026-08-03,016051,B703,c_b703
VENETO,TREVISO,TARZO,2703,2703,100.0,2697,0,Aggiunte coordinate,2026-08,6,2703,2026-08-03,026084,L058,c_l058
UMBRIA,PERUGIA,CITERNA,2694,2694,100.0,2694,21,Aggiunti civici e coordinate,2026-08,0,2673,2026-08-03,054011,C742,c_c742
LOMBARDIA,MANTOVA,DOSOLO,2698,2698,100.0,2692,2,Aggiunti civici e coordinate,2026-08,6,2696,2026-08-03,020022,D351,c_d351
VENETO,TREVISO,MASERADA SUL PIAVE,3874,3874,100.0,2692,0,Aggiunte coordinate,2026-08,1182,3874,2026-08-03,026040,F012,c_f012
CALABRIA,REGGIO CALABRIA,CARERI,2668,2668,100.0,2668,1,Aggiunti civici e coordinate,2026-08,0,2667,2026-08-03,080023,B766,c_b766
PUGLIA,FOGGIA,CARAPELLE,2661,2661,100.0,2661,-384,In calo,2026-08,0,3045,2026-08-03,071010,B724,c_b724
LIGURIA,SAVONA,SASSELLO,2629,2629,100.0,2629,0,Aggiunte coordinate,2026-08,0,2629,2026-08-03,009055,I453,c_i453
LAZIO,FROSINONE,RIPI,2619,2618,99.96,2618,0,Aggiunte coordinate,2026-08,0,2619,2026-08-03,060058,H324,c_h324
CAMPANIA,SALERNO,OGLIASTRO CILENTO,2607,2607,100.0,2607,-63,In calo,2026-08,0,2670,2026-08-03,065081,G011,c_g011
TOSCANA,MASSA-CARRARA,FOSDINOVO,2591,2591,100.0,2591,-114,In calo,2026-08,0,2705,2026-08-03,045008,D735,c_d735
LAZIO,RIETI,PESCOROCCHIANO,2575,2575,100.0,2575,0,Aggiunte coordinate,2026-08,0,2575,2026-08-03,057049,G498,c_g498
CAMPANIA,AVELLINO,PATERNOPOLI,2609,2609,100.0,2550,0,Aggiunte coordinate,2026-08,59,2609,2026-08-03,064070,G370,c_g370
CAMPANIA,AVELLINO,MONTEMILETTO,2521,2521,100.0,2521,0,Aggiunte coordinate,2026-08,0,2521,2026-08-03,064059,F566,c_f566
LOMBARDIA,BERGAMO,VERDELLO,2517,2517,100.0,2517,-184,In calo,2026-08,0,2701,2026-08-03,016233,L753,c_l753
SICILIA,MESSINA,MILITELLO ROSMARINO,2506,2506,100.0,2506,0,Aggiunte coordinate,2026-08,0,2506,2026-08-03,083050,F210,c_f210
SARDEGNA,SASSARI,VIDDALBA,2482,2482,100.0,2482,0,Aggiunte coordinate,2026-08,0,2482,2026-08-03,112065,M259,c_m259
TOSCANA,FIRENZE,DICOMANO,2477,2477,100.0,2477,-198,In calo,2026-08,0,2675,2026-08-03,048013,D299,c_d299
EMILIA ROMAGNA,REGGIO EMILIA,VEZZANO SUL CROSTOLO,2471,2471,100.0,2471,0,Aggiunte coordinate,2026-08,0,2471,2026-08-03,035043,L820,c_l820
MARCHE,ASCOLI PICENO,RIPATRANSONE,2441,2441,100.0,2441,62,Aggiunti civici e coordinate,2026-08,0,2379,2026-08-03,044063,H321,c_h321
LAZIO,RIETI,MONTOPOLI DI SABINA,2397,2397,100.0,2397,0,Aggiunte coordinate,2026-08,0,2397,2026-08-03,057044,F687,c_f687
SARDEGNA,NUORO,GALTELLÌ,2396,2396,100.0,2396,0,Aggiunte coordinate,2026-08,0,2396,2026-08-03,114015,D888,c_d888
EMILIA ROMAGNA,PIACENZA,CASTELVETRO PIACENTINO,2397,2397,100.0,2395,0,Aggiunte coordinate,2026-08,2,2397,2026-08-03,033014,C288,c_c288
SARDEGNA,SASSARI,SAN TEODORO,2394,2394,100.0,2394,-1085,In calo,2026-08,0,3479,2026-08-03,113021,I329,c_i32k
CALABRIA,REGGIO CALABRIA,GIFFONE,2387,2387,100.0,2387,0,Aggiunte coordinate,2026-08,0,2387,2026-08-03,080037,E025,c_e025
EMILIA ROMAGNA,PARMA,SAN SECONDO PARMENSE,2378,2378,100.0,2378,0,Aggiunte coordinate,2026-08,0,2378,2026-08-03,034033,I153,c_i153
LOMBARDIA,BERGAMO,CISANO BERGAMASCO,2414,2414,100.0,2377,0,Aggiunte coordinate,2026-08,37,2414,2026-08-03,016074,C728,c_c728
TOSCANA,MASSA-CARRARA,BAGNONE,2379,2379,100.0,2371,-97,In calo,2026-08,8,2476,2026-08-03,045002,A576,c_a576
LAZIO,FROSINONE,MOROLO,2364,2364,100.0,2364,0,Aggiunte coordinate,2026-08,0,2364,2026-08-03,060045,F740,c_f740
VENETO,BELLUNO,CESIOMAGGIORE,2361,2360,99.96,2356,1,Aggiunti civici e coordinate,2026-08,4,2360,2026-08-03,025011,C577,c_c577
TOSCANA,GROSSETO,SCANSANO,2406,2353,97.8,2353,-1026,In calo,2026-08,0,3432,2026-08-03,053023,I504,c_i504
PIEMONTE,ASTI,CASTAGNOLE DELLE LANZE,2352,2352,100.0,2352,0,Aggiunte coordinate,2026-08,0,2352,2026-08-03,005022,C049,c_c049
LIGURIA,GENOVA,BORZONASCA,2346,2346,100.0,2346,0,Aggiunte coordinate,2026-08,0,2346,2026-08-03,010005,B067,c_b067
BASILICATA,POTENZA,LAGONEGRO,2340,2340,100.0,2340,0,Aggiunte coordinate,2026-08,0,2340,2026-08-03,076039,E409,c_e409
SICILIA,PALERMO,SANTA FLAVIA,5561,5561,100.0,2337,-36,In calo,2026-08,3224,5597,2026-08-03,082067,I188,c_i188
MOLISE,ISERNIA,AGNONE,4625,4625,100.0,2334,2,Aggiunti civici e coordinate,2026-08,2291,4623,2026-08-03,094002,A080,c_a081
MOLISE,CAMPOBASSO,TORO,2334,2334,100.0,2334,-1994,In calo,2026-08,0,4328,2026-08-03,070080,L230,c_l230
CALABRIA,REGGIO CALABRIA,MOLOCHIO,2323,2323,100.0,2323,0,Aggiunte coordinate,2026-08,0,2323,2026-08-03,080051,F301,c_f301
PIEMONTE,CUNEO,CARRÙ,2316,2316,100.0,2316,-35,In calo,2026-08,0,2351,2026-08-03,004043,B841,c_b841
VENETO,BELLUNO,PEDAVENA,2547,2547,100.0,2315,1,Aggiunti civici e coordinate,2026-08,232,2546,2026-08-03,025036,G404,c_g404
LOMBARDIA,CREMONA,PALAZZO PIGNANO,2329,2295,98.54,2295,34,Aggiunti civici e coordinate,2026-08,0,2295,2026-08-03,019066,G260,c_g260
CAMPANIA,SALERNO,VIETRI SUL MARE,2291,2291,100.0,2291,0,Aggiunte coordinate,2026-08,0,2291,2026-08-03,065157,L860,c_l860
EMILIA ROMAGNA,RIMINI,SAN GIOVANNI IN MARIGNANO,5664,5108,90.18,2285,-167,In calo,2026-08,2823,5831,2026-08-03,099017,H921,c_h921
CAMPANIA,BENEVENTO,PADULI,2285,2285,100.0,2285,-410,In calo,2026-08,0,2695,2026-08-03,062045,G227,c_g227
LOMBARDIA,VARESE,ORIGGIO,2283,2283,100.0,2283,-75,In calo,2026-08,0,2358,2026-08-03,012109,G103,c_g103
MARCHE,FERMO,MONTEGIORGIO,2245,2245,100.0,2245,-158,In calo,2026-08,0,2403,2026-08-03,109017,F520,c_f520
LOMBARDIA,CREMONA,VAIANO CREMASCO,2234,2234,100.0,2234,-159,In calo,2026-08,0,2393,2026-08-03,019111,L535,c_l535
CALABRIA,VIBO VALENTIA,SIMBARIO,2224,2224,100.0,2224,0,Aggiunte coordinate,2026-08,0,2224,2026-08-03,102038,I744,c_i744
CAMPANIA,NAPOLI,SANTA MARIA LA CARITÀ,2938,2938,100.0,2217,0,Aggiunte coordinate,2026-08,721,2938,2026-08-03,063090,M273,c_m273
VENETO,TREVISO,MIANE,2215,2215,100.0,2215,0,Aggiunte coordinate,2026-08,0,2215,2026-08-03,026042,F190,c_f190
CAMPANIA,BENEVENTO,LIMATOLA,2210,2210,100.0,2199,-118,In calo,2026-08,11,2328,2026-08-03,062038,E589,C_E589
TOSCANA,AREZZO,CASTEL FOCOGNANO,2161,2161,100.0,2161,31,Aggiunti civici e coordinate,2026-08,0,2130,2026-08-03,051008,C102,c_c102
LIGURIA,GENOVA,BARGAGLI,2160,2160,100.0,2160,0,Aggiunte coordinate,2026-08,0,2160,2026-08-03,010003,A658,c_a658
MOLISE,CAMPOBASSO,SANT'ELIA A PIANISI,2261,2115,93.54,2115,-148,In calo,2026-08,0,2409,2026-08-03,070074,I320,c_i320
PIEMONTE,NOVARA,ARMENO,2095,2095,100.0,2094,-41,In calo,2026-08,1,2136,2026-08-03,003006,A414,c_a414
CAMPANIA,AVELLINO,MONTEMARANO,3519,3519,100.0,2087,-508,In calo,2026-08,1432,4027,2026-08-03,064058,F559,c_f559
ABRUZZO,CHIETI,MOZZAGROGNA,2077,2077,100.0,2077,-342,In calo,2026-08,0,2419,2026-08-03,069056,F785,c_f785
LOMBARDIA,PAVIA,ROMAGNESE,2065,2065,100.0,2065,-33,In calo,2026-08,0,2098,2026-08-03,018128,H505,c_h505
CAMPANIA,CASERTA,ROCCA D'EVANDRO,2064,2064,100.0,2063,0,Aggiunte coordinate,2026-08,1,2064,2026-08-03,061069,H398,c_h398
LOMBARDIA,PAVIA,MONTEBELLO DELLA BATTAGLIA,2060,2060,100.0,2060,0,Aggiunte coordinate,2026-08,0,2060,2026-08-03,018095,F440,c_f440
EMILIA ROMAGNA,FORLI,CASTROCARO TERME E TERRA DEL SOLE,3726,3726,100.0,2051,-42,In calo,2026-08,1675,3768,2026-08-03,040005,C339,c_c339
TRENTINO ALTO ADIGE,TRENTO,BORGO D'ANAUNIA,2021,2021,100.0,2021,0,Aggiunte coordinate,2026-08,0,2021,2026-08-03,022252,M429,c_M429
VENETO,TREVISO,CAVASO DEL TOMBA,2015,2015,100.0,2015,0,Aggiunte coordinate,2026-08,0,2015,2026-08-03,026014,C384,c_c384
LOMBARDIA,MILANO,OSSONA,2004,2004,100.0,2004,0,Aggiunte coordinate,2026-08,0,2004,2026-08-03,015164,G181,c_g181
SICILIA,MESSINA,MOTTA CAMASTRA,2000,2000,100.0,2000,0,Aggiunte coordinate,2026-08,0,2000,2026-08-03,083058,F772,c_f772
MARCHE,FERMO,MONTERUBBIANO,1997,1997,100.0,1997,-38,In calo,2026-08,0,2035,2026-08-03,109022,F614,c_f614
CAMPANIA,SALERNO,PERDIFUMO,1993,1993,100.0,1993,0,Aggiunte coordinate,2026-08,0,1993,2026-08-03,065091,G447,c_g447
LAZIO,FROSINONE,FONTANA LIRI,1973,1973,100.0,1973,0,Aggiunte coordinate,2026-08,0,1973,2026-08-03,060036,D667,c_d667
CAMPANIA,AVELLINO,BAIANO,1968,1968,100.0,1968,-783,In calo,2026-08,0,2751,2026-08-03,064010,A580,c_a580
MARCHE,FERMO,ALTIDONA,1958,1958,100.0,1958,-334,In calo,2026-08,0,2292,2026-08-03,109001,A233,c_a233
ABRUZZO,PESCARA,PIANELLA,1956,1956,100.0,1955,-1375,In calo,2026-08,1,3331,2026-08-03,068030,G555,c_g555
LIGURIA,GENOVA,DAVAGNA,1952,1952,100.0,1952,0,Aggiunte coordinate,2026-08,0,1952,2026-08-03,010021,D255,c_d255
VENETO,BELLUNO,SEREN DEL GRAPPA,1943,1943,100.0,1943,0,Aggiunte coordinate,2026-08,0,1943,2026-08-03,025055,I626,c_i626
SICILIA,CATANIA,MILO,1932,1932,100.0,1932,0,Aggiunte coordinate,2026-08,0,1932,2026-08-03,087026,F214,c_f214
CAMPANIA,CASERTA,FALCIANO DEL MASSICO,1916,1916,100.0,1916,-789,In calo,2026-08,0,2705,2026-08-03,061101,D471,c_d471
CALABRIA,COSENZA,APRIGLIANO,1908,1908,100.0,1908,0,Aggiunte coordinate,2026-08,0,1908,2026-08-03,078012,A340,c_a340
EMILIA ROMAGNA,MODENA,LAMA MOCOGNO,4471,4471,100.0,1908,-15,In calo,2026-08,2563,4486,2026-08-03,036018,E426,c_e426
EMILIA ROMAGNA,PIACENZA,PIANELLO VAL TIDONE,1905,1905,100.0,1905,-128,In calo,2026-08,0,2033,2026-08-03,033033,G557,c_g557
LOMBARDIA,LECCO,BELLANO,1929,1929,100.0,1852,563,Aggiunti civici e coordinate,2026-08,77,1366,2026-08-03,097008,A745,c_a745
ABRUZZO,CHIETI,TORREVECCHIA TEATINA,1817,1817,100.0,1817,0,Aggiunte coordinate,2026-08,0,1817,2026-08-03,069094,L284,c_l284
LAZIO,LATINA,LENOLA,1807,1807,100.0,1807,0,Aggiunte coordinate,2026-08,0,1807,2026-08-03,059012,E527,c_e527
ABRUZZO,CHIETI,GISSI,1812,1812,100.0,1807,-4,In calo,2026-08,5,1816,2026-08-03,069041,E052,c_e052
CAMPANIA,SALERNO,SAN CIPRIANO PICENTINO,3081,3081,100.0,1806,10,Aggiunti civici e coordinate,2026-08,1275,3071,2026-08-03,065118,H800,c_m800
CAMPANIA,CASERTA,MIGNANO MONTE LUNGO,1802,1802,100.0,1802,-504,In calo,2026-08,0,2306,2026-08-03,061051,F203,c_f203
VENETO,BELLUNO,SOVRAMONTE,1793,1793,100.0,1793,-165,In calo,2026-08,0,1958,2026-08-03,025058,I673,c_i673
UMBRIA,PERUGIA,BEVAGNA,3077,3077,100.0,1773,-60,In calo,2026-08,1304,3137,2026-08-03,054004,A835,c_a835
CALABRIA,COSENZA,SANGINETO,1771,1771,100.0,1771,0,Aggiunte coordinate,2026-08,0,1771,2026-08-03,078117,H877,c_h877
EMILIA ROMAGNA,RIMINI,SAN LEO,1773,1773,100.0,1754,-9,In calo,2026-08,19,1782,2026-08-03,099025,H949,c_h949
CALABRIA,REGGIO CALABRIA,BOVA MARINA,1748,1748,100.0,1748,0,Aggiunte coordinate,2026-08,0,1748,2026-08-03,080013,B099,c_b099
CALABRIA,CATANZARO,LAMEZIA TERME,22757,22757,100.0,1747,0,Aggiunte coordinate,2026-08,21010,22757,2026-08-03,079160,M208,c_m208
LAZIO,RIETI,CANTALICE,1738,1738,100.0,1738,0,Aggiunte coordinate,2026-08,0,1738,2026-08-03,057009,B627,c_b627
CAMPANIA,NAPOLI,BOSCOREALE,11284,11284,100.0,1737,178,Aggiunti civici e coordinate,2026-08,9547,11106,2026-08-03,063008,B076,c_b076
LOMBARDIA,BRESCIA,TEMÙ,1923,1923,100.0,1732,-155,In calo,2026-08,191,2078,2026-08-03,017184,L094,c_l094
LOMBARDIA,BERGAMO,PONTERANICA,1735,1729,99.65,1729,6,Aggiunti civici e coordinate,2026-08,0,1729,2026-08-03,016169,G853,c_g853
CAMPANIA,AVELLINO,AIELLO DEL SABATO,1729,1729,100.0,1729,0,Aggiunte coordinate,2026-08,0,1729,2026-08-03,064001,A101,c_a101
PIEMONTE,ASTI,MONTIGLIO MONFERRATO,1725,1725,100.0,1705,-5,In calo,2026-08,20,1730,2026-08-03,005121,M302,c_m302
ABRUZZO,CHIETI,PIZZOFERRATO,1691,1691,100.0,1691,-118,In calo,2026-08,0,1809,2026-08-03,069066,G724,c_g724
LAZIO,FROSINONE,POSTA FIBRENO,1690,1690,100.0,1690,-13,In calo,2026-08,0,1703,2026-08-03,060057,G935,c_g935
SICILIA,SIRACUSA,CASSARO,1688,1688,100.0,1688,0,Aggiunte coordinate,2026-08,0,1688,2026-08-03,089007,C006,c_c006
VENETO,VICENZA,SAN VITO DI LEGUZZANO,1664,1664,100.0,1664,0,Aggiunte coordinate,2026-08,0,1664,2026-08-03,024096,I401,c_i401
CAMPANIA,SALERNO,RAVELLO,1656,1656,100.0,1656,0,Aggiunte coordinate,2026-08,0,1656,2026-08-03,065104,H198,c_h198
TOSCANA,PISTOIA,CHIESINA UZZANESE,2269,2267,99.91,1646,241,Aggiunti civici e coordinate,2026-08,621,2028,2026-08-03,047022,C631,c_c631
LAZIO,FROSINONE,SANT'APOLLINARE,1645,1645,100.0,1645,-25,In calo,2026-08,0,1670,2026-08-03,060067,I302,c_i302
LOMBARDIA,BRESCIA,GAMBARA,1634,1634,100.0,1634,-2,In calo,2026-08,0,1636,2026-08-03,017073,D891,c_d891
CALABRIA,CATANZARO,MONTAURO,1624,1624,100.0,1624,-2143,In calo,2026-08,0,3767,2026-08-03,079080,F432,c_f432
CAMPANIA,BENEVENTO,COLLE SANNITA,1613,1613,100.0,1613,-887,In calo,2026-08,0,2500,2026-08-03,062025,C846,c_c846
CALABRIA,REGGIO CALABRIA,GERACE,1662,1611,96.93,1611,21,Aggiunti civici e coordinate,2026-08,0,1641,2026-08-03,080036,D975,c_d975
CAMPANIA,AVELLINO,DOMICELLA,1643,1643,100.0,1604,573,Aggiunti civici e coordinate,2026-08,39,1070,2026-08-03,064031,D331,c_d331
LOMBARDIA,LECCO,CASARGO,1845,1845,100.0,1600,647,Aggiunti civici e coordinate,2026-08,245,1198,2026-08-03,097015,B937,c_b937
LAZIO,LATINA,NORMA,1599,1599,100.0,1599,0,Aggiunte coordinate,2026-08,0,1599,2026-08-03,059016,F937,c_f937
VENETO,BELLUNO,COMELICO SUPERIORE,1577,1577,100.0,1577,-33,In calo,2026-08,0,1610,2026-08-03,025015,C920,c_c920
LOMBARDIA,VARESE,GOLASECCA,1564,1564,100.0,1564,0,Aggiunte coordinate,2026-08,0,1564,2026-08-03,012077,E079,c_e079
MOLISE,ISERNIA,ISERNIA,4761,4760,99.98,1564,-311,In calo,2026-08,3196,5072,2026-08-03,094023,E335,c_e335
CALABRIA,COSENZA,MALVITO,1558,1558,100.0,1558,0,Aggiunte coordinate,2026-08,0,1558,2026-08-03,078073,E872,c_e872
LOMBARDIA,PAVIA,PIEVE PORTO MORONE,1574,1574,100.0,1554,-51,In calo,2026-08,20,1625,2026-08-03,018114,G650,c_g650
PUGLIA,TARANTO,GROTTAGLIE,20660,20660,100.0,1542,1000,Aggiunti civici e coordinate,2026-08,19118,19660,2026-08-03,073008,E205,c_e205
PUGLIA,FOGGIA,ZAPPONETA,1536,1536,100.0,1536,-200,In calo,2026-08,0,1736,2026-08-03,071064,M267,c_m267
LOMBARDIA,MANTOVA,MOTTEGGIANA,1537,1537,100.0,1535,-4,In calo,2026-08,2,1541,2026-08-03,020037,B012,C_B012
CAMPANIA,SALERNO,SANTA MARINA,2551,2551,100.0,1516,0,Aggiunte coordinate,2026-08,1035,2551,2026-08-03,065127,I253,c_l253
ABRUZZO,CHIETI,SAN BUONO,1522,1522,100.0,1515,-5,In calo,2026-08,7,1527,2026-08-03,069079,H784,c_h784
VENETO,TREVISO,REVINE LAGO,1532,1532,100.0,1508,-67,In calo,2026-08,24,1599,2026-08-03,026067,H253,c_h253
LAZIO,RIETI,CASAPROTA,1506,1503,99.8,1501,4,Aggiunti civici e coordinate,2026-08,2,1502,2026-08-03,057011,B934,c_b934
EMILIA ROMAGNA,FORLI,CIVITELLA DI ROMAGNA,2463,2463,100.0,1498,0,Aggiunte coordinate,2026-08,965,2463,2026-08-03,040009,C777,c_c777
LAZIO,RIETI,POGGIO CATINO,1496,1496,100.0,1496,0,Aggiunte coordinate,2026-08,0,1496,2026-08-03,057052,G757,c_g757
CAMPANIA,CASERTA,BAIA E LATINA,1494,1494,100.0,1494,-914,In calo,2026-08,0,2408,2026-08-03,061006,A579,C_A579
PIEMONTE,VERBANO-CUSIO-OSSOLA,VALLE CANNOBINA,1587,1587,100.0,1486,0,Aggiunte coordinate,2026-08,101,1587,2026-08-03,103079,M404,c_m404
MOLISE,CAMPOBASSO,ROTELLO,1487,1487,100.0,1486,-1148,In calo,2026-08,1,2635,2026-08-03,070061,H589,c_h589
PUGLIA,LECCE,SURANO,1448,1448,100.0,1448,0,Aggiunte coordinate,2026-08,0,1448,2026-08-03,075082,L010,c_l010
CAMPANIA,SALERNO,CELLE DI BULGHERIA,1431,1431,100.0,1431,0,Aggiunte coordinate,2026-08,0,1431,2026-08-03,065038,C444,c_c444
LAZIO,ROMA,ANTICOLI CORRADO,1430,1430,100.0,1430,-5,In calo,2026-08,0,1435,2026-08-03,058006,A309,c_a309
LOMBARDIA,VARESE,LAVENO-MOMBELLO,3722,3722,100.0,1424,0,Aggiunte coordinate,2026-08,2298,3722,2026-08-03,012087,E496,c_e496
SARDEGNA,NUORO,ARZANA,1428,1428,100.0,1423,0,Aggiunte coordinate,2026-08,5,1428,2026-08-03,116001,A454,c_a454
MOLISE,ISERNIA,PESCHE,1429,1429,100.0,1422,0,Aggiunte coordinate,2026-08,7,1429,2026-08-03,094031,G486,c_g486
CAMPANIA,CASERTA,PIEDIMONTE MATESE,6704,3869,57.71,1413,4248,Aggiunti civici e coordinate,2026-08,2456,2456,2026-08-03,061057,G596,c_g596
LIGURIA,GENOVA,TIGLIETO,1413,1413,100.0,1413,0,Aggiunte coordinate,2026-08,0,1413,2026-08-03,010061,L167,c_l167
EMILIA ROMAGNA,PIACENZA,COLI,1409,1409,100.0,1409,7,Aggiunti civici e coordinate,2026-08,0,1402,2026-08-03,033016,C838,c_c838
MARCHE,FERMO,CAMPOFILONE,1403,1403,100.0,1403,0,Aggiunte coordinate,2026-08,0,1403,2026-08-03,109004,B534,c_b534
CAMPANIA,AVELLINO,PAGO DEL VALLO DI LAURO,1401,1401,100.0,1400,0,Aggiunte coordinate,2026-08,1,1401,2026-08-03,064068,G242,c_g242
LAZIO,RIETI,LONGONE SABINO,1389,1389,100.0,1389,0,Aggiunte coordinate,2026-08,0,1389,2026-08-03,057034,E681,c_e681
TOSCANA,MASSA-CARRARA,CASOLA IN LUNIGIANA,1389,1389,100.0,1389,0,Aggiunte coordinate,2026-08,0,1389,2026-08-03,045004,B979,c_b979
SICILIA,MESSINA,MESSINA,65949,1365,2.07,1365,886,Aggiunti civici e coordinate,2026-08,0,65063,2026-08-03,083048,F158,c_f158
LOMBARDIA,BRESCIA,AZZANO MELLA,1365,1363,99.85,1363,2,Aggiunti civici e coordinate,2026-08,0,1363,2026-08-03,017008,A529,c_a529
PIEMONTE,CUNEO,FRABOSA SOPRANA,1352,1352,100.0,1352,0,Aggiunte coordinate,2026-08,0,1352,2026-08-03,004090,D751,c_d751
FRIULI VENEZIA GIULIA,UDINE,ARTA TERME,1349,1349,100.0,1349,-1000,In calo,2026-08,0,2349,2026-08-03,030005,A447,c_a447
LAZIO,VITERBO,ONANO,1406,1406,100.0,1344,0,Aggiunte coordinate,2026-08,62,1406,2026-08-03,056040,G065,c_g065
LOMBARDIA,MANTOVA,PONTI SUL MINCIO,2007,2007,100.0,1342,0,Aggiunte coordinate,2026-08,665,2007,2026-08-03,020044,G862,c_g862
CALABRIA,CATANZARO,MARTIRANO LOMBARDO,1341,1341,100.0,1341,0,Aggiunte coordinate,2026-08,0,1341,2026-08-03,079074,E991,c_e991
ABRUZZO,AQUILA,VILLA SANTA LUCIA DEGLI ABRUZZI,1337,1337,100.0,1336,0,Aggiunte coordinate,2026-08,1,1337,2026-08-03,066104,M021,c_m021
VENETO,TREVISO,POSSAGNO,1308,1308,100.0,1308,-145,In calo,2026-08,0,1453,2026-08-03,026061,G933,c_g933
VENETO,PADOVA,CINTO EUGANEO,1281,1281,100.0,1281,-69,In calo,2026-08,0,1350,2026-08-03,028031,C713,c_c713
ABRUZZO,CHIETI,CIVITELLA MESSER RAIMONDO,1276,1276,100.0,1276,-115,In calo,2026-08,0,1391,2026-08-03,069024,C776,c_c776
EMILIA ROMAGNA,RIMINI,SANT'AGATA FELTRIA,1270,1270,100.0,1270,-133,In calo,2026-08,0,1403,2026-08-03,099026,I201,c_i201
MOLISE,ISERNIA,RIONERO SANNITICO,1257,1257,100.0,1257,0,Aggiunte coordinate,2026-08,0,1257,2026-08-03,094039,H308,c_h308
MOLISE,ISERNIA,MACCHIAGODENA,1253,1253,100.0,1253,657,Aggiunti civici e coordinate,2026-08,0,596,2026-08-03,094026,E779,c_e779
EMILIA ROMAGNA,FORLI,GALEATA,1250,1250,100.0,1250,0,Aggiunte coordinate,2026-08,0,1250,2026-08-03,040014,D867,c_d867
MOLISE,CAMPOBASSO,RIPALIMOSANI,1250,1250,100.0,1250,-190,In calo,2026-08,0,1440,2026-08-03,070059,H313,c_h313
LAZIO,RIETI,FORANO,1234,1234,100.0,1234,0,Aggiunte coordinate,2026-08,0,1234,2026-08-03,057029,D689,c_d689
CAMPANIA,SALERNO,SESSA CILENTO,1245,1245,100.0,1232,-116,In calo,2026-08,13,1361,2026-08-03,065141,I677,c_i677
PIEMONTE,ALESSANDRIA,FELIZZANO,1217,1216,99.92,1216,-8,In calo,2026-08,0,1225,2026-08-03,006068,D528,c_d528
BASILICATA,POTENZA,SAN COSTANTINO ALBANESE,1207,1207,100.0,1207,0,Aggiunte coordinate,2026-08,0,1207,2026-08-03,076075,H808,c_h808
PIEMONTE,TORINO,MATHI,1197,1197,100.0,1197,-33,In calo,2026-08,0,1230,2026-08-03,001146,F053,c_f053
VENETO,BELLUNO,CHIES D'ALPAGO,1196,1196,100.0,1196,0,Aggiunte coordinate,2026-08,0,1196,2026-08-03,025012,C630,c_c630
CAMPANIA,SALERNO,CICERALE,1186,1186,100.0,1186,-364,In calo,2026-08,0,1550,2026-08-03,065042,C676,c_c676
VENETO,VICENZA,POVE DEL GRAPPA,1910,1888,98.85,1168,-45,In calo,2026-08,720,1955,2026-08-03,024081,G943,c_g943
ABRUZZO,TERAMO,CELLINO ATTANASIO,1170,1170,100.0,1168,-914,In calo,2026-08,2,2084,2026-08-03,067015,C449,c_3rhm
ABRUZZO,CHIETI,CASALANGUIDA,1224,1166,95.26,1166,58,Aggiunti civici e coordinate,2026-08,0,1166,2026-08-03,069014,B861,c_b861
MOLISE,CAMPOBASSO,TORELLA DEL SANNIO,1155,1155,100.0,1155,-121,In calo,2026-08,0,1276,2026-08-03,070079,L215,c_l215
LOMBARDIA,BERGAMO,PONTIROLO NUOVO,1154,1154,100.0,1154,-689,In calo,2026-08,0,1843,2026-08-03,016172,G867,c_g867
CAMPANIA,SALERNO,TORRACA,1153,1153,100.0,1152,-63,In calo,2026-08,1,1216,2026-08-03,065148,L233,c_l233
PIEMONTE,TORINO,CHIOMONTE,1148,1147,99.91,1147,26,Aggiunti civici e coordinate,2026-08,0,1122,2026-08-03,001080,C639,c_c639
PIEMONTE,CUNEO,ROCCA DE' BALDI,1169,1169,100.0,1145,-9,In calo,2026-08,24,1178,2026-08-03,004189,H395,c_h395
MARCHE,ASCOLI PICENO,VENAROTTA,1144,1144,100.0,1144,65,Aggiunti civici e coordinate,2026-08,0,1079,2026-08-03,044073,L728,c_l728
PIEMONTE,VERBANO-CUSIO-OSSOLA,GIGNESE,1138,1138,100.0,1136,-40,In calo,2026-08,2,1178,2026-08-03,103034,E028,c_e028
PIEMONTE,CUNEO,VEZZA D'ALBA,1122,1122,100.0,1122,-3,In calo,2026-08,0,1125,2026-08-03,004241,L817,c_l817
CAMPANIA,SALERNO,MOIO DELLA CIVITELLA,1116,1116,100.0,1116,0,Aggiunte coordinate,2026-08,0,1116,2026-08-03,065069,F278,c_f278
PIEMONTE,TORINO,PIVERONE,1098,1098,100.0,1098,-49,In calo,2026-08,0,1147,2026-08-03,001196,G719,c_g719
LOMBARDIA,MILANO,SAN DONATO MILANESE,2870,2870,100.0,1089,-109,In calo,2026-08,1781,2979,2026-08-03,015192,H827,c_h827
LAZIO,FROSINONE,PICO,1075,1075,100.0,1075,0,Aggiunte coordinate,2026-08,0,1075,2026-08-03,060051,G592,c_g592
ABRUZZO,CHIETI,CANOSA SANNITA,1068,1068,100.0,1065,-120,In calo,2026-08,3,1188,2026-08-03,069010,B620,c_b620
ABRUZZO,CHIETI,FRESAGRANDINARIA,1068,1068,100.0,1064,-123,In calo,2026-08,4,1191,2026-08-03,069036,D796,c_d796
LOMBARDIA,VARESE,CADEGLIANO-VICONAGO,1044,1044,100.0,1044,-134,In calo,2026-08,0,1178,2026-08-03,012027,B326,c_b326
VENETO,TREVISO,COLLE UMBERTO,2332,2332,100.0,1034,-24,In calo,2026-08,1298,2356,2026-08-03,026020,C848,c_c848
ABRUZZO,CHIETI,ARI,1034,1034,100.0,1034,-1677,In calo,2026-08,0,2711,2026-08-03,069003,A398,c_a398
CAMPANIA,SALERNO,POSTIGLIONE,3165,3165,100.0,1031,0,Aggiunte coordinate,2026-08,2134,3165,2026-08-03,065101,G939,c_g939
CALABRIA,COSENZA,MAIERÀ,1027,1027,100.0,1027,0,Aggiunte coordinate,2026-08,0,1027,2026-08-03,078071,E835,c_e835
PIEMONTE,TORINO,CHIAVERANO,1036,1035,99.9,1027,-7,In calo,2026-08,8,1043,2026-08-03,001077,C624,c_c624
ABRUZZO,CHIETI,PALOMBARO,1025,1025,100.0,1025,0,Aggiunte coordinate,2026-08,0,1025,2026-08-03,069062,G294,c_g294
CAMPANIA,SALERNO,PERITO,1025,1025,100.0,1025,-58,In calo,2026-08,0,1083,2026-08-03,065092,G455,c_g455
PIEMONTE,TORINO,BANCHETTE,1019,1019,100.0,1019,0,Aggiunte coordinate,2026-08,0,1019,2026-08-03,001020,A607,c_a607
CALABRIA,COSENZA,FALCONARA ALBANESE,1017,1017,100.0,1017,0,Aggiunte coordinate,2026-08,0,1017,2026-08-03,078052,D473,c_d473
CAMPANIA,SALERNO,LAURITO,1016,1016,100.0,1016,-264,In calo,2026-08,0,1280,2026-08-03,065062,E486,c_e468
VENETO,BELLUNO,SAN GREGORIO NELLE ALPI,1011,1011,100.0,1010,0,Aggiunte coordinate,2026-08,1,1011,2026-08-03,025045,H938,c_h938
ABRUZZO,CHIETI,SANTA MARIA IMBARO,1008,1008,100.0,1008,-5,In calo,2026-08,0,1013,2026-08-03,069084,I244,c_i244
UMBRIA,PERUGIA,PASSIGNANO SUL TRASIMENO,2316,2316,100.0,1007,0,Aggiunte coordinate,2026-08,1309,2316,2026-08-03,054038,G359,c_g359
TOSCANA,FIRENZE,RUFINA,3487,3487,100.0,1004,-7,In calo,2026-08,2483,3494,2026-08-03,048037,H635,c_h635
LOMBARDIA,CREMONA,GRUMELLO CREMONESE ED UNITI,1003,1003,100.0,1003,0,Aggiunte coordinate,2026-08,0,1003,2026-08-03,019051,E217,c_e217
CAMPANIA,AVELLINO,CAPRIGLIA IRPINA,1002,1002,100.0,1002,0,Aggiunte coordinate,2026-08,0,1002,2026-08-03,064018,B706,c_b706
CAMPANIA,BENEVENTO,REINO,1000,1000,100.0,1000,-1027,In calo,2026-08,0,2027,2026-08-03,062056,H227,c_i179
MARCHE,MACERATA,MACERATA,19854,19854,100.0,997,979,Aggiunti civici e coordinate,2026-08,18857,18875,2026-08-03,043023,E783,c_e783
VENETO,VENEZIA,SALZANO,4966,4961,99.9,996,-30,In calo,2026-08,3965,4996,2026-08-03,027032,H735,c_h735
VENETO,VERONA,BRENTINO BELLUNO,992,992,100.0,992,0,Aggiunte coordinate,2026-08,0,992,2026-08-03,023013,B152,c_b152
LAZIO,FROSINONE,TORRICE,4939,4939,100.0,985,0,Aggiunte coordinate,2026-08,3954,4939,2026-08-03,060079,L290,c_l290
CAMPANIA,AVELLINO,MONTEFREDANE,985,985,100.0,985,-367,In calo,2026-08,0,1352,2026-08-03,064055,F511,c_f511
LOMBARDIA,PAVIA,SANTA MARGHERITA DI STAFFORA,979,979,100.0,979,0,Aggiunte coordinate,2026-08,0,979,2026-08-03,018142,I230,c_i230
LAZIO,ROMA,MONTELANICO,976,976,100.0,976,0,Aggiunte coordinate,2026-08,0,976,2026-08-03,058062,F534,c_f534
SARDEGNA,SUD SARDEGNA,NURAGUS,975,975,100.0,975,0,Aggiunte coordinate,2026-08,0,975,2026-08-03,118030,F981,c_f981
CAMPANIA,SALERNO,LUSTRA,964,964,100.0,963,-76,In calo,2026-08,1,1040,2026-08-03,065064,E767,c_e767
CALABRIA,COSENZA,GUARDIA PIEMONTESE,962,962,100.0,962,-85,In calo,2026-08,0,1047,2026-08-03,078061,E242,c_e242
PUGLIA,FOGGIA,MONTELEONE DI PUGLIA,960,960,100.0,960,0,Aggiunte coordinate,2026-08,0,960,2026-08-03,071032,F538,c_f538
PIEMONTE,TORINO,FROSSASCO,963,963,100.0,956,1,Aggiunti civici e coordinate,2026-08,7,962,2026-08-03,001110,D812,c_d812
MARCHE,FERMO,LAPEDONA,949,949,100.0,949,0,Aggiunte coordinate,2026-08,0,949,2026-08-03,109009,E447,c_e447
PIEMONTE,ALESSANDRIA,FUBINE MONFERRATO,948,948,100.0,948,-73,In calo,2026-08,0,1021,2026-08-03,006076,D814,c_d814
CAMPANIA,SALERNO,CASALBUONO,2216,2216,100.0,946,0,Aggiunte coordinate,2026-08,1270,2216,2026-08-03,065026,B868,c_b868
CALABRIA,REGGIO CALABRIA,ROGHUDI,946,946,100.0,946,-190,In calo,2026-08,0,1136,2026-08-03,080068,H489,c_h489
LAZIO,ROMA,CAMERATA NUOVA,2361,2361,100.0,943,0,Aggiunte coordinate,2026-08,1418,2361,2026-08-03,058014,B472,c_b472
PIEMONTE,BIELLA,MASSERANO,1327,1327,100.0,930,0,Aggiunte coordinate,2026-08,397,1327,2026-08-03,096032,F042,c_f042
LOMBARDIA,PAVIA,TRAVACÒ SICCOMARIO,1315,1315,100.0,916,-207,In calo,2026-08,399,1522,2026-08-03,018162,I236,c_i236
MOLISE,CAMPOBASSO,CASTELLINO DEL BIFERNO,910,910,100.0,909,0,Aggiunte coordinate,2026-08,1,910,2026-08-03,070014,C175,c_c175
ABRUZZO,CHIETI,LISCIA,910,910,100.0,909,-102,In calo,2026-08,1,1012,2026-08-03,069049,E611,c_e611
PIEMONTE,BIELLA,CURINO,908,908,100.0,908,0,Aggiunte coordinate,2026-08,0,908,2026-08-03,096023,D219,c_d219
CALABRIA,COSENZA,SAN COSMO ALBANESE,906,906,100.0,906,0,Aggiunte coordinate,2026-08,0,906,2026-08-03,078113,H806,c_h806
PIEMONTE,ASTI,REFRANCORE,907,907,100.0,906,-84,In calo,2026-08,1,991,2026-08-03,005089,H219,c_h219
CAMPANIA,SALERNO,STIO,898,898,100.0,898,-81,In calo,2026-08,0,979,2026-08-03,065145,I960,c_i960
PIEMONTE,ALESSANDRIA,CAREZZANO,893,893,100.0,893,1,Aggiunti civici e coordinate,2026-08,0,892,2026-08-03,006032,B769,c_b769
PIEMONTE,VERCELLI,FONTANETTO PO,885,885,100.0,885,-15,In calo,2026-08,0,900,2026-08-03,002058,D676,c_d676
LOMBARDIA,PAVIA,PAVIA,21270,21270,100.0,876,503,Aggiunti civici e coordinate,2026-08,20394,20767,2026-08-03,018110,G388,c_g388
CAMPANIA,SALERNO,MORIGERATI,874,874,100.0,874,-68,In calo,2026-08,0,942,2026-08-03,065077,F731,c_f731
VENETO,ROVIGO,PONTECCHIO POLESINE,872,872,100.0,871,-160,In calo,2026-08,1,1032,2026-08-03,029038,G836,c_g836
CAMPANIA,AVELLINO,BISACCIA,4728,4728,100.0,869,-11,In calo,2026-08,3859,4739,2026-08-03,064011,A881,c_a881
LAZIO,RIETI,POSTA,1515,1515,100.0,864,0,Aggiunte coordinate,2026-08,651,1515,2026-08-03,057057,G934,c_g934
CAMPANIA,CASERTA,SPARANISE,4304,4304,100.0,860,0,Aggiunte coordinate,2026-08,3444,4304,2026-08-03,061089,I885,c_i885
CAMPANIA,CASERTA,AILANO,859,859,100.0,859,-593,In calo,2026-08,0,1452,2026-08-03,061001,A106,c_a106
LAZIO,RIETI,POGGIO SAN LORENZO,850,850,100.0,850,0,Aggiunte coordinate,2026-08,0,850,2026-08-03,057056,G770,c_g770
LOMBARDIA,PAVIA,BORGO PRIOLO,853,853,100.0,847,0,Aggiunte coordinate,2026-08,6,853,2026-08-03,018016,B028,c_b028
CAMPANIA,SALERNO,SAN MAURO LA BRUCA,845,845,100.0,845,0,Aggiunte coordinate,2026-08,0,845,2026-08-03,065124,I032,c_i032
MOLISE,CAMPOBASSO,MAFALDA,845,845,100.0,845,0,Aggiunte coordinate,2026-08,0,845,2026-08-03,070036,E799,c_e799
LOMBARDIA,MANTOVA,GUIDIZZOLO,4780,4780,100.0,844,0,Aggiunte coordinate,2026-08,3936,4780,2026-08-03,020028,E261,c_e261
ABRUZZO,AQUILA,OPI,844,844,100.0,843,661,Aggiunti civici e coordinate,2026-08,1,183,2026-08-03,066061,G079,c_g079
ABRUZZO,CHIETI,ROCCASPINALVETI,839,839,100.0,838,-530,In calo,2026-08,1,1369,2026-08-03,069076,H448,c_h448
LIGURIA,SAVONA,OSIGLIA,833,833,100.0,833,-33,In calo,2026-08,0,866,2026-08-03,009046,G155,c_g155
PIEMONTE,CUNEO,FARIGLIANO,832,832,100.0,832,-368,In calo,2026-08,0,1200,2026-08-03,004086,D499,C_D499
CAMPANIA,SALERNO,ROMAGNANO AL MONTE,828,828,100.0,828,0,Aggiunte coordinate,2026-08,0,828,2026-08-03,065110,H503,c_h503
TOSCANA,GROSSETO,ORBETELLO,8036,8035,99.99,824,824,Aggiunti civici e coordinate,2026-08,7211,7212,2026-08-03,053018,G088,c_g088
LIGURIA,GENOVA,VOBBIA,816,816,100.0,816,-219,In calo,2026-08,0,1035,2026-08-03,010066,M105,c_m105
ABRUZZO,CHIETI,FALLO,814,814,100.0,813,0,Aggiunte coordinate,2026-08,1,814,2026-08-03,069104,D480,c_d480
LOMBARDIA,COMO,CUCCIAGO,806,806,100.0,806,-7,In calo,2026-08,0,813,2026-08-03,013084,D196,c_d196
LOMBARDIA,PAVIA,BORGARELLO,801,801,100.0,801,-1,In calo,2026-08,0,802,2026-08-03,018015,A989,c_a989
SARDEGNA,NUORO,LEI,800,800,100.0,800,0,Aggiunte coordinate,2026-08,0,800,2026-08-03,114018,E517,c_e517
MARCHE,ASCOLI PICENO,ROTELLA,1275,1275,100.0,780,318,Aggiunti civici e coordinate,2026-08,495,957,2026-08-03,044065,H588,c_h588
LOMBARDIA,PAVIA,CODEVILLA,774,774,100.0,774,-9,In calo,2026-08,0,783,2026-08-03,018051,C813,c_c813
PIEMONTE,CUNEO,MONTEROSSO GRANA,768,768,100.0,768,-97,In calo,2026-08,0,865,2026-08-03,004139,F608,c_f608
MARCHE,FERMO,MONTEFALCONE APPENNINO,766,766,100.0,766,48,Aggiunti civici e coordinate,2026-08,0,718,2026-08-03,109014,F493,c_f493
MOLISE,CAMPOBASSO,GILDONE,766,766,100.0,766,0,Aggiunte coordinate,2026-08,0,766,2026-08-03,070026,E030,c_e030
CAMPANIA,SALERNO,PRIGNANO CILENTO,762,762,100.0,761,0,Aggiunte coordinate,2026-08,1,762,2026-08-03,065103,H062,c_h062
PIEMONTE,CUNEO,SANTO STEFANO ROERO,761,761,100.0,761,-72,In calo,2026-08,0,833,2026-08-03,004214,I372,c_i372
LOMBARDIA,PAVIA,PIETRA DE' GIORGI,1082,1082,100.0,759,43,Aggiunti civici e coordinate,2026-08,323,1039,2026-08-03,018111,G612,c_g612
SARDEGNA,SUD SARDEGNA,VILLAPERUCCIO,756,756,100.0,754,0,Aggiunte coordinate,2026-08,2,756,2026-08-03,119023,M278,c_m278
LIGURIA,LA SPEZIA,CARRODANO,752,752,100.0,752,0,Aggiunte coordinate,2026-08,0,752,2026-08-03,011010,B839,c_b839
SARDEGNA,SASSARI,BANARI,748,748,100.0,748,0,Aggiunte coordinate,2026-08,0,748,2026-08-03,112004,A606,c_a606
ABRUZZO,TERAMO,PENNA SANT'ANDREA,742,742,100.0,735,-75,In calo,2026-08,7,817,2026-08-03,067033,G437,c_g437
PIEMONTE,BIELLA,RONCO BIELLESE,747,747,100.0,733,-274,In calo,2026-08,14,1021,2026-08-03,096053,H538,c_h538
ABRUZZO,AQUILA,CALASCIO,731,731,100.0,731,0,Aggiunte coordinate,2026-08,0,731,2026-08-03,066014,B382,c_b382
LIGURIA,SAVONA,MALLARE,723,723,100.0,723,-317,In calo,2026-08,0,1040,2026-08-03,009036,E860,c_e860
LIGURIA,SAVONA,PIANA CRIXIA,723,723,100.0,715,-6,In calo,2026-08,8,729,2026-08-03,009048,G542,c_g542
SARDEGNA,SASSARI,ROMANA,806,806,100.0,711,0,Aggiunte coordinate,2026-08,95,806,2026-08-03,112048,H507,c_h507
CALABRIA,COSENZA,PATERNO CALABRO,705,705,100.0,705,0,Aggiunte coordinate,2026-08,0,705,2026-08-03,078094,G372,c_g372
UMBRIA,PERUGIA,PANICALE,2732,2732,100.0,700,-452,In calo,2026-08,2032,3184,2026-08-03,054037,G308,c_g308
PIEMONTE,TORINO,REANO,692,692,100.0,692,-4,In calo,2026-08,0,696,2026-08-03,001211,H207,c_h207
CAMPANIA,NAPOLI,QUALIANO,5409,5409,100.0,688,0,Aggiunte coordinate,2026-08,4721,5409,2026-08-03,063062,H101,c_h101
FRIULI VENEZIA GIULIA,UDINE,PREPOTTO,687,687,100.0,687,13,Aggiunti civici e coordinate,2026-08,0,674,2026-08-03,030085,H040,c_h040
CAMPANIA,SALERNO,ORRIA,690,690,100.0,679,-33,In calo,2026-08,11,723,2026-08-03,065085,G121,c_g121
CALABRIA,CATANZARO,SORBO SAN BASILE,1283,1283,100.0,670,0,Aggiunte coordinate,2026-08,613,1283,2026-08-03,079134,I844,c_i844
PIEMONTE,NOVARA,BOCA,662,662,100.0,662,0,Aggiunte coordinate,2026-08,0,662,2026-08-03,003019,A911,c_a911
BASILICATA,POTENZA,TRAMUTOLA,3372,3372,100.0,661,0,Aggiunte coordinate,2026-08,2711,3372,2026-08-03,076091,L326,c_l326
SICILIA,PALERMO,SCLAFANI BAGNI,647,647,100.0,647,0,Aggiunte coordinate,2026-08,0,647,2026-08-03,082069,I541,c_i541
SARDEGNA,SASSARI,PUTIFIGARI,635,635,100.0,635,-1,In calo,2026-08,0,636,2026-08-03,112047,H095,c_h095
PIEMONTE,ALESSANDRIA,FABBRICA CURONE,632,632,100.0,632,0,Aggiunte coordinate,2026-08,0,632,2026-08-03,006067,D447,c_d447
CAMPANIA,SALERNO,STELLA CILENTO,621,621,100.0,621,-36,In calo,2026-08,0,657,2026-08-03,065144,G887,c_g887
UMBRIA,PERUGIA,NORCIA,7107,7107,100.0,595,595,Aggiunti civici e coordinate,2026-08,6512,6512,2026-08-03,054035,F935,c_f935
LOMBARDIA,MILANO,BASIANO,588,588,100.0,587,0,Aggiunte coordinate,2026-08,1,588,2026-08-03,015014,A697,c_a697
ABRUZZO,CHIETI,MONTENERODOMO,574,574,100.0,573,0,Aggiunte coordinate,2026-08,1,574,2026-08-03,069054,F578,c_f578
ABRUZZO,TERAMO,VALLE CASTELLANA,566,566,100.0,566,0,Aggiunte coordinate,2026-08,0,566,2026-08-03,067046,L597,c_l597
MARCHE,ASCOLI PICENO,MASSIGNANO,562,562,100.0,562,-301,In calo,2026-08,0,863,2026-08-03,044029,F044,c_f044
LOMBARDIA,BERGAMO,RONCOLA,552,552,100.0,552,0,Aggiunte coordinate,2026-08,0,552,2026-08-03,016185,H544,c_h544
PIEMONTE,ALESSANDRIA,ODALENGO GRANDE,549,549,100.0,549,-1,In calo,2026-08,0,550,2026-08-03,006116,F997,c_f997
PIEMONTE,ALESSANDRIA,NOVI LIGURE,8394,8391,99.96,546,549,Aggiunti civici e coordinate,2026-08,7845,7845,2026-08-03,006114,F965,c_f965
CAMPANIA,CASERTA,SAN MARCELLINO,4514,4514,100.0,542,0,Aggiunte coordinate,2026-08,3972,4514,2026-08-03,061077,H978,c_h978
MOLISE,ISERNIA,CASTEL DEL GIUDICE,538,538,100.0,538,-16,In calo,2026-08,0,554,2026-08-03,094009,C082,c_c082
LAZIO,VITERBO,TESSENNANO,554,554,100.0,535,177,Aggiunti civici e coordinate,2026-08,19,377,2026-08-03,056051,L150,c_l150
LOMBARDIA,PAVIA,CASTELLETTO DI BRANDUZZO,529,529,100.0,529,-72,In calo,2026-08,0,601,2026-08-03,018038,C157,c_c157
CAMPANIA,SALERNO,ALFANO,535,535,100.0,527,-46,In calo,2026-08,8,581,2026-08-03,065004,A186,c_a186
EMILIA ROMAGNA,FERRARA,TERRE DEL RENO,5136,5136,100.0,519,-117,In calo,2026-08,4617,5253,2026-08-03,038028,M381,cdtdr
EMILIA ROMAGNA,MODENA,SERRAMAZZONI,6988,6988,100.0,516,516,Aggiunti civici e coordinate,2026-08,6472,6472,2026-08-03,036042,F357,c_f357
ABRUZZO,CHIETI,PENNADOMO,505,505,100.0,505,0,Aggiunte coordinate,2026-08,0,505,2026-08-03,069063,G434,c_g434
SICILIA,PALERMO,PETRALIA SOPRANA,7245,1242,17.14,503,-114,In calo,2026-08,739,7359,2026-08-03,082055,G510,c_g510
PUGLIA,FOGGIA,CARLANTINO,1393,1393,100.0,482,16,Aggiunti civici e coordinate,2026-08,911,1377,2026-08-03,071011,B784,c_b784
LOMBARDIA,PAVIA,CORANA,470,470,100.0,470,0,Aggiunte coordinate,2026-08,0,470,2026-08-03,018054,C982,c_c982
LAZIO,ROMA,ROMA,516287,516281,100.0,466,472,Aggiunti civici e coordinate,2026-08,515815,515815,2026-08-03,058091,H501,c_h501
MARCHE,PESARO E URBINO,ISOLA DEL PIANO,466,466,100.0,466,-15,In calo,2026-08,0,481,2026-08-03,041021,E351,c_e351
PIEMONTE,CUNEO,PRADLEVES,466,466,100.0,466,-87,In calo,2026-08,0,553,2026-08-03,004173,G970,c_g970
LIGURIA,GENOVA,REZZOAGLIO,1680,1680,100.0,465,-271,In calo,2026-08,1215,1951,2026-08-03,010048,H258,c_h258
EMILIA ROMAGNA,FORLI,SARSINA,2351,2351,100.0,464,464,Aggiunti civici e coordinate,2026-08,1887,1887,2026-08-03,040044,I444,c_i444
LOMBARDIA,BERGAMO,CUSIO,439,439,100.0,439,148,Aggiunti civici e coordinate,2026-08,0,291,2026-08-03,016090,D233,c_d233
LOMBARDIA,BERGAMO,ALGUA,438,438,100.0,438,10,Aggiunti civici e coordinate,2026-08,0,428,2026-08-03,016248,A193,c_a193
PIEMONTE,VERBANO-CUSIO-OSSOLA,MIAZZINA,439,439,100.0,438,-44,In calo,2026-08,1,483,2026-08-03,103045,F192,c_f192
PIEMONTE,CUNEO,PRIERO,434,434,100.0,434,-5,In calo,2026-08,0,439,2026-08-03,004175,H059,c_h059
SICILIA,PALERMO,USTICA,428,428,100.0,428,0,Aggiunte coordinate,2026-08,0,428,2026-08-03,082075,L519,c_b9ow
LOMBARDIA,PAVIA,VERRETTO,424,424,100.0,424,0,Aggiunte coordinate,2026-08,0,424,2026-08-03,018174,L784,c_l784
SARDEGNA,CITTA' METROPOLITANA DI CAGLIARI,QUARTUCCIU,6446,6446,100.0,412,412,Aggiunti civici e coordinate,2026-08,6034,6034,2026-08-03,118039,H119,c_h119
VENETO,TREVISO,CISON DI VALMARINO,1879,1879,100.0,411,0,Aggiunte coordinate,2026-08,1468,1879,2026-08-03,026018,C735,c_c735
ABRUZZO,CHIETI,CASTELGUIDONE,406,406,100.0,406,-1125,In calo,2026-08,0,1531,2026-08-03,069019,C123,c_c123
PIEMONTE,CUNEO,SOMANO,399,399,100.0,399,0,Aggiunte coordinate,2026-08,0,399,2026-08-03,004221,I817,c_l822
LIGURIA,SAVONA,ARNASCO,393,393,100.0,393,0,Aggiunte coordinate,2026-08,0,393,2026-08-03,009007,A422,c_a422
LAZIO,ROMA,CAPRANICA PRENESTINA,1155,1155,100.0,391,0,Aggiunte coordinate,2026-08,764,1155,2026-08-03,058019,B687,c_b687
SARDEGNA,SASSARI,MONTELEONE ROCCA DORIA,380,380,100.0,380,215,Aggiunti civici e coordinate,2026-08,0,165,2026-08-03,112031,F542,c_f542
FRIULI VENEZIA GIULIA,UDINE,CHIOPRIS-VISCONE,378,378,100.0,378,2,Aggiunti civici e coordinate,2026-08,0,376,2026-08-03,030024,C641,c_c641
EMILIA ROMAGNA,PIACENZA,OTTONE,1360,377,27.72,377,-1,In calo,2026-08,0,1361,2026-08-03,033030,G195,c_g195
MARCHE,FERMO,MONTE RINALDO,394,394,100.0,371,0,Aggiunte coordinate,2026-08,23,394,2026-08-03,109021,F599,c_f599
ABRUZZO,TERAMO,BELLANTE,3085,3085,100.0,370,56,Aggiunti civici e coordinate,2026-08,2715,3029,2026-08-03,067006,A746,c_a746
PIEMONTE,CUNEO,MARMORA,360,360,100.0,360,-24,In calo,2026-08,0,384,2026-08-03,004119,E963,c_m136
PIEMONTE,CUNEO,MACRA,353,353,100.0,353,-29,In calo,2026-08,0,382,2026-08-03,004112,E789,c_e789
ABRUZZO,AQUILA,SAN DEMETRIO NE' VESTINI,3040,3040,100.0,346,346,Aggiunti civici e coordinate,2026-08,2694,2694,2026-08-03,066087,H819,c_h819
ABRUZZO,CHIETI,QUADRI,1084,1084,100.0,341,0,Aggiunte coordinate,2026-08,743,1084,2026-08-03,069070,H098,c_h098
MARCHE,FERMO,MORESCO,341,341,100.0,341,-1,In calo,2026-08,0,342,2026-08-03,109028,F722,c_f722
ABRUZZO,AQUILA,TIONE DEGLI ABRUZZI,340,340,100.0,337,0,Aggiunte coordinate,2026-08,3,340,2026-08-03,066100,L173,c_l173
PIEMONTE,CUNEO,MONTEMALE DI CUNEO,333,333,100.0,332,-4,In calo,2026-08,1,337,2026-08-03,004138,F558,c_f558
ABRUZZO,AQUILA,CASTELVECCHIO CALVISIO,323,323,100.0,319,0,Aggiunte coordinate,2026-08,4,323,2026-08-03,066030,C278,c_c278
LOMBARDIA,PAVIA,CASANOVA LONATI,296,296,100.0,296,0,Aggiunte coordinate,2026-08,0,296,2026-08-03,018031,B929,c_b929
CAMPANIA,SALERNO,CAMPAGNA,9805,9804,99.99,293,294,Aggiunti civici e coordinate,2026-08,9511,9511,2026-08-03,065022,B492,c_b492
ABRUZZO,CHIETI,MONTEFERRANTE,284,284,100.0,282,-2,In calo,2026-08,2,286,2026-08-03,069052,F498,c_f498
LOMBARDIA,MILANO,MILANO,66311,66309,100.0,271,273,Aggiunti civici e coordinate,2026-08,66038,66038,2026-08-03,015146,F205,c_f205
LOMBARDIA,BERGAMO,AVIATICO,620,620,100.0,271,0,Aggiunte coordinate,2026-08,349,620,2026-08-03,016015,A517,c_a517
PUGLIA,LECCE,PARABITA,7110,7110,100.0,270,0,Aggiunte coordinate,2026-08,6840,7110,2026-08-03,075059,G325,c_g325
MOLISE,ISERNIA,CASTELVERRINO,301,301,100.0,256,1,Aggiunti civici e coordinate,2026-08,45,300,2026-08-03,094013,C200,c_c200
LOMBARDIA,PAVIA,GAMBOLÒ,5440,5440,100.0,255,255,Aggiunti civici e coordinate,2026-08,5185,5185,2026-08-03,018068,D901,c_d901
PIEMONTE,ALESSANDRIA,FRASCARO,237,237,100.0,237,-23,In calo,2026-08,0,260,2026-08-03,006071,D770,c_d770
PIEMONTE,ASTI,AZZANO D'ASTI,235,235,100.0,235,7,Aggiunti civici e coordinate,2026-08,0,228,2026-08-03,005006,A527,c_a527
EMILIA ROMAGNA,FORLI,FORLÌ,51486,51486,100.0,206,206,Aggiunti civici e coordinate,2026-08,51280,51280,2026-08-03,040012,D704,c_d704
PIEMONTE,ALESSANDRIA,COSTA VESCOVATO,200,199,99.5,199,-246,In calo,2026-08,0,446,2026-08-03,006062,D102,c_d102
PIEMONTE,CUNEO,PIETRAPORZIO,196,196,100.0,196,0,Aggiunte coordinate,2026-08,0,196,2026-08-03,004167,G625,c_g625
SARDEGNA,ORISTANO,SODDÌ,249,249,100.0,188,-88,In calo,2026-08,61,337,2026-08-03,115070,I778,c_i778
LOMBARDIA,COMO,ERBA,4626,4626,100.0,186,-226,In calo,2026-08,4440,4852,2026-08-03,013095,D416,c_d416
PIEMONTE,ALESSANDRIA,TORTONA,5823,5823,100.0,183,7,Aggiunti civici e coordinate,2026-08,5640,5816,2026-08-03,006174,L304,c_l304
EMILIA ROMAGNA,RAVENNA,ALFONSINE,9151,9151,100.0,180,180,Aggiunti civici e coordinate,2026-08,8971,8971,2026-08-03,039001,A191,c_a191
VENETO,PADOVA,PIOVE DI SACCO,8040,8040,100.0,178,178,Aggiunti civici e coordinate,2026-08,7862,7862,2026-08-03,028065,G693,c_g693
SICILIA,PALERMO,COLLESANO,3318,3318,100.0,177,177,Aggiunti civici e coordinate,2026-08,3141,3141,2026-08-03,082032,C871,c_c871
MOLISE,CAMPOBASSO,ROCCAVIVARA,1887,1887,100.0,177,0,Aggiunte coordinate,2026-08,1710,1887,2026-08-03,070060,H454,c_h454
CAMPANIA,SALERNO,SERRAMEZZANA,515,515,100.0,175,0,Aggiunte coordinate,2026-08,340,515,2026-08-03,065139,I648,c_i648
ABRUZZO,PESCARA,NOCCIANO,2423,2423,100.0,168,-60,In calo,2026-08,2255,2483,2026-08-03,068026,F908,c_f908
LOMBARDIA,BERGAMO,RANICA,2292,2292,100.0,167,167,Aggiunti civici e coordinate,2026-08,2125,2125,2026-08-03,016178,H176,c_h176
EMILIA ROMAGNA,RAVENNA,CERVIA,16636,16636,100.0,162,162,Aggiunti civici e coordinate,2026-08,16474,16474,2026-08-03,039007,C553,c_c553
SARDEGNA,NUORO,GAVOI,3451,3451,100.0,161,0,Aggiunte coordinate,2026-08,3290,3451,2026-08-03,114016,D947,c_d947
ABRUZZO,CHIETI,FARA SAN MARTINO,2151,2151,100.0,159,0,Aggiunte coordinate,2026-08,1992,2151,2026-08-03,069031,D495,C_D495
PIEMONTE,VERCELLI,BALOCCO,153,153,100.0,152,0,Aggiunte coordinate,2026-08,1,153,2026-08-03,002009,A601,c_a601
LOMBARDIA,VARESE,MASCIAGO PRIMO,151,151,100.0,151,0,Aggiunte coordinate,2026-08,0,151,2026-08-03,012100,F007,c_f007
LOMBARDIA,PAVIA,TORRE D'ARESE,520,520,100.0,150,150,Aggiunti civici e coordinate,2026-08,370,370,2026-08-03,018157,L256,c_l256sa
MARCHE,PESARO E URBINO,GABICCE MARE,2686,2686,100.0,148,-396,In calo,2026-08,2538,3082,2026-08-03,041019,D836,c_d836
PIEMONTE,VERCELLI,BALMUCCIA,147,147,100.0,147,3,Aggiunti civici e coordinate,2026-08,0,144,2026-08-03,002008,A600,c_a600
SARDEGNA,ORISTANO,MONTRESTA,924,924,100.0,147,0,Aggiunte coordinate,2026-08,777,924,2026-08-03,115036,F698,c_f698
TOSCANA,PISA,MONTOPOLI IN VAL D'ARNO,7290,7289,99.99,143,-219,In calo,2026-08,7146,7509,2026-08-03,050022,F686,c_f686
ABRUZZO,AQUILA,CARAPELLE CALVISIO,149,149,100.0,142,-25,In calo,2026-08,7,174,2026-08-03,066024,B725,c_b725
CAMPANIA,CASERTA,GALLUCCIO,1017,291,28.61,139,545,Aggiunti civici e coordinate,2026-08,152,472,2026-08-03,061039,D886,c_d886
EMILIA ROMAGNA,FORLI,BAGNO DI ROMAGNA,3669,3669,100.0,135,135,Aggiunti civici e coordinate,2026-08,3534,3534,2026-08-03,040001,A565,c_a565
LIGURIA,LA SPEZIA,BONASSOLA,1536,1536,100.0,134,134,Aggiunti civici e coordinate,2026-08,1402,1402,2026-08-03,011005,A961,c_a961
SICILIA,MESSINA,CASTELMOLA,1541,1541,100.0,132,0,Aggiunte coordinate,2026-08,1409,1541,2026-08-03,083015,C210,c_c210
LOMBARDIA,CREMONA,SCANDOLARA RAVARA,767,767,100.0,117,117,Aggiunti civici e coordinate,2026-08,650,650,2026-08-03,019092,I497,c_i497
LAZIO,LATINA,VENTOTENE,835,835,100.0,117,0,Aggiunte coordinate,2026-08,718,835,2026-08-03,059033,L742,c_l742
PIEMONTE,CUNEO,SANFRONT,1961,1961,100.0,113,0,Aggiunte coordinate,2026-08,1848,1961,2026-08-03,004209,H852,c_h852
PUGLIA,TARANTO,CASTELLANETA,9577,9577,100.0,109,0,Aggiunte coordinate,2026-08,9468,9577,2026-08-03,073003,C136,c_c136
SICILIA,TRAPANI,BUSETO PALIZZOLO,4386,4386,100.0,107,107,Aggiunti civici e coordinate,2026-08,4279,4279,2026-08-03,081002,B288,c_b288
EMILIA ROMAGNA,RAVENNA,RAVENNA,78299,78278,99.97,107,43,Aggiunti civici e coordinate,2026-08,78171,78256,2026-08-03,039014,H199,c_h199
FRIULI VENEZIA GIULIA,GORIZIA,CAPRIVA DEL FRIULI,956,956,100.0,102,102,Aggiunti civici e coordinate,2026-08,854,854,2026-08-03,031001,B712,c_b712
PUGLIA,TARANTO,MANDURIA,22078,22073,99.98,102,102,Aggiunti civici e coordinate,2026-08,21971,21976,2026-08-03,073012,E882,c_e882
MARCHE,ANCONA,FALCONARA MARITTIMA,6022,6022,100.0,101,101,Aggiunti civici e coordinate,2026-08,5921,5921,2026-08-03,042018,D472,c_d472
PIEMONTE,TORINO,MONCENISIO,98,98,100.0,98,0,Aggiunte coordinate,2026-08,0,98,2026-08-03,001157,D553,c_d553
LOMBARDIA,MANTOVA,BORGO VIRGILIO,7847,7847,100.0,94,94,Aggiunti civici e coordinate,2026-08,7753,7753,2026-08-03,020071,M340,c_m340
CAMPANIA,SALERNO,EBOLI,14475,14466,99.94,93,102,Aggiunti civici e coordinate,2026-08,14373,14373,2026-08-03,065050,D390,c_d390
TOSCANA,GROSSETO,FOLLONICA,10647,10647,100.0,92,92,Aggiunti civici e coordinate,2026-08,10555,10555,2026-08-03,053009,D656,c_d656
LOMBARDIA,VARESE,CLIVIO,597,112,18.76,90,-8,In calo,2026-08,22,605,2026-08-03,012052,C796,c_c796
PUGLIA,LECCE,LECCE,47977,47977,100.0,89,89,Aggiunti civici e coordinate,2026-08,47888,47888,2026-08-03,075035,E506,c_e506
UMBRIA,PERUGIA,PERUGIA,61587,61587,100.0,89,89,Aggiunti civici e coordinate,2026-08,61498,61498,2026-08-03,054039,G478,c_g478
EMILIA ROMAGNA,FORLI,CESENA,37737,37737,100.0,88,88,Aggiunti civici e coordinate,2026-08,37649,37649,2026-08-03,040007,C573,c_c573
PIEMONTE,CUNEO,CEVA,2867,2867,100.0,87,87,Aggiunti civici e coordinate,2026-08,2780,2780,2026-08-03,004066,C589,c_c589
CAMPANIA,AVELLINO,PAROLISE,671,671,100.0,87,-48,In calo,2026-08,584,719,2026-08-03,064069,G340,c_g340
EMILIA ROMAGNA,RAVENNA,BAGNARA DI ROMAGNA,1443,1443,100.0,86,86,Aggiunti civici e coordinate,2026-08,1357,1357,2026-08-03,039003,A551,c_a551
LOMBARDIA,CREMONA,CINGIA DE' BOTTI,714,714,100.0,86,86,Aggiunti civici e coordinate,2026-08,628,628,2026-08-03,019031,C703,c_c703
PIEMONTE,CUNEO,CASTELDELFINO,627,627,100.0,86,-38,In calo,2026-08,541,665,2026-08-03,004047,C081,c_c081
TRENTINO ALTO ADIGE,BOLZANO,APPIANO SULLA STRADA DEL VINO,3708,3707,99.97,84,85,Aggiunti civici e coordinate,2026-08,3623,3623,2026-08-03,021004,A332,c_a332
CAMPANIA,AVELLINO,SENERCHIA,885,885,100.0,84,84,Aggiunti civici e coordinate,2026-08,801,801,2026-08-03,064098,I606,C_I606
EMILIA ROMAGNA,FORLI,MERCATO SARACENO,4022,4022,100.0,83,83,Aggiunti civici e coordinate,2026-08,3939,3939,2026-08-03,040020,F139,c_f139
EMILIA ROMAGNA,PARMA,PARMA,35863,35863,100.0,82,82,Aggiunti civici e coordinate,2026-08,35781,35781,2026-08-03,034027,G337,c_g337
LOMBARDIA,MILANO,TREZZANO SUL NAVIGLIO,2423,2423,100.0,82,-469,In calo,2026-08,2341,2892,2026-08-03,015220,L409,c_l409
LOMBARDIA,BERGAMO,FORNOVO SAN GIOVANNI,1070,1070,100.0,81,81,Aggiunti civici e coordinate,2026-08,989,989,2026-08-03,016105,D727,c_d727
PIEMONTE,CUNEO,CASTELLINO TANARO,405,386,95.31,79,-11,In calo,2026-08,307,416,2026-08-03,004052,C176,c_c176
LOMBARDIA,BRESCIA,BRESCIA,49801,49801,100.0,78,78,Aggiunti civici e coordinate,2026-08,49723,49723,2026-08-03,017029,B157,c_b157
CALABRIA,VIBO VALENTIA,VIBO VALENTIA,10728,10728,100.0,77,77,Aggiunti civici e coordinate,2026-08,10651,10651,2026-08-03,102047,F537,c_f537
LOMBARDIA,VARESE,MALNATE,3423,3423,100.0,69,-111,In calo,2026-08,3354,3534,2026-08-03,012096,E863,c_e863
LOMBARDIA,BERGAMO,BREMBATE DI SOPRA,2826,2826,100.0,68,19,Aggiunti civici e coordinate,2026-08,2758,2807,2026-08-03,016038,B138,c_b138
VENETO,VICENZA,ROSÀ,10289,10249,99.61,67,107,Aggiunti civici e coordinate,2026-08,10182,10182,2026-08-03,024087,H556,c_h556
TOSCANA,PISA,CASTELNUOVO DI VAL DI CECINA,1930,1917,99.33,65,78,Aggiunti civici e coordinate,2026-08,1852,1852,2026-08-03,050011,C244,c_c244
LOMBARDIA,LODI,BERTONICO,698,698,100.0,65,65,Aggiunti civici e coordinate,2026-08,633,633,2026-08-03,098002,A811,c_a811
SICILIA,CATANIA,CATANIA,92540,92540,100.0,65,65,Aggiunti civici e coordinate,2026-08,92475,92475,2026-08-03,087015,C351,c_c351
ABRUZZO,CHIETI,LANCIANO,15359,15359,100.0,62,6,Aggiunti civici e coordinate,2026-08,15297,15353,2026-08-03,069046,E435,c_e435
LOMBARDIA,BRESCIA,MONTICHIARI,12995,12995,100.0,61,61,Aggiunti civici e coordinate,2026-08,12934,12934,2026-08-03,017113,F471,c_f471
LOMBARDIA,CREMONA,MOTTA BALUFFI,624,624,100.0,61,61,Aggiunti civici e coordinate,2026-08,563,563,2026-08-03,019061,F771,c_f771
VENETO,VENEZIA,FOSSALTA DI PORTOGRUARO,2934,1179,40.18,60,-3,In calo,2026-08,1119,2937,2026-08-03,027016,D741,c_d741
UMBRIA,TERNI,TERNI,31988,31984,99.99,59,28,Aggiunti civici e coordinate,2026-08,31925,31960,2026-08-03,055032,L117,c_l117
SICILIA,CALTANISSETTA,CALTANISSETTA,17491,17491,100.0,54,54,Aggiunti civici e coordinate,2026-08,17437,17437,2026-08-03,085004,B429,c_b429
LIGURIA,GENOVA,GENOVA,133226,133226,100.0,50,50,Aggiunti civici e coordinate,2026-08,133176,133176,2026-08-03,010025,D969,c_d969
VENETO,VENEZIA,CHIOGGIA,18916,18916,100.0,50,49,Aggiunti civici e coordinate,2026-08,18866,18867,2026-08-03,027008,C638,c_c638
EMILIA ROMAGNA,PARMA,NOCETO,4220,4220,100.0,49,-395,In calo,2026-08,4171,4615,2026-08-03,034025,F914,c_f914
LOMBARDIA,BERGAMO,SORISOLE,2405,2405,100.0,47,0,Aggiunte coordinate,2026-08,2358,2405,2026-08-03,016202,I858,c_i830
PIEMONTE,TORINO,ROSTA,1527,1527,100.0,46,46,Aggiunti civici e coordinate,2026-08,1481,1481,2026-08-03,001228,H583,c_h583
EMILIA ROMAGNA,MODENA,FORMIGINE,10657,10657,100.0,44,44,Aggiunti civici e coordinate,2026-08,10613,10613,2026-08-03,036015,D711,c_d711
VENETO,VERONA,LEGNAGO,11041,11041,100.0,42,42,Aggiunti civici e coordinate,2026-08,10999,10999,2026-08-03,023044,E512,c_e512
TOSCANA,AREZZO,SANSEPOLCRO,7039,7037,99.97,40,42,Aggiunti civici e coordinate,2026-08,6997,6997,2026-08-03,051034,I155,c_i155
TOSCANA,LIVORNO,SAN VINCENZO,8371,8370,99.99,40,41,Aggiunti civici e coordinate,2026-08,8330,8330,2026-08-03,049018,I390,c_l390
VENETO,VICENZA,LONGARE,2412,2412,100.0,40,40,Aggiunti civici e coordinate,2026-08,2372,2372,2026-08-03,024051,E671,c_e671
VENETO,VICENZA,SANDRIGO,3065,3063,99.93,39,41,Aggiunti civici e coordinate,2026-08,3024,3024,2026-08-03,024091,H829,c_h829
EMILIA ROMAGNA,PIACENZA,PIACENZA,29763,29763,100.0,39,39,Aggiunti civici e coordinate,2026-08,29724,29724,2026-08-03,033032,G535,c_g535
TOSCANA,LIVORNO,CAPOLIVERI,2322,140,6.03,39,9,Aggiunti civici e coordinate,2026-08,101,2313,2026-08-03,049004,B669,c_b669
PIEMONTE,TORINO,NICHELINO,6012,6009,99.95,39,7,Aggiunti civici e coordinate,2026-08,5970,6005,2026-08-03,001164,F889,c_f889
EMILIA ROMAGNA,MODENA,SASSUOLO,17260,17260,100.0,38,38,Aggiunti civici e coordinate,2026-08,17222,17222,2026-08-03,036040,I462,c_i462
LOMBARDIA,COMO,TURATE,3959,3959,100.0,38,38,Aggiunti civici e coordinate,2026-08,3921,3921,2026-08-03,013227,L470,c_l470
LOMBARDIA,PAVIA,MAGHERNO,940,940,100.0,38,38,Aggiunti civici e coordinate,2026-08,902,902,2026-08-03,018085,E804,c_e804
EMILIA ROMAGNA,FERRARA,COPPARO,10870,10870,100.0,37,37,Aggiunti civici e coordinate,2026-08,10833,10833,2026-08-03,038007,C980,c_c980
EMILIA ROMAGNA,RAVENNA,LUGO,22177,22177,100.0,37,37,Aggiunti civici e coordinate,2026-08,22140,22140,2026-08-03,039012,E730,c_e730
MARCHE,ASCOLI PICENO,ASCOLI PICENO,15651,15651,100.0,37,37,Aggiunti civici e coordinate,2026-08,15614,15614,2026-08-03,044007,A462,c_a462
PIEMONTE,NOVARA,NOVARA,25522,25522,100.0,37,37,Aggiunti civici e coordinate,2026-08,25485,25485,2026-08-03,003106,F952,c_f952
VENETO,VICENZA,ALTAVILLA VICENTINA,4407,4407,100.0,37,-566,In calo,2026-08,4370,4973,2026-08-03,024004,A231,c_a231
EMILIA ROMAGNA,BOLOGNA,VALSAMOGGIA,13595,13595,100.0,35,35,Aggiunti civici e coordinate,2026-08,13560,13560,2026-08-03,037061,M320,c_a726n
LIGURIA,IMPERIA,VALLEBONA,911,910,99.89,34,0,Aggiunte coordinate,2026-08,876,911,2026-08-03,008062,L596,c_l596
CAMPANIA,AVELLINO,AVELLINO,16662,16662,100.0,33,33,Aggiunti civici e coordinate,2026-08,16629,16629,2026-08-03,064008,A509,c_a509
TOSCANA,FIRENZE,FIRENZE,109104,109104,100.0,33,33,Aggiunti civici e coordinate,2026-08,109071,109071,2026-08-03,048017,D612,c_d612
EMILIA ROMAGNA,RIMINI,RIMINI,48432,48432,100.0,33,-27,In calo,2026-08,48399,48459,2026-08-03,099014,H294,c_h294
VENETO,VICENZA,BROGLIANO,2105,34,1.62,32,1,Aggiunti civici e coordinate,2026-08,2,2104,2026-08-03,024017,B196,c_b196
MARCHE,PESARO E URBINO,FANO,22145,22145,100.0,31,31,Aggiunti civici e coordinate,2026-08,22114,22114,2026-08-03,041013,D488,c_d488
MOLISE,CAMPOBASSO,SAN GIULIANO DI PUGLIA,1355,1355,100.0,29,29,Aggiunti civici e coordinate,2026-08,1326,1326,2026-08-03,070068,H929,c_h929
EMILIA ROMAGNA,MODENA,MARANELLO,9243,9243,100.0,28,28,Aggiunti civici e coordinate,2026-08,9215,9215,2026-08-03,036019,E904,c_e904
EMILIA ROMAGNA,RIMINI,MONTEFIORE CONCA,1282,1282,100.0,28,0,Aggiunte coordinate,2026-08,1254,1282,2026-08-03,099008,F502,c_f502
TOSCANA,PISA,CALCINAIA,6681,6678,99.96,27,30,Aggiunti civici e coordinate,2026-08,6651,6651,2026-08-03,050004,B392,c_b392
CALABRIA,COSENZA,CASTROVILLARI,14840,14840,100.0,27,27,Aggiunti civici e coordinate,2026-08,14813,14813,2026-08-03,078033,C349,c_c349
EMILIA ROMAGNA,FERRARA,LAGOSANTO,2823,2823,100.0,27,27,Aggiunti civici e coordinate,2026-08,2796,2796,2026-08-03,038011,E410,c_e410
VENETO,VICENZA,ASIAGO,5468,4201,76.83,26,20,Aggiunti civici e coordinate,2026-08,4175,5448,2026-08-03,024009,A465,c_a465
EMILIA ROMAGNA,FORLI,VERGHERETO,2126,2126,100.0,25,25,Aggiunti civici e coordinate,2026-08,2101,2101,2026-08-03,040050,L764,c_l764
TRENTINO ALTO ADIGE,BOLZANO,BOLZANO,11937,11937,100.0,25,25,Aggiunti civici e coordinate,2026-08,11912,11912,2026-08-03,021008,A952,c_a952
EMILIA ROMAGNA,BOLOGNA,PIEVE DI CENTO,3357,3357,100.0,24,24,Aggiunti civici e coordinate,2026-08,3333,3333,2026-08-03,037048,G643,c_g643
SICILIA,AGRIGENTO,RACALMUTO,10236,10236,100.0,24,-28,In calo,2026-08,10212,10264,2026-08-03,084029,H148,c_h148
EMILIA ROMAGNA,FERRARA,FERRARA,57184,57184,100.0,23,23,Aggiunti civici e coordinate,2026-08,57161,57161,2026-08-03,038008,D548,c_d548
PIEMONTE,TORINO,CHIVASSO,9155,9155,100.0,23,23,Aggiunti civici e coordinate,2026-08,9132,9132,2026-08-03,001082,C665,c_c665
VENETO,BELLUNO,DANTA DI CADORE,490,490,100.0,23,23,Aggiunti civici e coordinate,2026-08,467,467,2026-08-03,025017,D247,c_d247
EMILIA ROMAGNA,RAVENNA,FUSIGNANO,5737,5737,100.0,22,-29,In calo,2026-08,5715,5766,2026-08-03,039011,D829,c_d829
LOMBARDIA,CREMONA,CASALMAGGIORE,7360,7351,99.88,21,30,Aggiunti civici e coordinate,2026-08,7330,7330,2026-08-03,019021,B898,c_b898
EMILIA ROMAGNA,PARMA,BERCETO,1926,1923,99.84,21,24,Aggiunti civici e coordinate,2026-08,1902,1902,2026-08-03,034004,A788,c_a788
EMILIA ROMAGNA,RAVENNA,FAENZA,19550,19550,100.0,21,21,Aggiunti civici e coordinate,2026-08,19529,19529,2026-08-03,039010,D458,c_d458
EMILIA ROMAGNA,MODENA,PRIGNANO SULLA SECCHIA,2442,2442,100.0,21,20,Aggiunti civici e coordinate,2026-08,2421,2422,2026-08-03,036033,H061,c_h061
ABRUZZO,TERAMO,NERETO,1596,1596,100.0,21,-32,In calo,2026-08,1575,1628,2026-08-03,067031,F870,c_f870
LAZIO,RIETI,LABRO,491,491,100.0,21,-71,In calo,2026-08,470,562,2026-08-03,057032,E393,c_e393
LOMBARDIA,LECCO,MARGNO,791,791,100.0,20,20,Aggiunti civici e coordinate,2026-08,771,771,2026-08-03,097047,E947,c_e947
ABRUZZO,AQUILA,VILLAVALLELONGA,2026,2026,100.0,19,19,Aggiunti civici e coordinate,2026-08,2007,2007,2026-08-03,066106,M031,c_m031
EMILIA ROMAGNA,MODENA,CARPI,31859,31859,100.0,19,19,Aggiunti civici e coordinate,2026-08,31840,31840,2026-08-03,036005,B819,c_b819
VALLE D'AOSTA,AOSTA,SAINT-CHRISTOPHE,1538,1497,97.33,19,1,Aggiunti civici e coordinate,2026-08,1478,1537,2026-08-03,007058,H669,c_h669
PIEMONTE,TORINO,CARMAGNOLA,7909,7898,99.86,18,21,Aggiunti civici e coordinate,2026-08,7880,7888,2026-08-03,001059,B791,c_b791
TOSCANA,PISA,PONTEDERA,11565,11559,99.95,18,20,Aggiunti civici e coordinate,2026-08,11541,11545,2026-08-03,050029,G843,c_g843
EMILIA ROMAGNA,FERRARA,CENTO,12501,12501,100.0,18,18,Aggiunti civici e coordinate,2026-08,12483,12483,2026-08-03,038004,C469,c_c469
VENETO,PADOVA,CITTADELLA,8794,8794,100.0,18,18,Aggiunti civici e coordinate,2026-08,8776,8776,2026-08-03,028032,C743,c_c743
VENETO,TREVISO,CASTELFRANCO VENETO,12644,229,1.81,18,11,Aggiunti civici e coordinate,2026-08,211,12633,2026-08-03,026012,C111,c_c111
VENETO,VENEZIA,NOALE,5675,5541,97.64,17,151,Aggiunti civici e coordinate,2026-08,5524,5524,2026-08-03,027026,F904,c_f904
LOMBARDIA,CREMONA,CREMONA,26139,26132,99.97,17,24,Aggiunti civici e coordinate,2026-08,26115,26115,2026-08-03,019036,D150,c_d150
EMILIA ROMAGNA,BOLOGNA,BUDRIO,5990,5990,100.0,17,17,Aggiunti civici e coordinate,2026-08,5973,5973,2026-08-03,037008,B249,c_b249
TRENTINO ALTO ADIGE,TRENTO,ROMENO,1700,1700,100.0,17,17,Aggiunti civici e coordinate,2026-08,1683,1683,2026-08-03,022155,H517,c_h517
TOSCANA,PRATO,PRATO,67060,33,0.05,17,5,Aggiunti civici e coordinate,2026-08,16,67055,2026-08-03,100005,G999,c_g999
LOMBARDIA,BRESCIA,MONTICELLI BRUSATI,2549,18,0.71,17,0,Aggiunte coordinate,2026-08,1,2549,2026-08-03,017112,F672,c_i476
ABRUZZO,CHIETI,VASTO,16898,16898,100.0,16,16,Aggiunti civici e coordinate,2026-08,16882,16882,2026-08-03,069099,E372,c_e372
PIEMONTE,NOVARA,ROMENTINO,1464,1464,100.0,16,16,Aggiunti civici e coordinate,2026-08,1448,1448,2026-08-03,003131,H518,c_h518
VENETO,VICENZA,MUSSOLENTE,3431,3431,100.0,16,16,Aggiunti civici e coordinate,2026-08,3415,3415,2026-08-03,024070,F829,c_f829
VENETO,VICENZA,TRISSINO,4100,4099,99.98,15,16,Aggiunti civici e coordinate,2026-08,4084,4084,2026-08-03,024110,L433,c_l433
EMILIA ROMAGNA,MODENA,SOLIERA,5616,5616,100.0,15,15,Aggiunti civici e coordinate,2026-08,5601,5601,2026-08-03,036044,I802,c_i802
PIEMONTE,NOVARA,TRECATE,6728,6728,100.0,15,15,Aggiunti civici e coordinate,2026-08,6713,6713,2026-08-03,003149,L356,c_l356
SARDEGNA,CITTA' METROPOLITANA DI CAGLIARI,SETTIMO SAN PIETRO,3380,3380,100.0,15,15,Aggiunti civici e coordinate,2026-08,3365,3365,2026-08-03,118054,I699,c_i699
PIEMONTE,CUNEO,MONDOVÌ,9878,9866,99.88,14,26,Aggiunti civici e coordinate,2026-08,9852,9852,2026-08-03,004130,F351,c_f351
VENETO,VERONA,SONA,6397,6388,99.86,14,23,Aggiunti civici e coordinate,2026-08,6374,6374,2026-08-03,023083,I826,c_i826
PIEMONTE,CUNEO,CHERASCO,3036,3034,99.93,14,15,Aggiunti civici e coordinate,2026-08,3020,3021,2026-08-03,004067,C599,c_c599
FRIULI VENEZIA GIULIA,UDINE,REANA DEL ROJALE,3088,3088,100.0,14,14,Aggiunti civici e coordinate,2026-08,3074,3074,2026-08-03,030090,H206,c_h206
TRENTINO ALTO ADIGE,BOLZANO,LAIVES,2702,2702,100.0,14,14,Aggiunti civici e coordinate,2026-08,2688,2688,2026-08-03,021040,E421,c_e421
VENETO,VENEZIA,CAORLE,7905,33,0.42,14,10,Aggiunti civici e coordinate,2026-08,19,7895,2026-08-03,027005,B642,c_b642
MARCHE,FERMO,PORTO SAN GIORGIO,10752,117,1.09,14,7,Aggiunti civici e coordinate,2026-08,103,10745,2026-08-03,109033,G920,c_g920
EMILIA ROMAGNA,MODENA,MONTEFIORINO,1729,1729,100.0,13,13,Aggiunti civici e coordinate,2026-08,1716,1716,2026-08-03,036025,F503,c_f503
SICILIA,SIRACUSA,CARLENTINI,9802,9797,99.95,13,13,Aggiunti civici e coordinate,2026-08,9784,9789,2026-08-03,089006,B787,c_b787
TOSCANA,GROSSETO,GROSSETO,36501,36501,100.0,13,13,Aggiunti civici e coordinate,2026-08,36488,36488,2026-08-03,053011,E202,c_e202
ABRUZZO,AQUILA,ROCCACASALE,737,737,100.0,13,0,Aggiunte coordinate,2026-08,724,737,2026-08-03,066079,H389,c_h389
LOMBARDIA,BRESCIA,RODENGO SAIANO,3144,3143,99.97,13,0,Aggiunte coordinate,2026-08,3130,3144,2026-08-03,017163,H477,c_h477
EMILIA ROMAGNA,RAVENNA,CONSELICE,7264,7263,99.99,12,13,Aggiunti civici e coordinate,2026-08,7251,7251,2026-08-03,039008,C963,c_c963
FRIULI VENEZIA GIULIA,PORDENONE,PASIANO DI PORDENONE,2840,2840,100.0,12,12,Aggiunti civici e coordinate,2026-08,2828,2828,2026-08-03,093029,G353,c_g353
PUGLIA,LECCE,MARTANO,6933,6933,100.0,12,12,Aggiunti civici e coordinate,2026-08,6921,6921,2026-08-03,075040,E979,c_e979
LOMBARDIA,BRESCIA,CASTEL MELLA,5638,29,0.51,12,2,Aggiunti civici e coordinate,2026-08,17,5636,2026-08-03,017042,C208,c_c208
EMILIA ROMAGNA,PARMA,COLLECCHIO,3658,3658,100.0,12,-25,In calo,2026-08,3646,3683,2026-08-03,034009,C852,c_c852
LAZIO,LATINA,APRILIA,25100,25099,100.0,11,12,Aggiunti civici e coordinate,2026-08,25088,25088,2026-08-03,059001,A341,c_a341
VENETO,TREVISO,CASIER,3947,3946,99.97,11,12,Aggiunti civici e coordinate,2026-08,3935,3935,2026-08-03,026010,B965,c_b965
BASILICATA,MATERA,MATERA,17720,17720,100.0,11,11,Aggiunti civici e coordinate,2026-08,17709,17709,2026-08-03,077014,F052,c_f052
EMILIA ROMAGNA,MODENA,CAMPOGALLIANO,6988,6988,100.0,11,11,Aggiunti civici e coordinate,2026-08,6977,6977,2026-08-03,036003,B539,c_b539
EMILIA ROMAGNA,PARMA,FONTANELLATO,3091,3091,100.0,11,11,Aggiunti civici e coordinate,2026-08,3080,3080,2026-08-03,034015,D673,c_d673
VENETO,VERONA,COLOGNA VENETA,6125,1482,24.2,11,11,Aggiunti civici e coordinate,2026-08,1471,6114,2026-08-03,023027,C890,C_C890
LAZIO,ROMA,SAN CESAREO,6425,129,2.01,11,3,Aggiunti civici e coordinate,2026-08,118,6422,2026-08-03,058119,M295,c_m295
PUGLIA,TARANTO,MONTEPARANO,1890,11,0.58,11,0,Aggiunte coordinate,2026-08,0,1890,2026-08-03,073018,F587,c_f587
PIEMONTE,NOVARA,TORNACO,570,45,7.89,11,-11,In calo,2026-08,34,581,2026-08-03,003146,L223,c_l223
LOMBARDIA,BRESCIA,MUSCOLINE,1587,1587,100.0,11,-36,In calo,2026-08,1576,1623,2026-08-03,017116,F820,c_f820
CALABRIA,REGGIO CALABRIA,POLISTENA,7625,7624,99.99,11,-47,In calo,2026-08,7613,7672,2026-08-03,080061,G791,c_g791
BASILICATA,POTENZA,CHIAROMONTE,978,947,96.83,10,41,Aggiunti civici e coordinate,2026-08,937,937,2026-08-03,076028,C619,c_c619
VENETO,VENEZIA,VENEZIA,87398,87383,99.98,10,25,Aggiunti civici e coordinate,2026-08,87373,87373,2026-08-03,027042,L736,c_l736
TRENTINO ALTO ADIGE,TRENTO,ANDALO,717,716,99.86,10,11,Aggiunti civici e coordinate,2026-08,706,706,2026-08-03,022005,A274,c_a274
EMILIA ROMAGNA,BOLOGNA,GRANAROLO DELL'EMILIA,3856,3856,100.0,10,10,Aggiunti civici e coordinate,2026-08,3846,3846,2026-08-03,037030,E136,c_e136
EMILIA ROMAGNA,REGGIO EMILIA,RUBIERA,4801,4801,100.0,10,10,Aggiunti civici e coordinate,2026-08,4791,4791,2026-08-03,035036,H628,c_h628
LAZIO,VITERBO,ARLENA DI CASTRO,997,997,100.0,10,10,Aggiunti civici e coordinate,2026-08,987,987,2026-08-03,056002,A412,c_a412
LOMBARDIA,COMO,CREMIA,785,785,100.0,10,10,Aggiunti civici e coordinate,2026-08,775,775,2026-08-03,013083,D147,c_d147
LOMBARDIA,MONZA E DELLA BRIANZA,BELLUSCO,2378,2378,100.0,10,10,Aggiunti civici e coordinate,2026-08,2368,2368,2026-08-03,108006,A759,c_a759
MARCHE,FERMO,MONTE URANO,3205,3205,100.0,10,10,Aggiunti civici e coordinate,2026-08,3195,3195,2026-08-03,109024,F653,c_f633
VENETO,TREVISO,MOTTA DI LIVENZA,4540,4540,100.0,10,10,Aggiunti civici e coordinate,2026-08,4530,4530,2026-08-03,026049,F770,c_f770
LOMBARDIA,MILANO,SESTO SAN GIOVANNI,12498,12496,99.98,9,11,Aggiunti civici e coordinate,2026-08,12487,12487,2026-08-03,015209,I690,c_i690
VALLE D'AOSTA,AOSTA,QUART,2285,2284,99.96,9,10,Aggiunti civici e coordinate,2026-08,2275,2275,2026-08-03,007054,H110,c_h110
EMILIA ROMAGNA,FORLI,MONTIANO,788,788,100.0,9,9,Aggiunti civici e coordinate,2026-08,779,779,2026-08-03,040028,F668,c_f668
EMILIA ROMAGNA,PARMA,SALSOMAGGIORE TERME,7166,7166,100.0,9,9,Aggiunti civici e coordinate,2026-08,7157,7157,2026-08-03,034032,H720,c_h720
EMILIA ROMAGNA,RAVENNA,BRISIGHELLA,4465,4465,100.0,9,9,Aggiunti civici e coordinate,2026-08,4456,4456,2026-08-03,039004,B188,c_b188
LOMBARDIA,BERGAMO,ALBINO,4866,4866,100.0,9,9,Aggiunti civici e coordinate,2026-08,4857,4857,2026-08-03,016004,A163,c_a163
LOMBARDIA,COMO,ALBESE CON CASSANO,1268,1268,100.0,9,9,Aggiunti civici e coordinate,2026-08,1259,1259,2026-08-03,013004,A153,c_a153
LOMBARDIA,VARESE,VARESE,13761,13761,100.0,9,9,Aggiunti civici e coordinate,2026-08,13752,13752,2026-08-03,012133,L682,c_l682
MARCHE,PESARO E URBINO,FERMIGNANO,2816,2816,100.0,9,9,Aggiunti civici e coordinate,2026-08,2807,2807,2026-08-03,041014,D541,c_d541
VENETO,PADOVA,BORGORICCO,3877,3877,100.0,9,9,Aggiunti civici e coordinate,2026-08,3868,3868,2026-08-03,028013,B031,c_b031
MARCHE,MACERATA,USSITA,229,229,100.0,9,-25,In calo,2026-08,220,254,2026-08-03,043056,L517,c_l517
VENETO,BELLUNO,BELLUNO,14722,14722,100.0,9,-99,In calo,2026-08,14713,14821,2026-08-03,025006,A757,c_a757
LOMBARDIA,PAVIA,VARZI,2898,2888,99.65,8,18,Aggiunti civici e coordinate,2026-08,2880,2880,2026-08-03,018171,L690,c_l690
SICILIA,CATANIA,GRAVINA DI CATANIA,4795,4794,99.98,8,9,Aggiunti civici e coordinate,2026-08,4786,4786,2026-08-03,087019,E156,c_e156
SICILIA,PALERMO,BAUCINA,2895,2894,99.97,8,9,Aggiunti civici e coordinate,2026-08,2886,2886,2026-08-03,082008,A719,c_a719
VENETO,VENEZIA,PIANIGA,4266,4265,99.98,8,9,Aggiunti civici e coordinate,2026-08,4257,4257,2026-08-03,027028,G565,c_g565
EMILIA ROMAGNA,PARMA,FELINO,2748,2747,99.96,8,8,Aggiunti civici e coordinate,2026-08,2739,2740,2026-08-03,034013,D526,c_d526
FRIULI VENEZIA GIULIA,PORDENONE,PORDENONE,12666,12666,100.0,8,8,Aggiunti civici e coordinate,2026-08,12658,12658,2026-08-03,093033,G888,c_g888
LIGURIA,LA SPEZIA,ZIGNAGO,587,587,100.0,8,8,Aggiunti civici e coordinate,2026-08,579,579,2026-08-03,011032,M177,c_m177
MARCHE,PESARO E URBINO,PESARO,30643,30643,100.0,8,8,Aggiunti civici e coordinate,2026-08,30635,30635,2026-08-03,041044,G479,c_g479
VENETO,PADOVA,CAMPODARSEGO,5939,5939,100.0,8,8,Aggiunti civici e coordinate,2026-08,5931,5931,2026-08-03,028017,B524,c_b524
VENETO,TREVISO,LORIA,4201,4201,100.0,8,8,Aggiunti civici e coordinate,2026-08,4193,4193,2026-08-03,026036,E692,c_e692
VENETO,VICENZA,MONTECCHIO MAGGIORE,10698,10698,100.0,8,6,Aggiunti civici e coordinate,2026-08,10690,10692,2026-08-03,024061,F464,c_f464
LOMBARDIA,MILANO,PADERNO DUGNANO,11852,65,0.55,8,5,Aggiunti civici e coordinate,2026-08,57,11847,2026-08-03,015166,G220,c_g220
PUGLIA,BARLETTA-ANDRIA-TRANI,BISCEGLIE,17565,17554,99.94,8,5,Aggiunti civici e coordinate,2026-08,17546,17560,2026-08-03,110003,A883,c_a883
LAZIO,LATINA,SPERLONGA,2030,2030,100.0,8,0,Aggiunte coordinate,2026-08,2022,2030,2026-08-03,059030,I892,c_i892
PIEMONTE,TORINO,COASSOLO TORINESE,1145,1123,98.08,7,29,Aggiunti civici e coordinate,2026-08,1116,1116,2026-08-03,001088,C801,c_c801
LAZIO,ROMA,POMEZIA,19107,19095,99.94,7,19,Aggiunti civici e coordinate,2026-08,19088,19088,2026-08-03,058079,G811,c_g811
PIEMONTE,TORINO,RIVALTA DI TORINO,6268,6254,99.78,7,10,Aggiunti civici e coordinate,2026-08,6247,6258,2026-08-03,001214,H335,c_h335
PIEMONTE,VERBANO-CUSIO-OSSOLA,VILLADOSSOLA,2327,2327,100.0,7,7,Aggiunti civici e coordinate,2026-08,2320,2320,2026-08-03,103075,L906,c_l906
PUGLIA,BARI,SANNICANDRO DI BARI,5536,9,0.16,7,6,Aggiunti civici e coordinate,2026-08,2,5530,2026-08-03,072040,I053,c_i053
PUGLIA,BRINDISI,ORIA,9618,9591,99.72,7,-38,In calo,2026-08,9584,9656,2026-08-03,074011,G098,c_g098
ABRUZZO,AQUILA,SAN BENEDETTO DEI MARSI,2555,2548,99.73,6,13,Aggiunti civici e coordinate,2026-08,2542,2542,2026-08-03,066085,H772,c_h772
TOSCANA,FIRENZE,BARBERINO DI MUGELLO,4376,4375,99.98,6,7,Aggiunti civici e coordinate,2026-08,4369,4369,2026-08-03,048002,A632,c_a632
EMILIA ROMAGNA,BOLOGNA,CASTEL MAGGIORE,4300,4300,100.0,6,6,Aggiunti civici e coordinate,2026-08,4294,4294,2026-08-03,037019,C204,c_c204
EMILIA ROMAGNA,MODENA,FRASSINORO,2933,2933,100.0,6,6,Aggiunti civici e coordinate,2026-08,2927,2927,2026-08-03,036016,D783,c_d783
EMILIA ROMAGNA,PARMA,FIDENZA,6155,6155,100.0,6,6,Aggiunti civici e coordinate,2026-08,6149,6149,2026-08-03,034014,B034,c_b034
EMILIA ROMAGNA,PARMA,SISSA TRECASALI,3898,3898,100.0,6,6,Aggiunti civici e coordinate,2026-08,3892,3892,2026-08-03,034049,M325,c_im325
EMILIA ROMAGNA,REGGIO EMILIA,CORREGGIO,10145,10145,100.0,6,6,Aggiunti civici e coordinate,2026-08,10139,10139,2026-08-03,035020,D037,c_d037
FRIULI VENEZIA GIULIA,UDINE,FAGAGNA,3539,3539,100.0,6,6,Aggiunti civici e coordinate,2026-08,3533,3533,2026-08-03,030037,D461,c_d461
LAZIO,ROMA,ANZIO,24970,24970,100.0,6,6,Aggiunti civici e coordinate,2026-08,24964,24964,2026-08-03,058007,A323,c_a323
LAZIO,VITERBO,FARNESE,2273,6,0.26,6,6,Aggiunti civici e coordinate,2026-08,0,2267,2026-08-03,056026,D503,c_d503
LOMBARDIA,BERGAMO,TORRE BOLDONE,1436,1436,100.0,6,6,Aggiunti civici e coordinate,2026-08,1430,1430,2026-08-03,016214,L251,c_l251
LOMBARDIA,BRESCIA,TRAVAGLIATO,5264,5264,100.0,6,6,Aggiunti civici e coordinate,2026-08,5258,5258,2026-08-03,017188,L339,c_l339
LOMBARDIA,COMO,LEZZENO,1072,1072,100.0,6,6,Aggiunti civici e coordinate,2026-08,1066,1066,2026-08-03,013126,E569,c_e569
LOMBARDIA,SONDRIO,SONDRIO,4585,4585,100.0,6,6,Aggiunti civici e coordinate,2026-08,4579,4579,2026-08-03,014061,I829,c_i829
MARCHE,ANCONA,CHIARAVALLE,5904,5904,100.0,6,6,Aggiunti civici e coordinate,2026-08,5898,5898,2026-08-03,042014,C615,c_c615
TRENTINO ALTO ADIGE,TRENTO,RONZONE,490,490,100.0,6,6,Aggiunti civici e coordinate,2026-08,484,484,2026-08-03,022159,H552,c_h552
ABRUZZO,AQUILA,BARREA,1223,121,9.89,6,3,Aggiunti civici e coordinate,2026-08,115,1220,2026-08-03,066010,A678,c_a678
TOSCANA,FIRENZE,PELAGO,3711,3707,99.89,5,9,Aggiunti civici e coordinate,2026-08,3702,3702,2026-08-03,048032,G420,c_g420
ABRUZZO,AQUILA,CAMPO DI GIOVE,1432,1432,100.0,5,5,Aggiunti civici e coordinate,2026-08,1427,1427,2026-08-03,066015,B526,c_b526
EMILIA ROMAGNA,RAVENNA,BAGNACAVALLO,12451,12451,100.0,5,5,Aggiunti civici e coordinate,2026-08,12446,12446,2026-08-03,039002,A547,c_a547
LIGURIA,SAVONA,VILLANOVA D'ALBENGA,2508,2508,100.0,5,5,Aggiunti civici e coordinate,2026-08,2503,2503,2026-08-03,009068,L975,c_l975
LOMBARDIA,SONDRIO,SAMOLACO,1459,1459,100.0,5,5,Aggiunti civici e coordinate,2026-08,1454,1454,2026-08-03,014057,H752,c_h752
LOMBARDIA,VARESE,CISLAGO,2960,2960,100.0,5,5,Aggiunti civici e coordinate,2026-08,2955,2955,2026-08-03,012050,C732,c_c732
PIEMONTE,BIELLA,POLLONE,1078,1078,100.0,5,5,Aggiunti civici e coordinate,2026-08,1073,1073,2026-08-03,096046,G798,c_g798
PIEMONTE,TORINO,BORGARO TORINESE,2338,2338,100.0,5,5,Aggiunti civici e coordinate,2026-08,2333,2333,2026-08-03,001028,A990,c_a990
TOSCANA,AREZZO,TALLA,1657,1657,100.0,5,5,Aggiunti civici e coordinate,2026-08,1652,1652,2026-08-03,051038,L038,c_l038
TRENTINO ALTO ADIGE,TRENTO,CAVEDINE,1665,1665,100.0,5,5,Aggiunti civici e coordinate,2026-08,1660,1660,2026-08-03,022053,C393,c_c393
TRENTINO ALTO ADIGE,TRENTO,DRO,1560,1560,100.0,5,5,Aggiunti civici e coordinate,2026-08,1555,1555,2026-08-03,022079,D371,c_d371
VENETO,PADOVA,CAMPOSAMPIERO,4442,4442,100.0,5,5,Aggiunti civici e coordinate,2026-08,4437,4437,2026-08-03,028019,B563,c_b563
LOMBARDIA,MANTOVA,MANTOVA,17011,245,1.44,5,2,Aggiunti civici e coordinate,2026-08,240,17009,2026-08-03,020030,E897,c_e897
CALABRIA,VIBO VALENTIA,DRAPIA,1967,1937,98.47,4,34,Aggiunti civici e coordinate,2026-08,1933,1933,2026-08-03,102009,D364,c_d364
SICILIA,MESSINA,NASO,3431,3416,99.56,4,19,Aggiunti civici e coordinate,2026-08,3412,3412,2026-08-03,083060,F848,c_f848
LOMBARDIA,SONDRIO,GROSIO,2274,4,0.18,4,18,Aggiunti civici e coordinate,2026-08,0,2256,2026-08-03,014033,E200,c_e200
SARDEGNA,CITTA' METROPOLITANA DI CAGLIARI,SINNAI,10848,10838,99.91,4,14,Aggiunti civici e coordinate,2026-08,10834,10834,2026-08-03,118058,I752,c_i752
EMILIA ROMAGNA,BOLOGNA,MONZUNO,3203,3194,99.72,4,13,Aggiunti civici e coordinate,2026-08,3190,3190,2026-08-03,037044,F706,c_f706
PIEMONTE,CUNEO,PIASCO,1357,1356,99.93,4,5,Aggiunti civici e coordinate,2026-08,1352,1352,2026-08-03,004166,G575,c_g575
PIEMONTE,NOVARA,CAMERI,3253,3252,99.97,4,5,Aggiunti civici e coordinate,2026-08,3248,3248,2026-08-03,003032,B473,c_b473
CALABRIA,REGGIO CALABRIA,SCIDO,1194,1194,100.0,4,4,Aggiunti civici e coordinate,2026-08,1190,1190,2026-08-03,080084,I536,c_i536
EMILIA ROMAGNA,BOLOGNA,MOLINELLA,7427,7427,100.0,4,4,Aggiunti civici e coordinate,2026-08,7423,7423,2026-08-03,037039,F288,c_f288
EMILIA ROMAGNA,MODENA,FIORANO MODENESE,6370,6370,100.0,4,4,Aggiunti civici e coordinate,2026-08,6366,6366,2026-08-03,036013,D607,c_d607
FRIULI VENEZIA GIULIA,UDINE,CASSACCO,1405,1405,100.0,4,4,Aggiunti civici e coordinate,2026-08,1401,1401,2026-08-03,030019,B994,c_b994
LOMBARDIA,BRESCIA,CELLATICA,1943,1943,100.0,4,4,Aggiunti civici e coordinate,2026-08,1939,1939,2026-08-03,017048,C439,c_c439
LOMBARDIA,PAVIA,CANDIA LOMELLINA,1558,1558,100.0,4,4,Aggiunti civici e coordinate,2026-08,1554,1554,2026-08-03,018027,B587,c_b587
PIEMONTE,TORINO,SANTENA,2352,2345,99.7,4,4,Aggiunti civici e coordinate,2026-08,2341,2348,2026-08-03,001257,I327,c_i327
PIEMONTE,VERBANO-CUSIO-OSSOLA,TRAREGO VIGGIONA,1224,1224,100.0,4,4,Aggiunti civici e coordinate,2026-08,1220,1220,2026-08-03,103066,L333,c_l333
TOSCANA,SIENA,POGGIBONSI,11178,11178,100.0,4,4,Aggiunti civici e coordinate,2026-08,11174,11174,2026-08-03,052022,G752,c_g752
TRENTINO ALTO ADIGE,TRENTO,ALA,3806,3806,100.0,4,4,Aggiunti civici e coordinate,2026-08,3802,3802,2026-08-03,022001,A116,c_a116
TRENTINO ALTO ADIGE,TRENTO,CAVARENO,729,729,100.0,4,4,Aggiunti civici e coordinate,2026-08,725,725,2026-08-03,022051,C380,c_c380
VENETO,PADOVA,PIAZZOLA SUL BRENTA,5477,5477,100.0,4,4,Aggiunti civici e coordinate,2026-08,5473,5473,2026-08-03,028063,G587,c_g587
VENETO,TREVISO,PREGANZIOL,5676,5673,99.95,4,4,Aggiunti civici e coordinate,2026-08,5669,5672,2026-08-03,026063,H022,c_h022
TRENTINO ALTO ADIGE,BOLZANO,FIÈ ALLO SCILIAR,1044,1044,100.0,4,3,Aggiunti civici e coordinate,2026-08,1040,1041,2026-08-03,021031,D571,c_d571
ABRUZZO,TERAMO,MONTEFINO,928,928,100.0,4,0,Aggiunte coordinate,2026-08,924,928,2026-08-03,067027,F500,c_f500
PIEMONTE,NOVARA,GARGALLO,1341,1341,100.0,4,0,Aggiunte coordinate,2026-08,1337,1341,2026-08-03,003070,D921,c_d921
TRENTINO ALTO ADIGE,TRENTO,CALCERANICA AL LAGO,778,62,7.97,4,0,Aggiunte coordinate,2026-08,58,778,2026-08-03,022032,B389,c_b389
VENETO,TREVISO,PIEVE DI SOLIGO,4965,4965,100.0,4,-66,In calo,2026-08,4961,5031,2026-08-03,026057,G645,c_g645
SARDEGNA,SASSARI,PADRU,1454,3,0.21,3,68,Aggiunti civici e coordinate,2026-08,0,1386,2026-08-03,113019,M301,c_m301
VENETO,VERONA,CALDIERO,2038,2033,99.75,3,8,Aggiunti civici e coordinate,2026-08,2030,2030,2026-08-03,023017,B402,c_b402
LOMBARDIA,PAVIA,CAMPOSPINOSO ALBAREDO,771,767,99.48,3,7,Aggiunti civici e coordinate,2026-08,764,764,2026-08-03,018026,B567,c_b567
FRIULI VENEZIA GIULIA,PORDENONE,PINZANO AL TAGLIAMENTO,1411,1409,99.86,3,5,Aggiunti civici e coordinate,2026-08,1406,1406,2026-08-03,093030,G680,c_g680
EMILIA ROMAGNA,PARMA,FONTEVIVO,2172,2171,99.95,3,4,Aggiunti civici e coordinate,2026-08,2168,2168,2026-08-03,034016,D685,c_d685
PIEMONTE,TORINO,PIOSSASCO,3583,3582,99.97,3,4,Aggiunti civici e coordinate,2026-08,3579,3579,2026-08-03,001194,G691,c_g691
VENETO,BELLUNO,ALLEGHE,1325,1324,99.92,3,4,Aggiunti civici e coordinate,2026-08,1321,1321,2026-08-03,025003,A206,c_a206
EMILIA ROMAGNA,BOLOGNA,CREVALCORE,5416,5416,100.0,3,3,Aggiunti civici e coordinate,2026-08,5413,5413,2026-08-03,037024,D166,c_d166
EMILIA ROMAGNA,FERRARA,RIVA DEL PO,5896,5896,100.0,3,3,Aggiunti civici e coordinate,2026-08,5893,5893,2026-08-03,038029,M410,c_m410
EMILIA ROMAGNA,PIACENZA,GOSSOLENGO,2061,2061,100.0,3,3,Aggiunti civici e coordinate,2026-08,2058,2058,2026-08-03,033023,E114,c_e114
FRIULI VENEZIA GIULIA,UDINE,OSOPPO,1489,1489,100.0,3,3,Aggiunti civici e coordinate,2026-08,1486,1486,2026-08-03,030066,G163,c_g163
LOMBARDIA,BERGAMO,CAROBBIO DEGLI ANGELI,1963,1963,100.0,3,3,Aggiunti civici e coordinate,2026-08,1960,1960,2026-08-03,016055,B801,c_b801
LOMBARDIA,BERGAMO,SOTTO IL MONTE GIOVANNI XXIII,1307,1307,100.0,3,3,Aggiunti civici e coordinate,2026-08,1304,1304,2026-08-03,016203,I869,c_i869
LOMBARDIA,LODI,CODOGNO,5756,5756,100.0,3,3,Aggiunti civici e coordinate,2026-08,5753,5753,2026-08-03,098019,C816,c_c816
LOMBARDIA,MONZA E DELLA BRIANZA,CERIANO LAGHETTO,1642,1642,100.0,3,3,Aggiunti civici e coordinate,2026-08,1639,1639,2026-08-03,108018,C512,c_c512
LOMBARDIA,PAVIA,BRESSANA BOTTARONE,2154,2154,100.0,3,3,Aggiunti civici e coordinate,2026-08,2151,2151,2026-08-03,018023,B159,c_b159
LOMBARDIA,SONDRIO,TRAONA,1154,1154,100.0,3,3,Aggiunti civici e coordinate,2026-08,1151,1151,2026-08-03,014069,L330,c_l330
LOMBARDIA,VARESE,AZZATE,1461,1461,100.0,3,3,Aggiunti civici e coordinate,2026-08,1458,1458,2026-08-03,012006,A531,c_a531
LOMBARDIA,VARESE,CAIRATE,2330,2330,100.0,3,3,Aggiunti civici e coordinate,2026-08,2327,2327,2026-08-03,012029,B368,c_b368
PIEMONTE,CUNEO,BERNEZZO,1832,1832,100.0,3,3,Aggiunti civici e coordinate,2026-08,1829,1829,2026-08-03,004022,A805,c_a805
SICILIA,CATANIA,PEDARA,9782,9782,100.0,3,3,Aggiunti civici e coordinate,2026-08,9779,9779,2026-08-03,087034,G402,c_g402
TRENTINO ALTO ADIGE,TRENTO,PEIO,1676,1676,100.0,3,3,Aggiunti civici e coordinate,2026-08,1673,1673,2026-08-03,022136,G419,c_g419
VENETO,PADOVA,MERLARA,1441,1441,100.0,3,3,Aggiunti civici e coordinate,2026-08,1438,1438,2026-08-03,028053,F148,c_f148
VENETO,PADOVA,NOVENTA PADOVANA,3416,3416,100.0,3,3,Aggiunti civici e coordinate,2026-08,3413,3413,2026-08-03,028058,F962,c_f962
VENETO,PADOVA,SANTA GIUSTINA IN COLLE,3498,3498,100.0,3,3,Aggiunti civici e coordinate,2026-08,3495,3495,2026-08-03,028080,I207,c_i207
VENETO,PADOVA,SELVAZZANO DENTRO,6720,6720,100.0,3,3,Aggiunti civici e coordinate,2026-08,6717,6717,2026-08-03,028086,I595,c_i595
VENETO,PADOVA,VEGGIANO,1696,1696,100.0,3,3,Aggiunti civici e coordinate,2026-08,1693,1693,2026-08-03,028096,L710,c_l710
VENETO,ROVIGO,ROVIGO,19469,19469,100.0,3,3,Aggiunti civici e coordinate,2026-08,19466,19466,2026-08-03,029041,H620,c_h620
CALABRIA,COSENZA,ORIOLO,3691,3,0.08,3,0,Aggiunte coordinate,2026-08,0,3691,2026-08-03,078087,G110,c_g110
PIEMONTE,TORINO,ARIGNANO,442,8,1.81,3,0,Aggiunte coordinate,2026-08,5,442,2026-08-03,001012,A405,c_a405
TRENTINO ALTO ADIGE,TRENTO,BONDONE,550,3,0.55,3,0,Aggiunte coordinate,2026-08,0,550,2026-08-03,022021,A968,c_a968
VENETO,VENEZIA,FIESSO D'ARTICO,3695,3686,99.76,2,11,Aggiunti civici e coordinate,2026-08,3684,3684,2026-08-03,027014,D578,c_d578
LOMBARDIA,MONZA E DELLA BRIANZA,BIASSONO,2824,2822,99.93,2,4,Aggiunti civici e coordinate,2026-08,2820,2820,2026-08-03,108009,A849,c_a849
LOMBARDIA,MONZA E DELLA BRIANZA,VEDUGGIO CON COLZANO,1400,1398,99.86,2,4,Aggiunti civici e coordinate,2026-08,1396,1396,2026-08-03,108047,L709,c_l709
LOMBARDIA,SONDRIO,CHIURO,2385,16,0.67,2,4,Aggiunti civici e coordinate,2026-08,14,2381,2026-08-03,014020,C651,c_c651
PIEMONTE,TORINO,SAN MAURO TORINESE,4161,4156,99.88,2,4,Aggiunti civici e coordinate,2026-08,4154,4157,2026-08-03,001249,I030,c_i030
LIGURIA,LA SPEZIA,PORTOVENERE,1543,1542,99.94,2,3,Aggiunti civici e coordinate,2026-08,1540,1540,2026-08-03,011022,G925,c_g925
LOMBARDIA,PAVIA,REDAVALLE,759,758,99.87,2,3,Aggiunti civici e coordinate,2026-08,756,756,2026-08-03,018120,H216,c_h216
PIEMONTE,CUNEO,SAMPEYRE,3423,3422,99.97,2,3,Aggiunti civici e coordinate,2026-08,3420,3420,2026-08-03,004205,H755,c_h755
ABRUZZO,PESCARA,CITTÀ SANT'ANGELO,4774,4774,100.0,2,2,Aggiunti civici e coordinate,2026-08,4772,4772,2026-08-03,068012,C750,c_c750
ABRUZZO,PESCARA,ROSCIANO,1817,1817,100.0,2,2,Aggiunti civici e coordinate,2026-08,1815,1815,2026-08-03,068035,H562,c_h562
CAMPANIA,NAPOLI,POMPEI,7988,7988,100.0,2,2,Aggiunti civici e coordinate,2026-08,7986,7986,2026-08-03,063058,G813,c_g813
EMILIA ROMAGNA,BOLOGNA,BARICELLA,3066,3066,100.0,2,2,Aggiunti civici e coordinate,2026-08,3064,3064,2026-08-03,037003,A665,c_a665
EMILIA ROMAGNA,BOLOGNA,ZOLA PREDOSA,5132,5132,100.0,2,2,Aggiunti civici e coordinate,2026-08,5130,5130,2026-08-03,037060,M185,c_m185
EMILIA ROMAGNA,FERRARA,TRESIGNANA,4743,4743,100.0,2,2,Aggiunti civici e coordinate,2026-08,4741,4741,2026-08-03,038030,M409,c_m409
EMILIA ROMAGNA,RAVENNA,CASOLA VALSENIO,1954,1954,100.0,2,2,Aggiunti civici e coordinate,2026-08,1952,1952,2026-08-03,039005,B982,c_b982
EMILIA ROMAGNA,RAVENNA,CASTEL BOLOGNESE,4702,4702,100.0,2,2,Aggiunti civici e coordinate,2026-08,4700,4700,2026-08-03,039006,C065,c_c065
EMILIA ROMAGNA,RAVENNA,RIOLO TERME,3567,3567,100.0,2,2,Aggiunti civici e coordinate,2026-08,3565,3565,2026-08-03,039015,H302,c_h302
EMILIA ROMAGNA,RAVENNA,RUSSI,6593,6593,100.0,2,2,Aggiunti civici e coordinate,2026-08,6591,6591,2026-08-03,039016,H642,c_h642
FRIULI VENEZIA GIULIA,GORIZIA,SAN PIER D'ISONZO,1492,1492,100.0,2,2,Aggiunti civici e coordinate,2026-08,1490,1490,2026-08-03,031021,I082,c_i082
FRIULI VENEZIA GIULIA,UDINE,DIGNANO,1399,1399,100.0,2,2,Aggiunti civici e coordinate,2026-08,1397,1397,2026-08-03,030032,D300,c_d300
FRIULI VENEZIA GIULIA,UDINE,MAJANO,3352,3352,100.0,2,2,Aggiunti civici e coordinate,2026-08,3350,3350,2026-08-03,030053,E833,c_e833
FRIULI VENEZIA GIULIA,UDINE,SAN DANIELE DEL FRIULI,6165,6165,100.0,2,2,Aggiunti civici e coordinate,2026-08,6163,6163,2026-08-03,030099,H816,c_h816
FRIULI VENEZIA GIULIA,UDINE,TREPPO GRANDE,1108,1108,100.0,2,2,Aggiunti civici e coordinate,2026-08,1106,1106,2026-08-03,030126,L382,c_l382
LAZIO,VITERBO,CASTEL SANT'ELIA,2365,2365,100.0,2,2,Aggiunti civici e coordinate,2026-08,2363,2363,2026-08-03,056017,C269,c_c269
LIGURIA,IMPERIA,CERIANA,2663,2663,100.0,2,2,Aggiunti civici e coordinate,2026-08,2661,2661,2026-08-03,008016,C511,c_c511
LOMBARDIA,COMO,CADORAGO,1727,1727,100.0,2,2,Aggiunti civici e coordinate,2026-08,1725,1725,2026-08-03,013036,B346,c_b346
LOMBARDIA,COMO,DIZZASCO,595,595,100.0,2,2,Aggiunti civici e coordinate,2026-08,593,593,2026-08-03,013087,D310,c_d310
LOMBARDIA,CREMONA,ROBECCO D'OGLIO,1208,1208,100.0,2,2,Aggiunti civici e coordinate,2026-08,1206,1206,2026-08-03,019085,H372,c_h372
LOMBARDIA,MANTOVA,CANNETO SULL'OGLIO,3287,3287,100.0,2,2,Aggiunti civici e coordinate,2026-08,3285,3285,2026-08-03,020008,B612,c_b612
LOMBARDIA,MILANO,CORBETTA,7100,7100,100.0,2,2,Aggiunti civici e coordinate,2026-08,7098,7098,2026-08-03,015085,C986,c_c986
LOMBARDIA,MILANO,NOVIGLIO,1124,5,0.44,2,2,Aggiunti civici e coordinate,2026-08,3,1122,2026-08-03,015158,F968,c_f968
LOMBARDIA,MONZA E DELLA BRIANZA,SULBIATE,992,992,100.0,2,2,Aggiunti civici e coordinate,2026-08,990,990,2026-08-03,108042,I998,C_I998
LOMBARDIA,SONDRIO,MORBEGNO,5493,5493,100.0,2,2,Aggiunti civici e coordinate,2026-08,5491,5491,2026-08-03,014045,F712,c_f712
MARCHE,ANCONA,SENIGALLIA,17943,17943,100.0,2,2,Aggiunti civici e coordinate,2026-08,17941,17941,2026-08-03,042045,I608,c_i608
MOLISE,CAMPOBASSO,LIMOSANO,1122,1122,100.0,2,2,Aggiunti civici e coordinate,2026-08,1120,1120,2026-08-03,070032,E599,c_e599
PIEMONTE,ALESSANDRIA,ACQUI TERME,10307,10307,100.0,2,2,Aggiunti civici e coordinate,2026-08,10305,10305,2026-08-03,006001,A052,c_a052
PIEMONTE,ALESSANDRIA,PARODI LIGURE,809,809,100.0,2,2,Aggiunti civici e coordinate,2026-08,807,807,2026-08-03,006126,G338,c_g338
PIEMONTE,ASTI,BELVEGLIO,390,390,100.0,2,2,Aggiunti civici e coordinate,2026-08,388,388,2026-08-03,005008,A770,c_a770
PIEMONTE,CUNEO,ARGENTERA,287,287,100.0,2,2,Aggiunti civici e coordinate,2026-08,285,285,2026-08-03,004006,A394,c_a394
PIEMONTE,TORINO,VAL DELLA TORRE,1966,1966,100.0,2,2,Aggiunti civici e coordinate,2026-08,1964,1964,2026-08-03,001284,L555,c_l555
PUGLIA,BRINDISI,CEGLIE MESSAPICA,18193,18193,100.0,2,2,Aggiunti civici e coordinate,2026-08,18191,18191,2026-08-03,074003,C424,c_c424
TRENTINO ALTO ADIGE,TRENTO,CANAZEI,1886,1886,100.0,2,2,Aggiunti civici e coordinate,2026-08,1884,1884,2026-08-03,022039,B579,c_b579
TRENTINO ALTO ADIGE,TRENTO,MEZZANA,947,947,100.0,2,2,Aggiunti civici e coordinate,2026-08,945,945,2026-08-03,022114,F168,c_f168
VENETO,PADOVA,CAMPODORO,1202,1202,100.0,2,2,Aggiunti civici e coordinate,2026-08,1200,1200,2026-08-03,028018,B531,c_b531
VENETO,PADOVA,CASALSERUGO,2077,2077,100.0,2,2,Aggiunti civici e coordinate,2026-08,2075,2075,2026-08-03,028028,B912,c_b912
PIEMONTE,TORINO,VARISELLA,499,14,2.81,2,1,Aggiunti civici e coordinate,2026-08,12,498,2026-08-03,001289,L685,c_l685
VENETO,ROVIGO,LENDINARA,7287,7287,100.0,2,0,Aggiunte coordinate,2026-08,7285,7287,2026-08-03,029029,E522,c_e522
PIEMONTE,TORINO,FIANO,1139,1139,100.0,2,-49,In calo,2026-08,1137,1188,2026-08-03,001104,D562,c_d562
UMBRIA,PERUGIA,BASTIA UMBRA,12387,12387,100.0,2,-50,In calo,2026-08,12385,12437,2026-08-03,054002,A710,c_a710
LOMBARDIA,MANTOVA,CASALROMANO,1159,1132,97.67,2,-57,In calo,2026-08,1130,1216,2026-08-03,020012,B911,c_b911
SARDEGNA,SUD SARDEGNA,VILLASPECIOSA,1415,1415,100.0,2,-73,In calo,2026-08,1413,1488,2026-08-03,118072,M026,c_m026
VENETO,PADOVA,CODEVIGO,2797,2797,100.0,2,-98,In calo,2026-08,2795,2895,2026-08-03,028033,C812,c_c812
TOSCANA,FIRENZE,CALENZANO,7354,7320,99.54,1,35,Aggiunti civici e coordinate,2026-08,7319,7319,2026-08-03,048005,B406,c_b406
CAMPANIA,SALERNO,VIBONATI,2690,2675,99.44,1,16,Aggiunti civici e coordinate,2026-08,2674,2674,2026-08-03,065156,L835,c_l835
ABRUZZO,CHIETI,SAN GIOVANNI TEATINO,4741,4732,99.81,1,9,Aggiunti civici e coordinate,2026-08,4731,4732,2026-08-03,069081,D690,c_d690
PIEMONTE,TORINO,POIRINO,4020,4016,99.9,1,5,Aggiunti civici e coordinate,2026-08,4015,4015,2026-08-03,001197,G777,c_g777
PIEMONTE,TORINO,VOLPIANO,4278,4271,99.84,1,4,Aggiunti civici e coordinate,2026-08,4270,4274,2026-08-03,001314,M122,c_m122
VENETO,TREVISO,PIEVE DEL GRAPPA,3410,3407,99.91,1,4,Aggiunti civici e coordinate,2026-08,3406,3406,2026-08-03,026096,M422,c_m422
EMILIA ROMAGNA,BOLOGNA,PIANORO,4400,4396,99.91,1,3,Aggiunti civici e coordinate,2026-08,4395,4397,2026-08-03,037047,G570,c_g570
LOMBARDIA,MONZA E DELLA BRIANZA,BESANA IN BRIANZA,3513,3511,99.94,1,3,Aggiunti civici e coordinate,2026-08,3510,3510,2026-08-03,108008,A818,c_a818
TRENTINO ALTO ADIGE,TRENTO,SELLA GIUDICARIE,1674,1672,99.88,1,3,Aggiunti civici e coordinate,2026-08,1671,1671,2026-08-03,022246,M360,c_m360
LOMBARDIA,COMO,LOCATE VARESINO,1460,1459,99.93,1,2,Aggiunti civici e coordinate,2026-08,1458,1458,2026-08-03,013131,E638,c_e638
LOMBARDIA,COMO,SOLBIATE CON CAGNO,1498,1496,99.87,1,2,Aggiunti civici e coordinate,2026-08,1495,1496,2026-08-03,013255,M412,c_m412
LOMBARDIA,CREMONA,CAPRALBA,882,881,99.89,1,2,Aggiunti civici e coordinate,2026-08,880,880,2026-08-03,019015,B686,c_b686
LOMBARDIA,MANTOVA,GAZOLDO DEGLI IPPOLITI,1563,1562,99.94,1,2,Aggiunti civici e coordinate,2026-08,1561,1561,2026-08-03,020024,D949,c_d949
PUGLIA,BARI,CONVERSANO,13434,13433,99.99,1,2,Aggiunti civici e coordinate,2026-08,13432,13432,2026-08-03,072019,C975,c_c975
VENETO,VICENZA,TORRI DI QUARTESOLO,6052,6051,99.98,1,2,Aggiunti civici e coordinate,2026-08,6050,6050,2026-08-03,024108,L297,c_l297
ABRUZZO,AQUILA,ROCCARASO,2006,2006,100.0,1,1,Aggiunti civici e coordinate,2026-08,2005,2005,2026-08-03,066084,H434,c_h434
ABRUZZO,CHIETI,TORNARECCIO,1293,1293,100.0,1,1,Aggiunti civici e coordinate,2026-08,1292,1292,2026-08-03,069092,L224,c_l224
CALABRIA,CATANZARO,CROPANI,6184,6184,100.0,1,1,Aggiunti civici e coordinate,2026-08,6183,6183,2026-08-03,079036,D181,c_d181
CAMPANIA,SALERNO,SAN GREGORIO MAGNO,6622,6622,100.0,1,1,Aggiunti civici e coordinate,2026-08,6621,6621,2026-08-03,065120,H943,c_h943
EMILIA ROMAGNA,FERRARA,ARGENTA,9435,9435,100.0,1,1,Aggiunti civici e coordinate,2026-08,9434,9434,2026-08-03,038001,A393,c_a393
EMILIA ROMAGNA,PIACENZA,BOBBIO,2875,2875,100.0,1,1,Aggiunti civici e coordinate,2026-08,2874,2874,2026-08-03,033005,A909,c_a909
EMILIA ROMAGNA,PIACENZA,CORTE BRUGNATELLA,761,761,100.0,1,1,Aggiunti civici e coordinate,2026-08,760,760,2026-08-03,033017,D054,c_0res
EMILIA ROMAGNA,RAVENNA,COTIGNOLA,5095,5095,100.0,1,1,Aggiunti civici e coordinate,2026-08,5094,5094,2026-08-03,039009,D121,C_D121
EMILIA ROMAGNA,RAVENNA,SANT'AGATA SUL SANTERNO,2252,2252,100.0,1,1,Aggiunti civici e coordinate,2026-08,2251,2251,2026-08-03,039017,I196,c_i196
EMILIA ROMAGNA,REGGIO EMILIA,CAMPAGNOLA EMILIA,2211,2211,100.0,1,1,Aggiunti civici e coordinate,2026-08,2210,2210,2026-08-03,035009,B499,c_b499
EMILIA ROMAGNA,REGGIO EMILIA,REGGIO NELL'EMILIA,47939,47939,100.0,1,1,Aggiunti civici e coordinate,2026-08,47938,47938,2026-08-03,035033,H223,c_h223
FRIULI VENEZIA GIULIA,UDINE,COLLOREDO DI MONTE ALBANO,1216,1216,100.0,1,1,Aggiunti civici e coordinate,2026-08,1215,1215,2026-08-03,030028,C885,c_c885
FRIULI VENEZIA GIULIA,UDINE,MORUZZO,1242,1242,100.0,1,1,Aggiunti civici e coordinate,2026-08,1241,1241,2026-08-03,030063,F760,c_f760
FRIULI VENEZIA GIULIA,UDINE,SAN VITO DI FAGAGNA,1009,1009,100.0,1,1,Aggiunti civici e coordinate,2026-08,1008,1008,2026-08-03,030106,I405,c_i405
FRIULI VENEZIA GIULIA,UDINE,UDINE,44717,44717,100.0,1,1,Aggiunti civici e coordinate,2026-08,44716,44716,2026-08-03,030129,L483,c_l483
LAZIO,LATINA,ROCCASECCA DEI VOLSCI,1471,1470,99.93,1,1,Aggiunti civici e coordinate,2026-08,1469,1470,2026-08-03,059023,H444,c_h444
LAZIO,ROMA,MARCELLINA,1823,1823,100.0,1,1,Aggiunti civici e coordinate,2026-08,1822,1822,2026-08-03,058056,E924,c_e924
LAZIO,ROMA,MORLUPO,3047,3047,100.0,1,1,Aggiunti civici e coordinate,2026-08,3046,3046,2026-08-03,058068,F734,c_f734
LAZIO,ROMA,SAN VITO ROMANO,2332,2332,100.0,1,1,Aggiunti civici e coordinate,2026-08,2331,2331,2026-08-03,058100,I400,c_h494
LAZIO,VITERBO,MONTALTO DI CASTRO,9179,203,2.21,1,1,Aggiunti civici e coordinate,2026-08,202,9178,2026-08-03,056035,F419,c_f419
LIGURIA,IMPERIA,PIEVE DI TECO,1836,1836,100.0,1,1,Aggiunti civici e coordinate,2026-08,1835,1835,2026-08-03,008042,G632,c_g632
LIGURIA,LA SPEZIA,LA SPEZIA,31517,31517,100.0,1,1,Aggiunti civici e coordinate,2026-08,31516,31516,2026-08-03,011015,E463,c_e463
LOMBARDIA,BERGAMO,OLMO AL BREMBO,337,337,100.0,1,1,Aggiunti civici e coordinate,2026-08,336,336,2026-08-03,016145,G049,c_g049
LOMBARDIA,BERGAMO,PEIA,1047,1047,100.0,1,1,Aggiunti civici e coordinate,2026-08,1046,1046,2026-08-03,016161,G418,c_g418
LOMBARDIA,BRESCIA,BORGOSATOLLO,3590,3590,100.0,1,1,Aggiunti civici e coordinate,2026-08,3589,3589,2026-08-03,017021,B040,c_b040
LOMBARDIA,BRESCIA,CORTE FRANCA,3938,3938,100.0,1,1,Aggiunti civici e coordinate,2026-08,3937,3937,2026-08-03,017062,D058,c_d058
LOMBARDIA,BRESCIA,POLAVENO,989,989,100.0,1,1,Aggiunti civici e coordinate,2026-08,988,988,2026-08-03,017144,G779,c_g779
LOMBARDIA,COMO,TORNO,422,422,100.0,1,1,Aggiunti civici e coordinate,2026-08,421,421,2026-08-03,013223,L228,c_l228
LOMBARDIA,LECCO,CALOLZIOCORTE,3533,1,0.03,1,1,Aggiunti civici e coordinate,2026-08,0,3532,2026-08-03,097013,B423,c_b423
LOMBARDIA,LECCO,CORTENOVA,689,689,100.0,1,1,Aggiunti civici e coordinate,2026-08,688,688,2026-08-03,097025,D065,c_d065
LOMBARDIA,LODI,SOMAGLIA,1705,1705,100.0,1,1,Aggiunti civici e coordinate,2026-08,1704,1704,2026-08-03,098054,I815,c_i815
LOMBARDIA,MANTOVA,GONZAGA,3815,3815,100.0,1,1,Aggiunti civici e coordinate,2026-08,3814,3814,2026-08-03,020027,E089,c_e089
LOMBARDIA,MONZA E DELLA BRIANZA,CESANO MADERNO,8509,8509,100.0,1,1,Aggiunti civici e coordinate,2026-08,8508,8508,2026-08-03,108019,C566,c_c566
LOMBARDIA,MONZA E DELLA BRIANZA,LISSONE,13775,13772,99.98,1,1,Aggiunti civici e coordinate,2026-08,13771,13774,2026-08-03,108028,E617,c_e617
LOMBARDIA,SONDRIO,MAZZO DI VALTELLINA,823,823,100.0,1,1,Aggiunti civici e coordinate,2026-08,822,822,2026-08-03,014040,F070,c_f070
LOMBARDIA,VARESE,CASORATE SEMPIONE,3052,3052,100.0,1,1,Aggiunti civici e coordinate,2026-08,3051,3051,2026-08-03,012039,B987,c_b987
LOMBARDIA,VARESE,INDUNO OLONA,2331,143,6.13,1,1,Aggiunti civici e coordinate,2026-08,142,2330,2026-08-03,012083,E299,c_e299
MARCHE,PESARO E URBINO,MONTELABBATE,4159,4159,100.0,1,1,Aggiunti civici e coordinate,2026-08,4158,4158,2026-08-03,041036,F533,c_f533
MARCHE,PESARO E URBINO,SANT'IPPOLITO,1018,1018,100.0,1,1,Aggiunti civici e coordinate,2026-08,1017,1017,2026-08-03,041058,I344,c_l344
PIEMONTE,ALESSANDRIA,ALICE BEL COLLE,612,612,100.0,1,1,Aggiunti civici e coordinate,2026-08,611,611,2026-08-03,006005,A197,c_a197
PIEMONTE,ALESSANDRIA,OVADA,5353,5353,100.0,1,1,Aggiunti civici e coordinate,2026-08,5352,5352,2026-08-03,006121,G197,c_g197
PIEMONTE,BIELLA,BIELLA,15313,15313,100.0,1,1,Aggiunti civici e coordinate,2026-08,15312,15312,2026-08-03,096004,A859,c_a859
PIEMONTE,BIELLA,SORDEVOLO,922,1,0.11,1,1,Aggiunti civici e coordinate,2026-08,0,921,2026-08-03,096063,I847,c_i847
PIEMONTE,CUNEO,PAROLDO,281,281,100.0,1,1,Aggiunti civici e coordinate,2026-08,280,280,2026-08-03,004160,G339,c_g339
PIEMONTE,NOVARA,DIVIGNANO,792,792,100.0,1,1,Aggiunti civici e coordinate,2026-08,791,791,2026-08-03,003060,D309,c_d309
PIEMONTE,NOVARA,SAN PIETRO MOSEZZO,1692,1692,100.0,1,1,Aggiunti civici e coordinate,2026-08,1691,1691,2026-08-03,003135,I116,c_i116
PIEMONTE,TORINO,CASELLE TORINESE,3388,3388,100.0,1,1,Aggiunti civici e coordinate,2026-08,3387,3387,2026-08-03,001063,B960,c_b960
PIEMONTE,TORINO,GIAVENO,6651,6651,100.0,1,1,Aggiunti civici e coordinate,2026-08,6650,6650,2026-08-03,001115,E020,c_e020
PIEMONTE,TORINO,PRASCORSANO,583,583,100.0,1,1,Aggiunti civici e coordinate,2026-08,582,582,2026-08-03,001206,G988,c_g988
PIEMONTE,TORINO,VENARIA REALE,3716,3716,100.0,1,1,Aggiunti civici e coordinate,2026-08,3715,3715,2026-08-03,001292,L727,c_l727
PIEMONTE,VERBANO-CUSIO-OSSOLA,PREMENO,699,699,100.0,1,1,Aggiunti civici e coordinate,2026-08,698,698,2026-08-03,103055,H030,c_h030
PIEMONTE,VERCELLI,GATTINARA,4578,4578,100.0,1,1,Aggiunti civici e coordinate,2026-08,4577,4577,2026-08-03,002061,D938,c_d938
PUGLIA,LECCE,GIUGGIANELLO,1721,1721,100.0,1,1,Aggiunti civici e coordinate,2026-08,1720,1720,2026-08-03,075032,E053,c_e053
PUGLIA,LECCE,GUAGNANO,6478,6478,100.0,1,1,Aggiunti civici e coordinate,2026-08,6477,6477,2026-08-03,075034,E227,c_e227
SARDEGNA,SUD SARDEGNA,IGLESIAS,12183,12183,100.0,1,1,Aggiunti civici e coordinate,2026-08,12182,12182,2026-08-03,119009,E281,c_e281
SICILIA,CATANIA,LINGUAGLOSSA,7015,7015,100.0,1,1,Aggiunti civici e coordinate,2026-08,7014,7014,2026-08-03,087021,E602,c_e602
SICILIA,TRAPANI,PACECO,11252,11252,100.0,1,1,Aggiunti civici e coordinate,2026-08,11251,11251,2026-08-03,081013,G208,c_g208
SICILIA,TRAPANI,TRAPANI,23850,23850,100.0,1,1,Aggiunti civici e coordinate,2026-08,23849,23849,2026-08-03,081021,L331,c_l331
TOSCANA,PISTOIA,MONSUMMANO TERME,13403,13403,100.0,1,1,Aggiunti civici e coordinate,2026-08,13402,13402,2026-08-03,047009,F384,c_f384
TOSCANA,SIENA,SIENA,19485,19485,100.0,1,1,Aggiunti civici e coordinate,2026-08,19484,19484,2026-08-03,052032,I726,c_i726
TRENTINO ALTO ADIGE,BOLZANO,VELTURNO,766,766,100.0,1,1,Aggiunti civici e coordinate,2026-08,765,765,2026-08-03,021116,L724,c_l724
TRENTINO ALTO ADIGE,TRENTO,TELVE,1288,1288,100.0,1,1,Aggiunti civici e coordinate,2026-08,1287,1287,2026-08-03,022188,L089,c_l089
UMBRIA,PERUGIA,TORGIANO,2349,2349,100.0,1,1,Aggiunti civici e coordinate,2026-08,2348,2348,2026-08-03,054053,L216,c_l216
VALLE D'AOSTA,AOSTA,SAINT-PIERRE,1881,1881,100.0,1,1,Aggiunti civici e coordinate,2026-08,1880,1880,2026-08-03,007063,H674,c_h674
VENETO,PADOVA,CAMPO SAN MARTINO,2623,2623,100.0,1,1,Aggiunti civici e coordinate,2026-08,2622,2622,2026-08-03,028020,B564,c_b564
VENETO,PADOVA,VESCOVANA,1009,1009,100.0,1,1,Aggiunti civici e coordinate,2026-08,1008,1008,2026-08-03,028097,L805,c_l805
VENETO,ROVIGO,OCCHIOBELLO,8661,8661,100.0,1,1,Aggiunti civici e coordinate,2026-08,8660,8660,2026-08-03,029033,F994,c_f994
VENETO,TREVISO,FONTE,2766,2766,100.0,1,1,Aggiunti civici e coordinate,2026-08,2765,2765,2026-08-03,026029,D680,c_d680
VENETO,TREVISO,FREGONA,2109,2109,100.0,1,1,Aggiunti civici e coordinate,2026-08,2108,2108,2026-08-03,026030,D794,c_d794
VENETO,TREVISO,GIAVERA DEL MONTELLO,2138,2138,100.0,1,1,Aggiunti civici e coordinate,2026-08,2137,2137,2026-08-03,026032,E021,c_e021
VENETO,TREVISO,PAESE,7830,7830,100.0,1,1,Aggiunti civici e coordinate,2026-08,7829,7829,2026-08-03,026055,G229,c_g229
VENETO,TREVISO,RIESE PIO X,4532,4532,100.0,1,1,Aggiunti civici e coordinate,2026-08,4531,4531,2026-08-03,026068,H280,c_h280
VENETO,VERONA,PESCHIERA DEL GARDA,4416,4416,100.0,1,1,Aggiunti civici e coordinate,2026-08,4415,4415,2026-08-03,023059,G489,c_g489
VENETO,VICENZA,MONTEGALDA,1507,1507,100.0,1,1,Aggiunti civici e coordinate,2026-08,1506,1506,2026-08-03,024064,F514,c_f514
VENETO,VICENZA,SAN PIETRO MUSSOLINO,871,871,100.0,1,1,Aggiunti civici e coordinate,2026-08,870,870,2026-08-03,024094,I117,c_i117
VENETO,VICENZA,SOSSANO,2826,2826,100.0,1,1,Aggiunti civici e coordinate,2026-08,2825,2825,2026-08-03,024102,I867,c_i867
LIGURIA,SAVONA,ZUCCARELLO,656,656,100.0,1,0,Aggiunte coordinate,2026-08,655,656,2026-08-03,009069,M197,c_m197
LOMBARDIA,COMO,LURAGO D'ERBA,1587,1581,99.62,1,0,Aggiunte coordinate,2026-08,1580,1587,2026-08-03,013136,E749,c_e749
LOMBARDIA,PAVIA,MORTARA,5138,156,3.04,1,0,Aggiunte coordinate,2026-08,155,5138,2026-08-03,018102,F754,c_f754
PIEMONTE,CUNEO,VERNANTE,832,9,1.08,1,0,Aggiunte coordinate,2026-08,8,832,2026-08-03,004239,L771,c_l771
PIEMONTE,TORINO,SALASSA,1073,1,0.09,1,0,Aggiunte coordinate,2026-08,0,1073,2026-08-03,001231,H691,c_h691
SARDEGNA,SUD SARDEGNA,LAS PLASSAS,214,1,0.47,1,0,Aggiunte coordinate,2026-08,0,214,2026-08-03,117009,E464,c_e464
TOSCANA,PISA,CALCI,4352,1,0.02,1,0,Aggiunte coordinate,2026-08,0,4352,2026-08-03,050003,B390,c_b390
TOSCANA,SIENA,CASTIGLIONE D'ORCIA,3193,22,0.69,1,0,Aggiunte coordinate,2026-08,21,3193,2026-08-03,052007,C313,c_c313
VALLE D'AOSTA,AOSTA,CHÂTILLON,2580,3,0.12,1,0,Aggiunte coordinate,2026-08,2,2580,2026-08-03,007020,C294,c_c294
VENETO,BELLUNO,CANALE D'AGORDO,1157,1157,100.0,1,-21,In calo,2026-08,1156,1178,2026-08-03,025023,B574,c_b574
VENETO,VENEZIA,PORTOGRUARO,14544,14515,99.8,1,-25,In calo,2026-08,14514,14569,2026-08-03,027029,G914,c_g914
MARCHE,FERMO,RAPAGNANO,2500,2500,100.0,1,-51,In calo,2026-08,2499,2551,2026-08-03,109035,H182,c_h182
PIEMONTE,NOVARA,BORGOMANERO,6186,6184,99.97,1,-100,In calo,2026-08,6183,6286,2026-08-03,003024,B019,c_b019
MARCHE,PESARO E URBINO,COLLI AL METAURO,7201,0,0.0,0,707,Aggiunti civici,2026-08,0,6494,2026-08-03,041069,M380,cdcoame
VENETO,VERONA,NEGRAR DI VALPOLICELLA,5864,5477,93.4,0,387,Aggiunti civici,2026-08,5477,5477,2026-08-03,023052,F861,c_f861
LIGURIA,LA SPEZIA,CASTELNUOVO MAGRA,4540,0,0.0,0,239,Aggiunti civici,2026-08,0,4301,2026-08-03,011011,C240,c_c240
LOMBARDIA,PAVIA,MONTALTO PAVESE,1332,1135,85.21,0,197,Aggiunti civici,2026-08,1135,1135,2026-08-03,018094,F417,c_f417
PUGLIA,BARI,BARI,73221,75,0.1,0,179,Aggiunti civici,2026-08,75,73042,2026-08-03,072006,A662,c_a662
CAMPANIA,BENEVENTO,CASALDUNI,936,777,83.01,0,159,Aggiunti civici,2026-08,777,777,2026-08-03,062015,B873,c_b873
PIEMONTE,TORINO,TORINO,109634,0,0.0,0,146,Aggiunti civici,2026-08,0,109488,2026-08-03,001272,L219,c_l219
VENETO,PADOVA,MONTEGROTTO TERME,4557,4457,97.81,0,100,Aggiunti civici,2026-08,4457,4457,2026-08-03,028057,F529,c_f529
CALABRIA,REGGIO CALABRIA,MOTTA SAN GIOVANNI,6406,6342,99.0,0,64,Aggiunti civici,2026-08,6342,6342,2026-08-03,080054,F779,c_f779
VENETO,PADOVA,PERNUMIA,1910,1848,96.75,0,62,Aggiunti civici,2026-08,1848,1848,2026-08-03,028061,G461,c_g461
MARCHE,ANCONA,OSIMO,12582,9,0.07,0,57,Aggiunti civici,2026-08,9,12525,2026-08-03,042034,G157,c_g157
LOMBARDIA,PAVIA,VELLEZZO BELLINI,1702,1646,96.71,0,56,Aggiunti civici,2026-08,1646,1646,2026-08-03,018173,L720,c_l720
PIEMONTE,TORINO,PIANEZZA,3078,3023,98.21,0,55,Aggiunti civici,2026-08,3023,3023,2026-08-03,001189,G559,c_g559
LAZIO,ROMA,GUIDONIA MONTECELIO,22321,22274,99.79,0,47,Aggiunti civici,2026-08,22274,22274,2026-08-03,058047,E263,c_e263
TRENTINO ALTO ADIGE,BOLZANO,TIROLO,928,884,95.26,0,44,Aggiunti civici,2026-08,884,884,2026-08-03,021101,L178,c_l178
VENETO,VICENZA,SOVIZZO,4241,478,11.27,0,37,Aggiunti civici,2026-08,478,4204,2026-08-03,024128,M436,40B59AWR
LOMBARDIA,MONZA E DELLA BRIANZA,GIUSSANO,10264,10231,99.68,0,33,Aggiunti civici,2026-08,10231,10231,2026-08-03,108024,E063,c_e063
PIEMONTE,TORINO,CASTELLAMONTE,5046,0,0.0,0,30,Aggiunti civici,2026-08,0,5016,2026-08-03,001066,C133,c_c133
LOMBARDIA,BERGAMO,URGNANO,3529,0,0.0,0,28,Aggiunti civici,2026-08,0,3501,2026-08-03,016222,L502,c_l502
PIEMONTE,TORINO,BOSCONERO,1662,1635,98.38,0,27,Aggiunti civici,2026-08,1635,1635,2026-08-03,001033,B075,c_b075
TOSCANA,SIENA,SARTEANO,2970,2943,99.09,0,27,Aggiunti civici,2026-08,2943,2943,2026-08-03,052031,I445,c_i445
VENETO,VERONA,BOVOLONE,6274,6247,99.57,0,27,Aggiunti civici,2026-08,6247,6247,2026-08-03,023012,B107,c_b107
LOMBARDIA,LECCO,BOSISIO PARINI,817,746,91.31,0,26,Aggiunti civici,2026-08,746,791,2026-08-03,097009,B081,c_b081
LIGURIA,IMPERIA,SANTO STEFANO AL MARE,1349,1324,98.15,0,24,Aggiunti civici,2026-08,1324,1325,2026-08-03,008056,I365,c_l365
ABRUZZO,TERAMO,GIULIANOVA,10749,10726,99.79,0,23,Aggiunti civici,2026-08,10726,10726,2026-08-03,067025,E058,c_e058
EMILIA ROMAGNA,REGGIO EMILIA,NOVELLARA,5687,5644,99.24,0,23,Aggiunti civici,2026-08,5644,5664,2026-08-03,035028,F960,c_f960
ABRUZZO,CHIETI,CRECCHIO,2158,0,0.0,0,21,Aggiunti civici,2026-08,0,2137,2026-08-03,069027,D137,c_d137
LOMBARDIA,MANTOVA,CASTIGLIONE DELLE STIVIERE,8698,8678,99.77,0,20,Aggiunti civici,2026-08,8678,8678,2026-08-03,020017,C312,c_c312
SARDEGNA,NUORO,ORANI,3050,3030,99.34,0,20,Aggiunti civici,2026-08,3030,3030,2026-08-03,114034,G084,c_g084
LOMBARDIA,SONDRIO,GROSOTTO,842,0,0.0,0,18,Aggiunti civici,2026-08,0,824,2026-08-03,014034,E201,c_e201
CALABRIA,COSENZA,CORIGLIANO-ROSSANO,31552,31525,99.91,0,17,Aggiunti civici,2026-08,31525,31535,2026-08-03,078157,M403,c_m403
LOMBARDIA,BRESCIA,DELLO,2295,8,0.35,0,17,Aggiunti civici,2026-08,8,2278,2026-08-03,017066,D270,c_d270
LOMBARDIA,LECCO,COLICO,4262,0,0.0,0,17,Aggiunti civici,2026-08,0,4245,2026-08-03,097023,C839,c_c839
LOMBARDIA,BERGAMO,CHIUDUNO,1820,1800,98.9,0,16,Aggiunti civici,2026-08,1800,1804,2026-08-03,016073,C649,c_c649
TOSCANA,LIVORNO,COLLESALVETTI,8192,0,0.0,0,16,Aggiunti civici,2026-08,0,8176,2026-08-03,049008,C869,c_c869
CALABRIA,REGGIO CALABRIA,REGGIO DI CALABRIA,65774,0,0.0,0,15,Aggiunti civici,2026-08,0,65759,2026-08-03,080063,H224,c_h224
CAMPANIA,NAPOLI,VOLLA,6493,0,0.0,0,15,Aggiunti civici,2026-08,0,6478,2026-08-03,063089,M115,c_m115
EMILIA ROMAGNA,BOLOGNA,CASTEL SAN PIETRO TERME,8384,8370,99.83,0,12,Aggiunti civici,2026-08,8370,8372,2026-08-03,037020,C265,c_c265
EMILIA ROMAGNA,BOLOGNA,SAN PIETRO IN CASALE,6658,6640,99.73,0,12,Aggiunti civici,2026-08,6640,6646,2026-08-03,037055,I110,c_i110
FRIULI VENEZIA GIULIA,PORDENONE,MANIAGO,4465,0,0.0,0,12,Aggiunti civici,2026-08,0,4453,2026-08-03,093025,E889,c_e889
LOMBARDIA,BRESCIA,VOBARNO,3151,3137,99.56,0,12,Aggiunti civici,2026-08,3137,3139,2026-08-03,017204,M104,c_m104
LOMBARDIA,MILANO,NOVATE MILANESE,4282,0,0.0,0,12,Aggiunti civici,2026-08,0,4270,2026-08-03,015157,F955,c_f955
PUGLIA,FOGGIA,CASTELLUCCIO DEI SAURI,2114,0,0.0,0,12,Aggiunti civici,2026-08,0,2102,2026-08-03,071015,C198,c_c198
TOSCANA,SIENA,MONTEPULCIANO,9841,0,0.0,0,12,Aggiunti civici,2026-08,0,9829,2026-08-03,052015,F592,c_f592
VENETO,VERONA,ZEVIO,8134,0,0.0,0,12,Aggiunti civici,2026-08,0,8122,2026-08-03,023097,M172,c_m172
EMILIA ROMAGNA,FORLI,SAVIGNANO SUL RUBICONE,8013,0,0.0,0,11,Aggiunti civici,2026-08,0,8002,2026-08-03,040045,I472,c_i472
LOMBARDIA,LECCO,MERATE,4083,4071,99.71,0,11,Aggiunti civici,2026-08,4071,4072,2026-08-03,097048,F133,c_f133
VENETO,VERONA,ISOLA DELLA SCALA,4423,4407,99.64,0,11,Aggiunti civici,2026-08,4407,4412,2026-08-03,023040,E349,c_e349
VENETO,VICENZA,ROMANO D'EZZELINO,8317,8306,99.87,0,11,Aggiunti civici,2026-08,8306,8306,2026-08-03,024086,H512,c_h512
CALABRIA,CATANZARO,OLIVADI,2207,2197,99.55,0,10,Aggiunti civici,2026-08,2197,2197,2026-08-03,079088,G034,c_g034
LOMBARDIA,BRESCIA,CORZANO,558,0,0.0,0,10,Aggiunti civici,2026-08,0,548,2026-08-03,017064,D082,c_d082
PIEMONTE,ASTI,CASTELNUOVO DON BOSCO,2129,2119,99.53,0,10,Aggiunti civici,2026-08,2119,2119,2026-08-03,005031,C232,c_c232
PIEMONTE,BIELLA,ZUBIENA,1283,0,0.0,0,10,Aggiunti civici,2026-08,0,1273,2026-08-03,096082,M196,c_m196
SICILIA,PALERMO,BALESTRATE,4452,4442,99.78,0,10,Aggiunti civici,2026-08,4442,4442,2026-08-03,082007,A592,c_a592
TOSCANA,AREZZO,MONTEVARCHI,16247,16236,99.93,0,10,Aggiunti civici,2026-08,16236,16237,2026-08-03,051026,F656,c_f656
VENETO,PADOVA,VIGONZA,8655,8639,99.82,0,10,Aggiunti civici,2026-08,8639,8645,2026-08-03,028100,L900,c_l900
CALABRIA,CATANZARO,CATANZARO,32489,32480,99.97,0,9,Aggiunti civici,2026-08,32480,32480,2026-08-03,079023,C352,c_c352
EMILIA ROMAGNA,PARMA,SORBOLO MEZZANI,4340,4331,99.79,0,9,Aggiunti civici,2026-08,4331,4331,2026-08-03,034051,M411,c_m411
EMILIA ROMAGNA,REGGIO EMILIA,GUASTALLA,6999,6977,99.69,0,9,Aggiunti civici,2026-08,6977,6990,2026-08-03,035024,E253,c_e253
PIEMONTE,ASTI,ISOLA D'ASTI,1484,0,0.0,0,9,Aggiunti civici,2026-08,0,1475,2026-08-03,005059,E338,c_e338
PUGLIA,LECCE,CASTRIGNANO DEL CAPO,7473,7457,99.79,0,9,Aggiunti civici,2026-08,7457,7464,2026-08-03,075019,C336,c_c336
SARDEGNA,SUD SARDEGNA,SAN VITO,3947,3938,99.77,0,9,Aggiunti civici,2026-08,3938,3938,2026-08-03,118045,I402,c_i402
TOSCANA,LUCCA,CAMAIORE,29708,29699,99.97,0,9,Aggiunti civici,2026-08,29699,29699,2026-08-03,046005,B455,c_b455
LOMBARDIA,BRESCIA,BOTTICINO,3213,3205,99.75,0,8,Aggiunti civici,2026-08,3205,3205,2026-08-03,017023,B091,c_b091
LOMBARDIA,MONZA E DELLA BRIANZA,VAREDO,4675,6,0.13,0,8,Aggiunti civici,2026-08,6,4667,2026-08-03,108045,L677,c_l677
LOMBARDIA,PAVIA,FILIGHERA,577,569,98.61,0,8,Aggiunti civici,2026-08,569,569,2026-08-03,018063,D594,c_d594
VENETO,PADOVA,SAONARA,3971,3955,99.6,0,8,Aggiunti civici,2026-08,3955,3963,2026-08-03,028085,I418,c_i418
VENETO,PADOVA,VIGODARZERE,5032,0,0.0,0,8,Aggiunti civici,2026-08,0,5024,2026-08-03,028099,L892,c_l892
CAMPANIA,AVELLINO,ATRIPALDA,4159,65,1.56,0,7,Aggiunti civici,2026-08,65,4152,2026-08-03,064006,A489,c_a489
FRIULI VENEZIA GIULIA,PORDENONE,VIVARO,921,0,0.0,0,7,Aggiunti civici,2026-08,0,914,2026-08-03,093050,M096,c_m096
LOMBARDIA,BRESCIA,BORGO SAN GIACOMO,2192,0,0.0,0,7,Aggiunti civici,2026-08,0,2185,2026-08-03,017020,B035,c_b035
LOMBARDIA,BRESCIA,ROVATO,10232,10225,99.93,0,7,Aggiunti civici,2026-08,10225,10225,2026-08-03,017166,H598,c_h598
LOMBARDIA,MANTOVA,SUZZARA,8498,8491,99.92,0,7,Aggiunti civici,2026-08,8491,8491,2026-08-03,020065,L020,c_l020
MARCHE,MACERATA,RIPE SAN GINESIO,862,0,0.0,0,7,Aggiunti civici,2026-08,0,855,2026-08-03,043045,H323,c_h323
PIEMONTE,ALESSANDRIA,PONTESTURA,1266,1259,99.45,0,7,Aggiunti civici,2026-08,1259,1259,2026-08-03,006133,G858,c_g858
PIEMONTE,CUNEO,DRONERO,4135,4128,99.83,0,7,Aggiunti civici,2026-08,4128,4128,2026-08-03,004082,D372,c_d372
PIEMONTE,NOVARA,INVORIO,2487,0,0.0,0,7,Aggiunti civici,2026-08,0,2480,2026-08-03,003082,E314,c_e314
SICILIA,MESSINA,MILAZZO,12471,12464,99.94,0,7,Aggiunti civici,2026-08,12464,12464,2026-08-03,083049,F206,c_f206
TOSCANA,LIVORNO,PIOMBINO,12159,12152,99.94,0,7,Aggiunti civici,2026-08,12152,12152,2026-08-03,049012,G687,c_g687
VENETO,TREVISO,ZERO BRANCO,4367,4360,99.84,0,7,Aggiunti civici,2026-08,4360,4360,2026-08-03,026095,M171,c_m171
CAMPANIA,SALERNO,CAPACCIO PAESTUM,13423,13417,99.96,0,6,Aggiunti civici,2026-08,13417,13417,2026-08-03,065025,B644,c_b644
CAMPANIA,SALERNO,MONTECORVINO ROVELLA,6153,0,0.0,0,6,Aggiunti civici,2026-08,0,6147,2026-08-03,065073,F481,c_f481
EMILIA ROMAGNA,REGGIO EMILIA,REGGIOLO,5015,5009,99.88,0,6,Aggiunti civici,2026-08,5009,5009,2026-08-03,035032,H225,c_h225
FRIULI VENEZIA GIULIA,PORDENONE,SPILIMBERGO,4625,4619,99.87,0,6,Aggiunti civici,2026-08,4619,4619,2026-08-03,093044,I904,c_i904
LAZIO,RIETI,RIETI,19870,19863,99.96,0,6,Aggiunti civici,2026-08,19863,19864,2026-08-03,057059,H282,c_h282
LIGURIA,GENOVA,CHIAVARI,10190,0,0.0,0,6,Aggiunti civici,2026-08,0,10184,2026-08-03,010015,C621,c_c621
LIGURIA,LA SPEZIA,BOLANO,3384,0,0.0,0,6,Aggiunti civici,2026-08,0,3378,2026-08-03,011004,A932,c_a932
LOMBARDIA,BRESCIA,SALE MARASINO,3086,3080,99.81,0,6,Aggiunti civici,2026-08,3080,3080,2026-08-03,017169,H699,c_h699
LOMBARDIA,MANTOVA,ROVERBELLA,5003,4997,99.88,0,6,Aggiunti civici,2026-08,4997,4997,2026-08-03,020053,H604,c_h604
LOMBARDIA,SONDRIO,DUBINO,1349,1343,99.56,0,6,Aggiunti civici,2026-08,1343,1343,2026-08-03,014027,D377,c_d377
MOLISE,ISERNIA,VASTOGIRARDI,2042,2036,99.71,0,6,Aggiunti civici,2026-08,2036,2036,2026-08-03,094051,L696,c_l696
PIEMONTE,TORINO,BALDISSERO TORINESE,824,818,99.27,0,6,Aggiunti civici,2026-08,818,818,2026-08-03,001018,A591,c_a591
TOSCANA,AREZZO,CASTIGLION FIORENTINO,9397,9391,99.94,0,6,Aggiunti civici,2026-08,9391,9391,2026-08-03,051012,C319,c_c319
TOSCANA,AREZZO,MONTE SAN SAVINO,5658,5652,99.89,0,6,Aggiunti civici,2026-08,5652,5652,2026-08-03,051025,F628,c_f628
VENETO,ROVIGO,FRATTA POLESINE,1960,0,0.0,0,6,Aggiunti civici,2026-08,0,1954,2026-08-03,029024,D788,c_d788
VENETO,TREVISO,RESANA,4010,4004,99.85,0,6,Aggiunti civici,2026-08,4004,4004,2026-08-03,026066,H238,c_h238
EMILIA ROMAGNA,BOLOGNA,DOZZA,2757,2752,99.82,0,5,Aggiunti civici,2026-08,2752,2752,2026-08-03,037025,D360,c_d360
FRIULI VENEZIA GIULIA,PORDENONE,POLCENIGO,2678,0,0.0,0,5,Aggiunti civici,2026-08,0,2673,2026-08-03,093031,G780,c_g780
LIGURIA,GENOVA,SERRA RICCÒ,3325,0,0.0,0,5,Aggiunti civici,2026-08,0,3320,2026-08-03,010058,I640,c_jz4m
LOMBARDIA,BERGAMO,CLUSONE,3110,3105,99.84,0,5,Aggiunti civici,2026-08,3105,3105,2026-08-03,016077,C800,c_c800
LOMBARDIA,BRESCIA,VALLIO TERME,971,960,98.87,0,5,Aggiunti civici,2026-08,960,966,2026-08-03,017193,L626,c_1jzf
LOMBARDIA,MILANO,MAGENTA,7986,7,0.09,0,5,Aggiunti civici,2026-08,7,7981,2026-08-03,015130,E801,c_e801
LOMBARDIA,VARESE,VENEGONO INFERIORE,1491,1486,99.66,0,5,Aggiunti civici,2026-08,1486,1486,2026-08-03,012136,L733,c_l733
PIEMONTE,CUNEO,CAVALLERLEONE,491,0,0.0,0,5,Aggiunti civici,2026-08,0,486,2026-08-03,004058,C375,c_c375
PIEMONTE,TORINO,VILLARBASSE,1227,0,0.0,0,5,Aggiunti civici,2026-08,0,1222,2026-08-03,001302,M002,c_m002
TRENTINO ALTO ADIGE,TRENTO,MOLVENO,616,0,0.0,0,5,Aggiunti civici,2026-08,0,611,2026-08-03,022120,F307,c_f307
VENETO,VERONA,SAN GIOVANNI ILARIONE,2678,0,0.0,0,5,Aggiunti civici,2026-08,0,2673,2026-08-03,023070,H916,c_h916
ABRUZZO,AQUILA,PACENTRO,2639,2635,99.85,0,4,Aggiunti civici,2026-08,2635,2635,2026-08-03,066066,G210,c_g210
CALABRIA,CROTONE,CROTONE,16794,16756,99.77,0,4,Aggiunti civici,2026-08,16756,16790,2026-08-03,101010,D122,c_d122
CALABRIA,REGGIO CALABRIA,TAURIANOVA,11810,11806,99.97,0,4,Aggiunti civici,2026-08,11806,11806,2026-08-03,080093,L063,c_l063
CAMPANIA,SALERNO,SANT'ANGELO A FASANELLA,1302,0,0.0,0,4,Aggiunti civici,2026-08,0,1298,2026-08-03,065128,I278,c_i278
EMILIA ROMAGNA,BOLOGNA,SASSO MARCONI,4815,4811,99.92,0,4,Aggiunti civici,2026-08,4811,4811,2026-08-03,037057,G972,c_g972
FRIULI VENEZIA GIULIA,PORDENONE,SESTO AL REGHENA,3340,0,0.0,0,4,Aggiunti civici,2026-08,0,3336,2026-08-03,093043,I686,c_i686
FRIULI VENEZIA GIULIA,UDINE,MOIMACCO,629,0,0.0,0,4,Aggiunti civici,2026-08,0,625,2026-08-03,030060,F275,c_f275
LAZIO,ROMA,CERVETERI,18829,18825,99.98,0,4,Aggiunti civici,2026-08,18825,18825,2026-08-03,058029,C552,c_c552
LIGURIA,IMPERIA,TAGGIA,5974,0,0.0,0,4,Aggiunti civici,2026-08,0,5970,2026-08-03,008059,L024,c_l024
LOMBARDIA,BERGAMO,PRESEZZO,2301,2297,99.83,0,4,Aggiunti civici,2026-08,2297,2297,2026-08-03,016176,H046,c_h046
LOMBARDIA,BRESCIA,CASTO,647,643,99.38,0,4,Aggiunti civici,2026-08,643,643,2026-08-03,017044,C330,c_l406
LOMBARDIA,BRESCIA,ODOLO,1081,1077,99.63,0,4,Aggiunti civici,2026-08,1077,1077,2026-08-03,017121,G001,c_g001
LOMBARDIA,MILANO,BAREGGIO,4980,5,0.1,0,4,Aggiunti civici,2026-08,5,4976,2026-08-03,015012,A652,c_a652
LOMBARDIA,PAVIA,MENCONICO,639,635,99.37,0,4,Aggiunti civici,2026-08,635,635,2026-08-03,018089,F122,c_f122
PIEMONTE,ASTI,VILLANOVA D'ASTI,2233,2229,99.82,0,4,Aggiunti civici,2026-08,2229,2229,2026-08-03,005118,L984,c_l984
PIEMONTE,TORINO,CHIERI,6779,6775,99.94,0,4,Aggiunti civici,2026-08,6775,6775,2026-08-03,001078,C627,c_c627
PIEMONTE,TORINO,CIRIÈ,5616,5612,99.93,0,4,Aggiunti civici,2026-08,5612,5612,2026-08-03,001086,C722,c_c722
PUGLIA,FOGGIA,MONTE SANT'ANGELO,8493,8489,99.95,0,4,Aggiunti civici,2026-08,8489,8489,2026-08-03,071033,F631,c_f631
SARDEGNA,SASSARI,URI,2521,46,1.82,0,4,Aggiunti civici,2026-08,46,2517,2026-08-03,112062,L503,c_l503
TOSCANA,GROSSETO,ARCIDOSSO,6922,6918,99.94,0,4,Aggiunti civici,2026-08,6918,6918,2026-08-03,053001,A369,c_a369
TRENTINO ALTO ADIGE,BOLZANO,LASA,1709,1705,99.77,0,4,Aggiunti civici,2026-08,1705,1705,2026-08-03,021042,E457,c_e457
VENETO,PADOVA,TEOLO,4277,0,0.0,0,4,Aggiunti civici,2026-08,0,4273,2026-08-03,028089,L100,c_l100
VENETO,VERONA,CEREA,10653,453,4.25,0,4,Aggiunti civici,2026-08,453,10649,2026-08-03,023025,C498,c_c498
VENETO,VERONA,ZIMELLA,1936,0,0.0,0,4,Aggiunti civici,2026-08,0,1932,2026-08-03,023098,M178,c_m178
VENETO,VICENZA,SCHIAVON,2129,2125,99.81,0,4,Aggiunti civici,2026-08,2125,2125,2026-08-03,024099,I527,c_i527
EMILIA ROMAGNA,PARMA,BARDI,2406,0,0.0,0,3,Aggiunti civici,2026-08,0,2403,2026-08-03,034002,A646,c_a646
FRIULI VENEZIA GIULIA,GORIZIA,STARANZANO,2687,0,0.0,0,3,Aggiunti civici,2026-08,0,2684,2026-08-03,031023,I939,c_i939
FRIULI VENEZIA GIULIA,UDINE,CODROIPO,11274,0,0.0,0,3,Aggiunti civici,2026-08,0,11271,2026-08-03,030027,C817,c_c817
FRIULI VENEZIA GIULIA,UDINE,PREMARIACCO,3078,0,0.0,0,3,Aggiunti civici,2026-08,0,3075,2026-08-03,030083,H029,c_h029
LAZIO,ROMA,FORMELLO,4774,4771,99.94,0,3,Aggiunti civici,2026-08,4771,4771,2026-08-03,058038,D707,c_d707
LAZIO,ROMA,LABICO,2331,2328,99.87,0,3,Aggiunti civici,2026-08,2328,2328,2026-08-03,058049,E392,c_e392
LIGURIA,LA SPEZIA,BRUGNATO,842,839,99.64,0,3,Aggiunti civici,2026-08,839,839,2026-08-03,011007,B214,c_b214
LOMBARDIA,BRESCIA,CALCINATO,5417,0,0.0,0,3,Aggiunti civici,2026-08,0,5414,2026-08-03,017032,B394,c_b394
LOMBARDIA,BRESCIA,PROVAGLIO VAL SABBIA,676,673,99.56,0,3,Aggiunti civici,2026-08,673,673,2026-08-03,017157,H077,c_h077
LOMBARDIA,COMO,ROVELLO PORRO,1407,0,0.0,0,3,Aggiunti civici,2026-08,0,1404,2026-08-03,013202,H602,c_h602
LOMBARDIA,CREMONA,CAMISANO,547,0,0.0,0,3,Aggiunti civici,2026-08,0,544,2026-08-03,019010,B484,c_b484
LOMBARDIA,PAVIA,TRIVOLZIO,1120,1117,99.73,0,3,Aggiunti civici,2026-08,1117,1117,2026-08-03,018163,L440,c_l440
MARCHE,MACERATA,SAN SEVERINO MARCHE,6423,0,0.0,0,3,Aggiunti civici,2026-08,0,6420,2026-08-03,043047,I156,c_i158
PIEMONTE,CUNEO,CAPRAUNA,415,0,0.0,0,3,Aggiunti civici,2026-08,0,412,2026-08-03,004039,B692,c_b692
PIEMONTE,TORINO,CUORGNÈ,3319,3316,99.91,0,3,Aggiunti civici,2026-08,3316,3316,2026-08-03,001098,D208,c_d208
PIEMONTE,VERBANO-CUSIO-OSSOLA,MASERA,782,0,0.0,0,3,Aggiunti civici,2026-08,0,779,2026-08-03,103042,F010,c_f010
PUGLIA,TARANTO,SAN GIORGIO IONICO,6311,0,0.0,0,3,Aggiunti civici,2026-08,0,6308,2026-08-03,073024,H882,c_h882
SICILIA,MESSINA,SANTA TERESA DI RIVA,5417,5414,99.94,0,3,Aggiunti civici,2026-08,5414,5414,2026-08-03,083089,I311,c_i311
TOSCANA,LUCCA,CASTELNUOVO DI GARFAGNANA,3561,0,0.0,0,3,Aggiunti civici,2026-08,0,3558,2026-08-03,046009,C236,c_c236
TRENTINO ALTO ADIGE,BOLZANO,ALDINO,989,986,99.7,0,3,Aggiunti civici,2026-08,986,986,2026-08-03,021001,A179,c_a179
TRENTINO ALTO ADIGE,BOLZANO,FALZES,920,914,99.35,0,3,Aggiunti civici,2026-08,914,917,2026-08-03,021030,D484,c_d484
TRENTINO ALTO ADIGE,BOLZANO,SAN PANCRAZIO,779,776,99.61,0,3,Aggiunti civici,2026-08,776,776,2026-08-03,021084,I065,c_i065
VENETO,PADOVA,OSPEDALETTO EUGANEO,2728,2725,99.89,0,3,Aggiunti civici,2026-08,2725,2725,2026-08-03,028059,G167,c_g167
VENETO,VERONA,SAN MARTINO BUON ALBERGO,4399,4396,99.93,0,3,Aggiunti civici,2026-08,4396,4396,2026-08-03,023073,I003,c_i003
VENETO,VICENZA,PIANEZZE,1026,0,0.0,0,3,Aggiunti civici,2026-08,0,1023,2026-08-03,024077,G560,c_g560
VENETO,VICENZA,ROTZO,856,0,0.0,0,3,Aggiunti civici,2026-08,0,853,2026-08-03,024089,H594,c_h594
ABRUZZO,AQUILA,AIELLI,1309,1307,99.85,0,2,Aggiunti civici,2026-08,1307,1307,2026-08-03,066002,A100,c_a100
ABRUZZO,AQUILA,VILLETTA BARREA,1198,1196,99.83,0,2,Aggiunti civici,2026-08,1196,1196,2026-08-03,066107,M041,c_m041
BASILICATA,POTENZA,LATRONICO,3277,3275,99.94,0,2,Aggiunti civici,2026-08,3275,3275,2026-08-03,076040,E474,c_e474
CALABRIA,CATANZARO,GIMIGLIANO,179,177,98.88,0,2,Aggiunti civici,2026-08,177,177,2026-08-03,079058,E031,c_e031
CAMPANIA,AVELLINO,MONTELLA,7777,0,0.0,0,2,Aggiunti civici,2026-08,0,7775,2026-08-03,064057,F546,c_f546
CAMPANIA,BENEVENTO,FOGLIANISE,2257,2255,99.91,0,2,Aggiunti civici,2026-08,2255,2255,2026-08-03,062030,D644,c_d644
CAMPANIA,CASERTA,MONDRAGONE,14485,14483,99.99,0,2,Aggiunti civici,2026-08,14483,14483,2026-08-03,061052,F352,c_f352
EMILIA ROMAGNA,FERRARA,VIGARANO MAINARDA,4284,4282,99.95,0,2,Aggiunti civici,2026-08,4282,4282,2026-08-03,038022,L868,c_l868
FRIULI VENEZIA GIULIA,GORIZIA,CORMONS,3335,0,0.0,0,2,Aggiunti civici,2026-08,0,3333,2026-08-03,031002,D014,C_d014
FRIULI VENEZIA GIULIA,GORIZIA,GORIZIA,12555,4860,38.71,0,2,Aggiunti civici,2026-08,4860,12553,2026-08-03,031007,E098,c_e098
FRIULI VENEZIA GIULIA,GORIZIA,ROMANS D'ISONZO,1923,0,0.0,0,2,Aggiunti civici,2026-08,0,1921,2026-08-03,031015,H514,c_h514
FRIULI VENEZIA GIULIA,UDINE,TRICESIMO,3635,3632,99.92,0,2,Aggiunti civici,2026-08,3632,3633,2026-08-03,030127,L421,c_l421
LAZIO,ROMA,CAMPAGNANO DI ROMA,6442,6440,99.97,0,2,Aggiunti civici,2026-08,6440,6440,2026-08-03,058015,B496,c_b496
LAZIO,ROMA,NEROLA,892,890,99.78,0,2,Aggiunti civici,2026-08,890,890,2026-08-03,058071,F871,c_f871
LIGURIA,GENOVA,COGOLETO,5891,7,0.12,0,2,Aggiunti civici,2026-08,7,5889,2026-08-03,010017,C823,c_c823
LIGURIA,GENOVA,RAPALLO,14353,14351,99.99,0,2,Aggiunti civici,2026-08,14351,14351,2026-08-03,010046,H183,c_h183
LOMBARDIA,BERGAMO,PRADALUNGA,1630,0,0.0,0,2,Aggiunti civici,2026-08,0,1628,2026-08-03,016173,G968,c_g968
LOMBARDIA,BRESCIA,GUSSAGO,6096,6094,99.97,0,2,Aggiunti civici,2026-08,6094,6094,2026-08-03,017081,E271,c_e271
LOMBARDIA,MANTOVA,OSTIGLIA,3858,0,0.0,0,2,Aggiunti civici,2026-08,0,3856,2026-08-03,020038,G186,c_g186
LOMBARDIA,MILANO,CESATE,2336,4,0.17,0,2,Aggiunti civici,2026-08,4,2334,2026-08-03,015076,C569,c_c569
LOMBARDIA,MILANO,SOLARO,2588,0,0.0,0,2,Aggiunti civici,2026-08,0,2586,2026-08-03,015213,I786,c_i786
LOMBARDIA,PAVIA,SAN MARTINO SICCOMARIO,2031,0,0.0,0,2,Aggiunti civici,2026-08,0,2029,2026-08-03,018137,I014,c_i014
LOMBARDIA,VARESE,MONVALLE,710,0,0.0,0,2,Aggiunti civici,2026-08,0,708,2026-08-03,012104,F703,c_f703
MARCHE,MACERATA,MONTECASSIANO,4136,4134,99.95,0,2,Aggiunti civici,2026-08,4134,4134,2026-08-03,043026,F454,c_f454
PIEMONTE,ALESSANDRIA,VALENZA,4959,4957,99.96,0,2,Aggiunti civici,2026-08,4957,4957,2026-08-03,006177,L570,c_l570
PIEMONTE,ASTI,MOMBERCELLI,1384,1382,99.86,0,2,Aggiunti civici,2026-08,1382,1382,2026-08-03,005066,F316,c_f316
PIEMONTE,TORINO,CUMIANA,3995,3993,99.95,0,2,Aggiunti civici,2026-08,3993,3993,2026-08-03,001097,D202,c_d202
PIEMONTE,TORINO,DRUENTO,2119,2117,99.91,0,2,Aggiunti civici,2026-08,2117,2117,2026-08-03,001099,D373,c_kz5n
PIEMONTE,TORINO,GASSINO TORINESE,2807,0,0.0,0,2,Aggiunti civici,2026-08,0,2805,2026-08-03,001112,D933,c_d933
PIEMONTE,TORINO,GROSSO,495,0,0.0,0,2,Aggiunti civici,2026-08,0,493,2026-08-03,001119,E203,c_e203
PIEMONTE,TORINO,LA CASSA,707,0,0.0,0,2,Aggiunti civici,2026-08,0,705,2026-08-03,001126,E394,c_e394
PIEMONTE,TORINO,VILLAR DORA,1358,0,0.0,0,2,Aggiunti civici,2026-08,0,1356,2026-08-03,001303,L999,c_l999
PIEMONTE,TORINO,VINOVO,3567,3565,99.94,0,2,Aggiunti civici,2026-08,3565,3565,2026-08-03,001309,M060,c_m060
PIEMONTE,VERBANO-CUSIO-OSSOLA,TRONTANO,938,936,99.79,0,2,Aggiunti civici,2026-08,936,936,2026-08-03,103068,L450,c_l450
PUGLIA,FOGGIA,SAN NICANDRO GARGANICO,16895,16893,99.99,0,2,Aggiunti civici,2026-08,16893,16893,2026-08-03,071049,I054,c_i054
SARDEGNA,SUD SARDEGNA,SAN GAVINO MONREALE,6764,6762,99.97,0,2,Aggiunti civici,2026-08,6762,6762,2026-08-03,117014,H856,c_h856
SICILIA,SIRACUSA,PRIOLO GARGALLO,5490,5487,99.95,0,2,Aggiunti civici,2026-08,5487,5488,2026-08-03,089021,M279,c_m279
TOSCANA,AREZZO,FOIANO DELLA CHIANA,4854,2,0.04,0,2,Aggiunti civici,2026-08,2,4852,2026-08-03,051018,D649,c_d649
TRENTINO ALTO ADIGE,BOLZANO,RIFIANO,393,391,99.49,0,2,Aggiunti civici,2026-08,391,391,2026-08-03,021073,H284,c_h284
TRENTINO ALTO ADIGE,TRENTO,CALDES,1029,0,0.0,0,2,Aggiunti civici,2026-08,0,1027,2026-08-03,022033,B400,c_b400
TRENTINO ALTO ADIGE,TRENTO,GIOVO,1256,3,0.24,0,2,Aggiunti civici,2026-08,3,1254,2026-08-03,022092,E048,c_e048
TRENTINO ALTO ADIGE,TRENTO,VALLELAGHI,2459,0,0.0,0,2,Aggiunti civici,2026-08,0,2457,2026-08-03,022248,M362,c_m362
VENETO,BELLUNO,TAIBON AGORDINO,1610,0,0.0,0,2,Aggiunti civici,2026-08,0,1608,2026-08-03,025059,L030,c_l030
VENETO,TREVISO,ORMELLE,1923,1921,99.9,0,2,Aggiunti civici,2026-08,1921,1921,2026-08-03,026052,G115,c_g115
VENETO,VENEZIA,SPINEA,10160,10150,99.9,0,2,Aggiunti civici,2026-08,10150,10158,2026-08-03,027038,I908,c_i908
VENETO,VERONA,LAVAGNO,2570,2568,99.92,0,2,Aggiunti civici,2026-08,2568,2568,2026-08-03,023042,E489,c_e489
VENETO,VERONA,MONTECCHIA DI CROSARA,1738,0,0.0,0,2,Aggiunti civici,2026-08,0,1736,2026-08-03,023049,F461,c_f461
VENETO,VICENZA,ARZIGNANO,14055,0,0.0,0,2,Aggiunti civici,2026-08,0,14053,2026-08-03,024008,A459,c_a459
VENETO,VICENZA,TEZZE SUL BRENTA,5796,5793,99.95,0,2,Aggiunti civici,2026-08,5793,5794,2026-08-03,024104,L156,c_l156
ABRUZZO,AQUILA,LECCE NEI MARSI,1760,1759,99.94,0,1,Aggiunti civici,2026-08,1759,1759,2026-08-03,066050,E505,c_e505
ABRUZZO,TERAMO,TORTORETO,6295,6294,99.98,0,1,Aggiunti civici,2026-08,6294,6294,2026-08-03,067044,L307,c_l307
BASILICATA,POTENZA,VENOSA,6990,6989,99.99,0,1,Aggiunti civici,2026-08,6989,6989,2026-08-03,076095,L738,c_l738
CALABRIA,COSENZA,AMANTEA,7692,7691,99.99,0,1,Aggiunti civici,2026-08,7691,7691,2026-08-03,078010,A253,c_a253
CAMPANIA,BENEVENTO,CEPPALONI,2474,2473,99.96,0,1,Aggiunti civici,2026-08,2473,2473,2026-08-03,062022,C476,c_c476
CAMPANIA,BENEVENTO,CUSANO MUTRI,4333,4332,99.98,0,1,Aggiunti civici,2026-08,4332,4332,2026-08-03,062026,D230,c_d230
CAMPANIA,BENEVENTO,PAGO VEIANO,1775,1774,99.94,0,1,Aggiunti civici,2026-08,1774,1774,2026-08-03,062046,G243,c_g243
CAMPANIA,BENEVENTO,PIETRELCINA,1798,1797,99.94,0,1,Aggiunti civici,2026-08,1797,1797,2026-08-03,062052,G631,c_g631
CAMPANIA,NAPOLI,SCISCIANO,3851,3849,99.95,0,1,Aggiunti civici,2026-08,3849,3850,2026-08-03,063077,I540,c_i540
CAMPANIA,SALERNO,NOCERA INFERIORE,12629,12628,99.99,0,1,Aggiunti civici,2026-08,12628,12628,2026-08-03,065078,F912,c_f912
EMILIA ROMAGNA,BOLOGNA,GRIZZANA MORANDI,2795,2794,99.96,0,1,Aggiunti civici,2026-08,2794,2794,2026-08-03,037031,E187,c_e187
EMILIA ROMAGNA,BOLOGNA,LOIANO,2359,2358,99.96,0,1,Aggiunti civici,2026-08,2358,2358,2026-08-03,037034,E655,c_e655
EMILIA ROMAGNA,BOLOGNA,MONTE SAN PIETRO,3926,3925,99.97,0,1,Aggiunti civici,2026-08,3925,3925,2026-08-03,037042,F627,c_f627
EMILIA ROMAGNA,PARMA,BUSSETO,4488,0,0.0,0,1,Aggiunti civici,2026-08,0,4487,2026-08-03,034007,B293,c_b293
EMILIA ROMAGNA,PIACENZA,LUGAGNANO VAL D'ARDA,2120,2119,99.95,0,1,Aggiunti civici,2026-08,2119,2119,2026-08-03,033026,E726,c_e726
EMILIA ROMAGNA,RIMINI,BELLARIA-IGEA MARINA,9404,9403,99.99,0,1,Aggiunti civici,2026-08,9403,9403,2026-08-03,099001,A747,c_a747
FRIULI VENEZIA GIULIA,GORIZIA,RONCHI DEI LEGIONARI,4650,4649,99.98,0,1,Aggiunti civici,2026-08,4649,4649,2026-08-03,031016,H531,c_h531
FRIULI VENEZIA GIULIA,GORIZIA,TURRIACO,1366,1365,99.93,0,1,Aggiunti civici,2026-08,1365,1365,2026-08-03,031024,L474,c_l474
FRIULI VENEZIA GIULIA,PORDENONE,CAVASSO NUOVO,1189,0,0.0,0,1,Aggiunti civici,2026-08,0,1188,2026-08-03,093012,C385,c_c385
FRIULI VENEZIA GIULIA,PORDENONE,PORCIA,5749,5,0.09,0,1,Aggiunti civici,2026-08,5,5748,2026-08-03,093032,G886,c_g886
FRIULI VENEZIA GIULIA,PORDENONE,ROVEREDO IN PIANO,2583,0,0.0,0,1,Aggiunti civici,2026-08,0,2582,2026-08-03,093036,H609,c_h609
FRIULI VENEZIA GIULIA,UDINE,AQUILEIA,1645,0,0.0,0,1,Aggiunti civici,2026-08,0,1644,2026-08-03,030004,A346,c_a346
FRIULI VENEZIA GIULIA,UDINE,SAN GIORGIO DI NOGARO,3044,3043,99.97,0,1,Aggiunti civici,2026-08,3043,3043,2026-08-03,030100,H895,c_h895
LAZIO,ROMA,LARIANO,5407,5406,99.98,0,1,Aggiunti civici,2026-08,5406,5406,2026-08-03,058115,M207,c_h432
LIGURIA,GENOVA,SAN COLOMBANO CERTENOLI,3082,0,0.0,0,1,Aggiunti civici,2026-08,0,3081,2026-08-03,010053,H802,c_h802
LIGURIA,IMPERIA,DIANO CASTELLO,1867,0,0.0,0,1,Aggiunti civici,2026-08,0,1866,2026-08-03,008026,D296,c_d296
LIGURIA,SAVONA,TOIRANO,1125,1124,99.91,0,1,Aggiunti civici,2026-08,1124,1124,2026-08-03,009061,L190,c_l190
LOMBARDIA,BERGAMO,PONTIDA,1260,0,0.0,0,1,Aggiunti civici,2026-08,0,1259,2026-08-03,016171,G864,c_g864
LOMBARDIA,BRESCIA,ACQUAFREDDA,753,752,99.87,0,1,Aggiunti civici,2026-08,752,752,2026-08-03,017001,A034,c_a034
LOMBARDIA,BRESCIA,CAPOVALLE,372,370,99.46,0,1,Aggiunti civici,2026-08,370,371,2026-08-03,017036,B676,c_b676
LOMBARDIA,BRESCIA,CAZZAGO SAN MARTINO,5439,5438,99.98,0,1,Aggiunti civici,2026-08,5438,5438,2026-08-03,017046,C408,c_c408
LOMBARDIA,BRESCIA,GARGNANO,3558,3557,99.97,0,1,Aggiunti civici,2026-08,3557,3557,2026-08-03,017076,D924,c_d924
LOMBARDIA,BRESCIA,LAVENONE,596,594,99.66,0,1,Aggiunti civici,2026-08,594,595,2026-08-03,017087,E497,c_e497d
LOMBARDIA,BRESCIA,PADERNO FRANCIACORTA,1741,1740,99.94,0,1,Aggiunti civici,2026-08,1740,1740,2026-08-03,017130,G217,c_g217
LOMBARDIA,BRESCIA,PROVAGLIO D'ISEO,3859,3858,99.97,0,1,Aggiunti civici,2026-08,3858,3858,2026-08-03,017156,H078,C_H078
LOMBARDIA,BRESCIA,SELLERO,744,743,99.87,0,1,Aggiunti civici,2026-08,743,743,2026-08-03,017176,I588,c_i588
LOMBARDIA,BRESCIA,SONICO,1186,1185,99.92,0,1,Aggiunti civici,2026-08,1185,1185,2026-08-03,017181,I831,c_i831
LOMBARDIA,COMO,INVERIGO,2157,0,0.0,0,1,Aggiunti civici,2026-08,0,2156,2026-08-03,013118,E309,c_e309
LOMBARDIA,CREMONA,AGNADELLO,1106,1105,99.91,0,1,Aggiunti civici,2026-08,1105,1105,2026-08-03,019002,A076,c_a076
LOMBARDIA,LECCO,PRIMALUNA,1109,1108,99.91,0,1,Aggiunti civici,2026-08,1108,1108,2026-08-03,097070,H063,c_h063
LOMBARDIA,MANTOVA,GOITO,6168,0,0.0,0,1,Aggiunti civici,2026-08,0,6167,2026-08-03,020026,E078,c_e078
LOMBARDIA,MANTOVA,MARCARIA,4312,21,0.49,0,1,Aggiunti civici,2026-08,21,4311,2026-08-03,020031,E922,c_e922
LOMBARDIA,VARESE,COMERIO,687,686,99.85,0,1,Aggiunti civici,2026-08,686,686,2026-08-03,012055,C922,c_c922
LOMBARDIA,VARESE,MARCHIROLO,1241,1240,99.92,0,1,Aggiunti civici,2026-08,1240,1240,2026-08-03,012097,E929,c_e929
LOMBARDIA,VARESE,MARNATE,4360,4359,99.98,0,1,Aggiunti civici,2026-08,4359,4359,2026-08-03,012098,E965,c_e965
LOMBARDIA,VARESE,SOLBIATE OLONA,1612,1611,99.94,0,1,Aggiunti civici,2026-08,1611,1611,2026-08-03,012122,I794,c_i794
MARCHE,MACERATA,TOLENTINO,8729,8728,99.99,0,1,Aggiunti civici,2026-08,8728,8728,2026-08-03,043053,L191,c_l191
MARCHE,PESARO E URBINO,MONDOLFO,8596,8595,99.99,0,1,Aggiunti civici,2026-08,8595,8595,2026-08-03,041029,F348,c_f348
PIEMONTE,ALESSANDRIA,CERRINA MONFERRATO,1000,0,0.0,0,1,Aggiunti civici,2026-08,0,999,2026-08-03,006059,C531,c_c531
PIEMONTE,ALESSANDRIA,MONTALDO BORMIDA,718,717,99.86,0,1,Aggiunti civici,2026-08,717,717,2026-08-03,006104,F404,c_f404
PIEMONTE,ASTI,COCCONATO,1365,1364,99.93,0,1,Aggiunti civici,2026-08,1364,1364,2026-08-03,005042,C807,c_c807
PIEMONTE,BIELLA,PONDERANO,1841,1840,99.95,0,1,Aggiunti civici,2026-08,1840,1840,2026-08-03,096047,G820,c_g820
PIEMONTE,CUNEO,BOVES,5295,5294,99.98,0,1,Aggiunti civici,2026-08,5294,5294,2026-08-03,004028,B101,c_b101
PIEMONTE,CUNEO,CORNELIANO D'ALBA,1231,0,0.0,0,1,Aggiunti civici,2026-08,0,1230,2026-08-03,004072,D022,c_d022
PIEMONTE,CUNEO,CRISSOLO,888,887,99.89,0,1,Aggiunti civici,2026-08,887,887,2026-08-03,004077,D172,c_d172
PIEMONTE,CUNEO,GENOLA,1241,1240,99.92,0,1,Aggiunti civici,2026-08,1240,1240,2026-08-03,004096,D967,C_D967
PIEMONTE,CUNEO,TARANTASCA,913,912,99.89,0,1,Aggiunti civici,2026-08,912,912,2026-08-03,004225,L048,c_l048
PIEMONTE,NOVARA,AMENO,949,0,0.0,0,1,Aggiunti civici,2026-08,0,948,2026-08-03,003002,A264,c_a264
PIEMONTE,NOVARA,GHEMME,2008,2007,99.95,0,1,Aggiunti civici,2026-08,2007,2007,2026-08-03,003073,E001,c_e001
PIEMONTE,NOVARA,OLEGGIO,6866,6865,99.99,0,1,Aggiunti civici,2026-08,6865,6865,2026-08-03,003108,G019,c_g019
PIEMONTE,TORINO,FRASSINETTO,458,6,1.31,0,1,Aggiunti civici,2026-08,6,457,2026-08-03,001108,D781,c_d781
PIEMONTE,TORINO,LANZO TORINESE,2537,2512,99.01,0,1,Aggiunti civici,2026-08,2512,2536,2026-08-03,001128,E445,c_e445
PIEMONTE,TORINO,MAZZÈ,1875,1874,99.95,0,1,Aggiunti civici,2026-08,1874,1874,2026-08-03,001148,F067,c_f067
PIEMONTE,TORINO,MERCENASCO,746,0,0.0,0,1,Aggiunti civici,2026-08,0,745,2026-08-03,001150,F140,c_f140
PIEMONTE,TORINO,RIVALBA,548,547,99.82,0,1,Aggiunti civici,2026-08,547,547,2026-08-03,001213,H333,c_h333
PIEMONTE,TORINO,RIVAROSSA,872,0,0.0,0,1,Aggiunti civici,2026-08,0,871,2026-08-03,001218,H344,c_h344
PIEMONTE,TORINO,SETTIMO TORINESE,10563,10562,99.99,0,1,Aggiunti civici,2026-08,10562,10562,2026-08-03,001265,I703,c_i703
PIEMONTE,TORINO,SUSA,2738,0,0.0,0,1,Aggiunti civici,2026-08,0,2737,2026-08-03,001270,L013,c_l013
PIEMONTE,TORINO,VEROLENGO,1913,1912,99.95,0,1,Aggiunti civici,2026-08,1912,1912,2026-08-03,001293,L779,c_l779
PIEMONTE,VERCELLI,BORGOSESIA,4824,4823,99.98,0,1,Aggiunti civici,2026-08,4823,4823,2026-08-03,002016,B041,c_b041
PUGLIA,BARI,MOLFETTA,19888,0,0.0,0,1,Aggiunti civici,2026-08,0,19887,2026-08-03,072029,F284,c_f284
PUGLIA,LECCE,MURO LECCESE,5833,5832,99.98,0,1,Aggiunti civici,2026-08,5832,5832,2026-08-03,075051,F816,c_f816
PUGLIA,LECCE,VERNOLE,6293,300,4.77,0,1,Aggiunti civici,2026-08,300,6292,2026-08-03,075093,L776,c_l776
SARDEGNA,SUD SARDEGNA,CARBONIA,14532,0,0.0,0,1,Aggiunti civici,2026-08,0,14531,2026-08-03,119003,B745,c_b745
SICILIA,SIRACUSA,FLORIDIA,12260,12259,99.99,0,1,Aggiunti civici,2026-08,12259,12259,2026-08-03,089009,D636,c_d636
TOSCANA,AREZZO,CHIUSI DELLA VERNA,1985,1984,99.95,0,1,Aggiunti civici,2026-08,1984,1984,2026-08-03,051015,C663,c_c663
TOSCANA,LUCCA,SERAVEZZA,7341,0,0.0,0,1,Aggiunti civici,2026-08,0,7340,2026-08-03,046028,I622,c_i622
TOSCANA,PISTOIA,PIEVE A NIEVOLE,4161,4160,99.98,0,1,Aggiunti civici,2026-08,4160,4160,2026-08-03,047013,G636,c_g636
TOSCANA,SIENA,SAN CASCIANO DEI BAGNI,1536,0,0.0,0,1,Aggiunti civici,2026-08,0,1535,2026-08-03,052027,H790,c_h790
TOSCANA,SIENA,TREQUANDA,1689,0,0.0,0,1,Aggiunti civici,2026-08,0,1688,2026-08-03,052036,L384,c_l384
TRENTINO ALTO ADIGE,BOLZANO,CAINES,100,99,99.0,0,1,Aggiunti civici,2026-08,99,99,2026-08-03,021014,B364,c_b364
TRENTINO ALTO ADIGE,BOLZANO,CAMPO TURES,1916,1915,99.95,0,1,Aggiunti civici,2026-08,1915,1915,2026-08-03,021017,B570,c_b570
TRENTINO ALTO ADIGE,BOLZANO,CORTACCIA SULLA STRADA DEL VINO,836,0,0.0,0,1,Aggiunti civici,2026-08,0,835,2026-08-03,021024,D048,c_d048
TRENTINO ALTO ADIGE,BOLZANO,NATURNO,1437,1436,99.93,0,1,Aggiunti civici,2026-08,1436,1436,2026-08-03,021056,F849,c_f849
TRENTINO ALTO ADIGE,BOLZANO,ORTISEI,2479,2478,99.96,0,1,Aggiunti civici,2026-08,2478,2478,2026-08-03,021061,G140,c_g140
TRENTINO ALTO ADIGE,BOLZANO,SAN CANDIDO,1517,1516,99.93,0,1,Aggiunti civici,2026-08,1516,1516,2026-08-03,021077,H786,c_h786
TRENTINO ALTO ADIGE,TRENTO,MOENA,2320,0,0.0,0,1,Aggiunti civici,2026-08,0,2319,2026-08-03,022118,F263,c_f263
VENETO,BELLUNO,AURONZO DI CADORE,1977,1976,99.95,0,1,Aggiunti civici,2026-08,1976,1976,2026-08-03,025005,A501,c_a501
VENETO,PADOVA,LOZZO ATESTINO,1731,1729,99.88,0,1,Aggiunti civici,2026-08,1729,1730,2026-08-03,028047,E709,c_e709
VENETO,PADOVA,SANT'ANGELO DI PIOVE DI SACCO,3330,1,0.03,0,1,Aggiunti civici,2026-08,1,3329,2026-08-03,028082,I275,c_i275
VENETO,ROVIGO,ARQUÀ POLESINE,1546,0,0.0,0,1,Aggiunti civici,2026-08,0,1545,2026-08-03,029003,A435,c_a435
VENETO,ROVIGO,BOSARO,737,736,99.86,0,1,Aggiunti civici,2026-08,736,736,2026-08-03,029007,B069,c_b069
VENETO,ROVIGO,CANARO,1697,1696,99.94,0,1,Aggiunti civici,2026-08,1696,1696,2026-08-03,029009,B578,c_b578
VENETO,TREVISO,CARBONERA,4215,4214,99.98,0,1,Aggiunti civici,2026-08,4214,4214,2026-08-03,026008,B744,c_b744
VENETO,TREVISO,SPRESIANO,4409,4408,99.98,0,1,Aggiunti civici,2026-08,4408,4408,2026-08-03,026082,I927,c_i927
VENETO,VENEZIA,CONCORDIA SAGITTARIA,5097,5094,99.94,0,1,Aggiunti civici,2026-08,5094,5096,2026-08-03,027011,C950,c_c950
VENETO,VENEZIA,QUARTO D'ALTINO,3210,3209,99.97,0,1,Aggiunti civici,2026-08,3209,3209,2026-08-03,027031,H117,c_h117
VENETO,VERONA,BUSSOLENGO,6230,6229,99.98,0,1,Aggiunti civici,2026-08,6229,6229,2026-08-03,023015,B296,c_b296
VENETO,VERONA,GARDA,3329,3328,99.97,0,1,Aggiunti civici,2026-08,3328,3328,2026-08-03,023036,D915,c_d915
VENETO,VERONA,MALCESINE,3360,0,0.0,0,1,Aggiunti civici,2026-08,0,3359,2026-08-03,023045,E848,c_e848
VENETO,VICENZA,NOGAROLE VICENTINO,869,0,0.0,0,1,Aggiunti civici,2026-08,0,868,2026-08-03,024072,F922,c_f922
CAMPANIA,CASERTA,VAIRANO PATENORA,5310,0,0.0,0,-1,In calo,2026-08,0,5311,2026-08-03,061095,L540,c_l540
CAMPANIA,SALERNO,OLEVANO SUL TUSCIANO,4064,4064,100.0,0,-1,In calo,2026-08,4064,4065,2026-08-03,065082,G023,c_g023
LOMBARDIA,COMO,CENTRO VALLE INTELVI,3066,3066,100.0,0,-1,In calo,2026-08,3066,3067,2026-08-03,013254,M394,c_m394
LOMBARDIA,VARESE,CASTELSEPRIO,655,0,0.0,0,-1,In calo,2026-08,0,656,2026-08-03,012044,C273,c_c273
PIEMONTE,CUNEO,BRA,7467,7467,100.0,0,-1,In calo,2026-08,7467,7468,2026-08-03,004029,B111,c_b111
PUGLIA,BRINDISI,OSTUNI,15137,15137,100.0,0,-1,In calo,2026-08,15137,15138,2026-08-03,074012,G187,c_g187
LOMBARDIA,LECCO,PADERNO D'ADDA,1046,1046,100.0,0,-2,In calo,2026-08,1046,1048,2026-08-03,097062,G218,c_g218
VALLE D'AOSTA,AOSTA,OLLOMONT,509,0,0.0,0,-2,In calo,2026-08,0,511,2026-08-03,007046,G045,c_g045
CALABRIA,REGGIO CALABRIA,STIGNANO,1239,1239,100.0,0,-3,In calo,2026-08,1239,1242,2026-08-03,080091,I955,c_i955
LIGURIA,SAVONA,CASTELBIANCO,1238,0,0.0,0,-3,In calo,2026-08,0,1241,2026-08-03,009020,C063,c_92rb
PIEMONTE,VERCELLI,VILLATA,637,637,100.0,0,-3,In calo,2026-08,637,640,2026-08-03,002164,M028,c_m028
LOMBARDIA,BERGAMO,CARAVAGGIO,6952,6952,100.0,0,-4,In calo,2026-08,6952,6956,2026-08-03,016053,B731,c_b731
PUGLIA,FOGGIA,VOLTURINO,2572,0,0.0,0,-4,In calo,2026-08,0,2576,2026-08-03,071062,M132,c_m132
ABRUZZO,CHIETI,CARUNCHIO,1225,1225,100.0,0,-5,In calo,2026-08,1225,1230,2026-08-03,069012,B853,c_b853
PIEMONTE,ASTI,SEROLE,99,0,0.0,0,-6,In calo,2026-08,0,105,2026-08-03,005104,I637,c_i637
TOSCANA,PISA,BIENTINA,5648,5648,100.0,0,-6,In calo,2026-08,5648,5654,2026-08-03,050001,A864,c_a864
VENETO,ROVIGO,CEREGNANO,3287,3287,100.0,0,-6,In calo,2026-08,3287,3293,2026-08-03,029015,C500,c_c500
LOMBARDIA,MILANO,COLTURANO,468,468,100.0,0,-7,In calo,2026-08,468,475,2026-08-03,015082,C908,c_c908
LOMBARDIA,PAVIA,ZERBO,423,0,0.0,0,-7,In calo,2026-08,0,430,2026-08-03,018188,M166,c_m166
VALLE D'AOSTA,AOSTA,LA MAGDELEINE,254,0,0.0,0,-7,In calo,2026-08,0,261,2026-08-03,007039,A308,c_a308
VENETO,PADOVA,SOLESINO,3233,3233,100.0,0,-7,In calo,2026-08,3233,3240,2026-08-03,028087,I799,c_i799
BASILICATA,POTENZA,ROTONDA,2319,2319,100.0,0,-8,In calo,2026-08,2319,2327,2026-08-03,076070,H590,c_h590
SARDEGNA,ORISTANO,NUGHEDU SANTA VITTORIA,716,0,0.0,0,-8,In calo,2026-08,0,724,2026-08-03,115041,F974,c_f974
LOMBARDIA,SONDRIO,NOVATE MEZZOLA,1150,0,0.0,0,-9,In calo,2026-08,0,1159,2026-08-03,014046,F956,novm_so
PIEMONTE,ALESSANDRIA,CARTOSIO,893,893,100.0,0,-9,In calo,2026-08,893,902,2026-08-03,006036,B847,c_b847
PUGLIA,TARANTO,SAVA,16055,16055,100.0,0,-9,In calo,2026-08,16055,16064,2026-08-03,073026,I467,c_i467
TRENTINO ALTO ADIGE,TRENTO,TENNA,565,0,0.0,0,-9,In calo,2026-08,0,574,2026-08-03,022190,L096,c_l096
LIGURIA,IMPERIA,PRELÀ,944,944,100.0,0,-10,In calo,2026-08,944,954,2026-08-03,008047,H027,c_h027
CAMPANIA,NAPOLI,CASTELLAMMARE DI STABIA,10956,10956,100.0,0,-11,In calo,2026-08,10956,10967,2026-08-03,063024,C129,c_c129
CAMPANIA,SALERNO,MONTECORICE,3066,3066,100.0,0,-11,In calo,2026-08,3066,3077,2026-08-03,065071,F479,c_f479
LAZIO,ROMA,AGOSTA,3818,0,0.0,0,-11,In calo,2026-08,0,3829,2026-08-03,058002,A084,c_a084
LOMBARDIA,COMO,NOVEDRATE,672,0,0.0,0,-11,In calo,2026-08,0,683,2026-08-03,013163,F958,c_f958
PIEMONTE,TORINO,CERESOLE REALE,370,0,0.0,0,-11,In calo,2026-08,0,381,2026-08-03,001073,C505,c_c505
BASILICATA,POTENZA,TITO,5399,5399,100.0,0,-12,In calo,2026-08,5399,5411,2026-08-03,076089,L181,c_l181
LIGURIA,IMPERIA,BORGOMARO,1909,1909,100.0,0,-12,In calo,2026-08,1909,1921,2026-08-03,008010,B020,c_b020
LOMBARDIA,BRESCIA,CASTENEDOLO,4658,4654,99.91,0,-12,In calo,2026-08,4654,4670,2026-08-03,017043,C293,c_c293
LOMBARDIA,COMO,PORLEZZA,1918,1918,100.0,0,-12,In calo,2026-08,1918,1930,2026-08-03,013189,G889,c_g889
LOMBARDIA,PAVIA,ZERBOLÒ,915,915,100.0,0,-12,In calo,2026-08,915,927,2026-08-03,018189,M167,c_m167
BASILICATA,POTENZA,FRANCAVILLA IN SINNI,3906,3906,100.0,0,-13,In calo,2026-08,3906,3919,2026-08-03,076034,D766,c_d766
LOMBARDIA,BRESCIA,ISEO,7950,0,0.0,0,-13,In calo,2026-08,0,7963,2026-08-03,017085,E333,c_e333
SARDEGNA,ORISTANO,PALMAS ARBOREA,1153,1,0.09,0,-13,In calo,2026-08,1,1166,2026-08-03,115046,G286,c_g286
EMILIA ROMAGNA,BOLOGNA,CASTIGLIONE DEI PEPOLI,4184,4184,100.0,0,-14,In calo,2026-08,4184,4198,2026-08-03,037022,C296,c_c296
MOLISE,ISERNIA,MIRANDA,754,754,100.0,0,-14,In calo,2026-08,754,768,2026-08-03,094027,F239,c_f239
SICILIA,MESSINA,FALCONE,2409,2409,100.0,0,-14,In calo,2026-08,2409,2423,2026-08-03,083019,D474,c_d474
TRENTINO ALTO ADIGE,TRENTO,ALTAVALLE,1380,0,0.0,0,-14,In calo,2026-08,0,1394,2026-08-03,022235,M349,c_m349
EMILIA ROMAGNA,BOLOGNA,MARZABOTTO,2340,2340,100.0,0,-15,In calo,2026-08,2340,2355,2026-08-03,037036,B689,c_b689
FRIULI VENEZIA GIULIA,GORIZIA,FOGLIANO REDIPUGLIA,2442,0,0.0,0,-15,In calo,2026-08,0,2457,2026-08-03,031006,D645,c_d645
FRIULI VENEZIA GIULIA,UDINE,BAGNARIA ARSA,1664,2,0.12,0,-15,In calo,2026-08,2,1679,2026-08-03,030008,A553,c_a553
LOMBARDIA,BERGAMO,VIGOLO,681,0,0.0,0,-15,In calo,2026-08,0,696,2026-08-03,016237,L894,c_l894
LOMBARDIA,MILANO,CERRO AL LAMBRO,1564,1564,100.0,0,-15,In calo,2026-08,1564,1579,2026-08-03,015071,C536,c_c536
TRENTINO ALTO ADIGE,BOLZANO,DOBBIACO,1322,1322,100.0,0,-15,In calo,2026-08,1322,1337,2026-08-03,021028,D311,c_d311
CAMPANIA,NAPOLI,COMIZIANO,870,870,100.0,0,-16,In calo,2026-08,870,886,2026-08-03,063029,C929,c_c929
LOMBARDIA,CREMONA,SPINO D'ADDA,1980,1980,100.0,0,-16,In calo,2026-08,1980,1996,2026-08-03,019102,I914,c_i914
SARDEGNA,SASSARI,CARGEGHE,411,411,100.0,0,-16,In calo,2026-08,411,427,2026-08-03,112015,B772,c_b772
TOSCANA,GROSSETO,PITIGLIANO,2979,1,0.03,0,-16,In calo,2026-08,1,2995,2026-08-03,053019,G716,c_g716
UMBRIA,TERNI,LUGNANO IN TEVERINA,1482,1482,100.0,0,-17,In calo,2026-08,1482,1499,2026-08-03,055016,E729,c_e729
VENETO,PADOVA,ABANO TERME,7314,7256,99.21,0,-17,In calo,2026-08,7256,7331,2026-08-03,028001,A001,c_a001
CALABRIA,COSENZA,VILLAPIANA,8948,8948,100.0,0,-18,In calo,2026-08,8948,8966,2026-08-03,078154,B903,c_b903
EMILIA ROMAGNA,PIACENZA,PONTENURE,3104,0,0.0,0,-18,In calo,2026-08,0,3122,2026-08-03,033037,G852,c_g852
EMILIA ROMAGNA,REGGIO EMILIA,BRESCELLO,2538,2538,100.0,0,-18,In calo,2026-08,2538,2556,2026-08-03,035006,B156,c_b156
EMILIA ROMAGNA,REGGIO EMILIA,CASTELNOVO DI SOTTO,3549,3549,100.0,0,-18,In calo,2026-08,3549,3567,2026-08-03,035015,C218,c_c218
LOMBARDIA,BERGAMO,CHIGNOLO D'ISOLA,677,677,100.0,0,-18,In calo,2026-08,677,695,2026-08-03,016072,C635,C_C635
MARCHE,MACERATA,MONTE CAVALLO,210,210,100.0,0,-18,In calo,2026-08,210,228,2026-08-03,043027,F460,c_f460
CALABRIA,CROTONE,CUTRO,11384,11384,100.0,0,-19,In calo,2026-08,11384,11403,2026-08-03,101012,D236,c_d236
CALABRIA,VIBO VALENTIA,SERRA SAN BRUNO,2849,0,0.0,0,-19,In calo,2026-08,0,2868,2026-08-03,102037,I639,c_l639
LAZIO,VITERBO,CAPRAROLA,1666,1666,100.0,0,-19,In calo,2026-08,1666,1685,2026-08-03,056015,B691,c_b691
PIEMONTE,VERCELLI,PIODE,548,548,100.0,0,-19,In calo,2026-08,548,567,2026-08-03,002097,G685,c_g685
SARDEGNA,ORISTANO,TERRALBA,10799,10799,100.0,0,-19,In calo,2026-08,10799,10818,2026-08-03,115075,L122,c_l122
CALABRIA,COSENZA,CASALI DEL MANCO,7647,0,0.0,0,-20,In calo,2026-08,0,7667,2026-08-03,078156,M385,c_m385
PIEMONTE,BIELLA,PRALUNGO,1271,0,0.0,0,-20,In calo,2026-08,0,1291,2026-08-03,096049,G980,c_g980
EMILIA ROMAGNA,PIACENZA,GAZZOLA,2140,0,0.0,0,-21,In calo,2026-08,0,2161,2026-08-03,033022,D958,c_d958
LAZIO,LATINA,SABAUDIA,11037,11037,100.0,0,-21,In calo,2026-08,11037,11058,2026-08-03,059024,H647,c_h647
SARDEGNA,SUD SARDEGNA,GUSPINI,6884,6884,100.0,0,-21,In calo,2026-08,6884,6905,2026-08-03,117008,E270,c_e270
SICILIA,MESSINA,LIMINA,1115,0,0.0,0,-22,In calo,2026-08,0,1137,2026-08-03,083040,E594,c_e594x
BASILICATA,POTENZA,ABRIOLA,2426,2426,100.0,0,-23,In calo,2026-08,2426,2449,2026-08-03,076001,A013,c_a013
CALABRIA,VIBO VALENTIA,FRANCICA,2108,2108,100.0,0,-23,In calo,2026-08,2108,2131,2026-08-03,102015,D767,c_d767
LOMBARDIA,VARESE,CARONNO VARESINO,1526,0,0.0,0,-23,In calo,2026-08,0,1549,2026-08-03,012035,B807,c_b807
LAZIO,FROSINONE,ANAGNI,10814,10814,100.0,0,-24,In calo,2026-08,10814,10838,2026-08-03,060006,A269,c_a269
LOMBARDIA,LECCO,CRANDOLA VALSASSINA,192,0,0.0,0,-24,In calo,2026-08,0,216,2026-08-03,097027,D131,c_d131
PIEMONTE,TORINO,VAIE,878,59,6.72,0,-24,In calo,2026-08,59,902,2026-08-03,001283,L538,c_l538
TRENTINO ALTO ADIGE,BOLZANO,NOVA LEVANTE,1463,1462,99.93,0,-24,In calo,2026-08,1462,1487,2026-08-03,021058,F949,c_f949
TRENTINO ALTO ADIGE,TRENTO,LEVICO TERME,3585,3585,100.0,0,-26,In calo,2026-08,3585,3611,2026-08-03,022104,E565,c_e565
SICILIA,CALTANISSETTA,VILLALBA,2411,2411,100.0,0,-27,In calo,2026-08,2411,2438,2026-08-03,085022,L959,c_l959
SICILIA,MESSINA,SAN FRATELLO,5679,5679,100.0,0,-27,In calo,2026-08,5679,5706,2026-08-03,083078,H850,c_h850
ABRUZZO,TERAMO,ROCCA SANTA MARIA,554,553,99.82,0,-28,In calo,2026-08,553,582,2026-08-03,067036,H440,c_h440
CAMPANIA,SALERNO,LAUREANA CILENTO,1496,1496,100.0,0,-28,In calo,2026-08,1496,1524,2026-08-03,065060,E480,c_e480
LOMBARDIA,BRESCIA,ISORELLA,3096,3096,100.0,0,-28,In calo,2026-08,3096,3124,2026-08-03,017086,E364,c_e364
MARCHE,FERMO,MONTE SAN PIETRANGELI,1042,0,0.0,0,-28,In calo,2026-08,0,1070,2026-08-03,109023,F626,c_f626
ABRUZZO,PESCARA,PICCIANO,1317,0,0.0,0,-29,In calo,2026-08,0,1346,2026-08-03,068031,G589,c_g589
LOMBARDIA,BRESCIA,CORTENO GOLGI,2358,2358,100.0,0,-29,In calo,2026-08,2358,2387,2026-08-03,017063,D064,c_d064
LOMBARDIA,PAVIA,VALLE LOMELLINA,1381,1381,100.0,0,-29,In calo,2026-08,1381,1410,2026-08-03,018168,L593,c_l593
PIEMONTE,CUNEO,ROCCHETTA BELBO,195,0,0.0,0,-29,In calo,2026-08,0,224,2026-08-03,004193,H462,c_h462
CALABRIA,CATANZARO,SAN MANGO D'AQUINO,2127,0,0.0,0,-30,In calo,2026-08,0,2157,2026-08-03,079110,H976,c_h976
CALABRIA,COSENZA,SCALEA,2940,2939,99.97,0,-30,In calo,2026-08,2939,2970,2026-08-03,078138,I489,c_i489
PIEMONTE,NOVARA,SOZZAGO,752,751,99.87,0,-30,In calo,2026-08,751,782,2026-08-03,003141,I880,c_i880
VENETO,TREVISO,CODOGNÈ,2480,0,0.0,0,-30,In calo,2026-08,0,2510,2026-08-03,026019,C815,c_c815
LOMBARDIA,COMO,LUISAGO,706,0,0.0,0,-31,In calo,2026-08,0,737,2026-08-03,013135,E735,c_e735
PUGLIA,FOGGIA,SAN GIOVANNI ROTONDO,17185,0,0.0,0,-31,In calo,2026-08,0,17216,2026-08-03,071046,H926,c_h926
SARDEGNA,SUD SARDEGNA,TURRI,489,489,100.0,0,-31,In calo,2026-08,489,520,2026-08-03,117023,L473,c_l473
PIEMONTE,TORINO,VIDRACCO,290,0,0.0,0,-32,In calo,2026-08,0,322,2026-08-03,001298,L857,c_l857
VALLE D'AOSTA,AOSTA,LILLIANES,384,384,100.0,0,-32,In calo,2026-08,384,416,2026-08-03,007042,E587,c_e587
EMILIA ROMAGNA,PARMA,MONCHIO DELLE CORTI,2322,2322,100.0,0,-33,In calo,2026-08,2322,2355,2026-08-03,034022,F340,c_f340
MARCHE,MACERATA,SANT'ANGELO IN PONTANO,830,830,100.0,0,-33,In calo,2026-08,830,863,2026-08-03,043048,I286,c_i286
PIEMONTE,CUNEO,ROSSANA,1010,7,0.69,0,-33,In calo,2026-08,7,1043,2026-08-03,004197,H578,c_h578
VENETO,TREVISO,QUINTO DI TREVISO,3557,3554,99.92,0,-33,In calo,2026-08,3554,3590,2026-08-03,026064,H131,c_h131
LOMBARDIA,COMO,MAGREGLIO,600,0,0.0,0,-34,In calo,2026-08,0,634,2026-08-03,013139,E830,comag
LOMBARDIA,LECCO,CIVATE,1039,0,0.0,0,-34,In calo,2026-08,0,1073,2026-08-03,097022,C752,c_c752
LOMBARDIA,MILANO,LAINATE,8957,0,0.0,0,-34,In calo,2026-08,0,8991,2026-08-03,015116,E415,c_e415
TRENTINO ALTO ADIGE,BOLZANO,VALDAORA,1135,1135,100.0,0,-34,In calo,2026-08,1135,1169,2026-08-03,021106,L552,c_l552
CAMPANIA,NAPOLI,CAPRI,4262,4262,100.0,0,-35,In calo,2026-08,4262,4297,2026-08-03,063014,B696,c_b696
LOMBARDIA,LECCO,VALMADRERA,2141,2140,99.95,0,-35,In calo,2026-08,2140,2176,2026-08-03,097083,L634,c_l634
VENETO,BELLUNO,VALLADA AGORDINA,695,0,0.0,0,-35,In calo,2026-08,0,730,2026-08-03,025062,L584,c_l584
VENETO,VICENZA,ARSIERO,2339,2339,100.0,0,-35,In calo,2026-08,2339,2374,2026-08-03,024007,A444,c_a444
CALABRIA,CATANZARO,BADOLATO,3320,0,0.0,0,-36,In calo,2026-08,0,3356,2026-08-03,079008,A542,c_a542
LOMBARDIA,BERGAMO,CENATE SOTTO,1289,0,0.0,0,-36,In calo,2026-08,0,1325,2026-08-03,016069,C457,c_c457
MARCHE,FERMO,SANT'ELPIDIO A MARE,4350,0,0.0,0,-36,In calo,2026-08,0,4386,2026-08-03,109037,I324,c_i324
TOSCANA,AREZZO,BADIA TEDALDA,1292,1292,100.0,0,-36,In calo,2026-08,1292,1328,2026-08-03,051003,A541,c_a541
EMILIA ROMAGNA,BOLOGNA,VERGATO,4665,4665,100.0,0,-37,In calo,2026-08,4665,4702,2026-08-03,037059,L762,c_l762
TRENTINO ALTO ADIGE,BOLZANO,SELVA DI VAL GARDENA,1524,1524,100.0,0,-37,In calo,2026-08,1524,1561,2026-08-03,021089,I591,c_i591
LAZIO,RIETI,NESPOLO,690,690,100.0,0,-38,In calo,2026-08,690,728,2026-08-03,057046,F876,c_f876
LIGURIA,SAVONA,TOVO SAN GIACOMO,4121,4121,100.0,0,-38,In calo,2026-08,4121,4159,2026-08-03,009062,L315,c_l315
EMILIA ROMAGNA,BOLOGNA,GALLIERA,1985,1985,100.0,0,-39,In calo,2026-08,1985,2024,2026-08-03,037028,D878,c_d878
LOMBARDIA,LECCO,MOLTENO,994,994,100.0,0,-39,In calo,2026-08,994,1033,2026-08-03,097051,F304,c_f304
PIEMONTE,BIELLA,COGGIOLA,2224,2224,100.0,0,-39,In calo,2026-08,2224,2263,2026-08-03,096019,C819,c_c819
PIEMONTE,TORINO,VAL DI CHY,1242,0,0.0,0,-39,In calo,2026-08,0,1281,2026-08-03,001317,M405,c_m405
TRENTINO ALTO ADIGE,TRENTO,PRIMIERO SAN MARTINO DI CASTROZZA,4523,4523,100.0,0,-39,In calo,2026-08,4523,4562,2026-08-03,022245,M359,c_m359
LOMBARDIA,LODI,GALGAGNANO,352,346,98.3,0,-40,In calo,2026-08,346,392,2026-08-03,098027,D868,c_d868
VENETO,ROVIGO,VILLANOVA DEL GHEBBO,1241,0,0.0,0,-40,In calo,2026-08,0,1281,2026-08-03,029050,L985,c_l985
CAMPANIA,AVELLINO,VOLTURARA IRPINA,4381,4381,100.0,0,-41,In calo,2026-08,4381,4422,2026-08-03,064119,M130,c_m130
MARCHE,PESARO E URBINO,URBANIA,3738,3738,100.0,0,-41,In calo,2026-08,3738,3779,2026-08-03,041066,L498,c_l498
MOLISE,ISERNIA,CANTALUPO NEL SANNIO,1963,1963,100.0,0,-41,In calo,2026-08,1963,2004,2026-08-03,094005,B630,c_b630
MOLISE,ISERNIA,SESSANO DEL MOLISE,2489,2489,100.0,0,-41,In calo,2026-08,2489,2530,2026-08-03,094049,I679,c_i679
PIEMONTE,CUNEO,NUCETTO,547,547,100.0,0,-41,In calo,2026-08,547,588,2026-08-03,004153,F972,c_f972
PIEMONTE,VERCELLI,ROSSA,274,0,0.0,0,-41,In calo,2026-08,0,315,2026-08-03,002121,H577,c_h577
VENETO,ROVIGO,VILLADOSE,4334,4334,100.0,0,-41,In calo,2026-08,4334,4375,2026-08-03,029048,L939,c_l939
LOMBARDIA,BRESCIA,PONTE DI LEGNO,4380,4380,100.0,0,-42,In calo,2026-08,4380,4422,2026-08-03,017148,G844,c_g844
CALABRIA,CATANZARO,SQUILLACE,3313,3313,100.0,0,-43,In calo,2026-08,3313,3356,2026-08-03,079142,I929,c_i937
MARCHE,PESARO E URBINO,SAN LORENZO IN CAMPO,2184,2184,100.0,0,-43,In calo,2026-08,2184,2227,2026-08-03,041054,H958,c_h958
VENETO,VICENZA,BRENDOLA,4520,4520,100.0,0,-43,In calo,2026-08,4520,4563,2026-08-03,024015,B143,c_b143
EMILIA ROMAGNA,BOLOGNA,FONTANELICE,1145,1145,100.0,0,-44,In calo,2026-08,1145,1189,2026-08-03,037026,D668,c_d668
LAZIO,LATINA,ROCCA MASSIMA,1229,0,0.0,0,-44,In calo,2026-08,0,1273,2026-08-03,059022,H421,c_h421
PIEMONTE,NOVARA,GALLIATE,5330,5324,99.89,0,-44,In calo,2026-08,5324,5374,2026-08-03,003068,D872,c_d872
PIEMONTE,TORINO,FAVRIA,1928,66,3.42,0,-44,In calo,2026-08,66,1972,2026-08-03,001101,D520,c_d520
TRENTINO ALTO ADIGE,TRENTO,STORO,2451,16,0.65,0,-44,In calo,2026-08,16,2495,2026-08-03,022183,I964,c_i964
LOMBARDIA,VARESE,ANGERA,2089,0,0.0,0,-46,In calo,2026-08,0,2135,2026-08-03,012003,A290,c_a290
MARCHE,PESARO E URBINO,MONTECALVO IN FOGLIA,1552,1552,100.0,0,-47,In calo,2026-08,1552,1599,2026-08-03,041030,F450,c_f450
SICILIA,AGRIGENTO,SANTA ELISABETTA,5182,0,0.0,0,-47,In calo,2026-08,0,5229,2026-08-03,084037,I185,c_i185
TRENTINO ALTO ADIGE,TRENTO,CALDONAZZO,1249,0,0.0,0,-47,In calo,2026-08,0,1296,2026-08-03,022034,B404,c_b404
EMILIA ROMAGNA,MODENA,CASTELNUOVO RANGONE,5305,5305,100.0,0,-48,In calo,2026-08,5305,5353,2026-08-03,036007,C242,c_c242
EMILIA ROMAGNA,RIMINI,MORCIANO DI ROMAGNA,3328,3328,100.0,0,-48,In calo,2026-08,3328,3376,2026-08-03,099011,F715,c_f715
LOMBARDIA,BRESCIA,NUVOLENTO,2268,2268,100.0,0,-48,In calo,2026-08,2268,2316,2026-08-03,017119,F989,c_f989
LAZIO,ROMA,ROCCA PRIORA,6071,0,0.0,0,-49,In calo,2026-08,0,6120,2026-08-03,058088,H432,c_gewt
LOMBARDIA,BERGAMO,BARIANO,1392,1392,100.0,0,-49,In calo,2026-08,1392,1441,2026-08-03,016020,A664,c_a664
LOMBARDIA,MANTOVA,MARIANA MANTOVANA,616,616,100.0,0,-49,In calo,2026-08,616,665,2026-08-03,020032,E949,c_e949
LOMBARDIA,BERGAMO,NEMBRO,3110,3110,100.0,0,-50,In calo,2026-08,3110,3160,2026-08-03,016144,F864,c_f864
LOMBARDIA,MILANO,TURBIGO,4230,0,0.0,0,-50,In calo,2026-08,0,4280,2026-08-03,015226,L471,c_l471
PIEMONTE,CUNEO,MELLE,859,859,100.0,0,-50,In calo,2026-08,859,909,2026-08-03,004122,F114,c_f114
SICILIA,CATANIA,ZAFFERANA ETNEA,8506,8506,100.0,0,-50,In calo,2026-08,8506,8556,2026-08-03,087055,M139,c_m139
MARCHE,PESARO E URBINO,MOMBAROCCIO,1505,0,0.0,0,-51,In calo,2026-08,0,1556,2026-08-03,041027,F310,c_f310
PIEMONTE,ASTI,SAN DAMIANO D'ASTI,4378,4378,100.0,0,-51,In calo,2026-08,4378,4429,2026-08-03,005097,H811,C_H811
LOMBARDIA,MILANO,CARPIANO,815,797,97.79,0,-52,In calo,2026-08,797,867,2026-08-03,015050,B820,c_b820
CAMPANIA,CASERTA,VILLA LITERNO,5310,5310,100.0,0,-53,In calo,2026-08,5310,5363,2026-08-03,061099,L844,c_l844
LAZIO,FROSINONE,VALLEROTONDA,3230,3230,100.0,0,-53,In calo,2026-08,3230,3283,2026-08-03,060084,L614,c_m083
LOMBARDIA,BERGAMO,ADRARA SAN ROCCO,929,929,100.0,0,-54,In calo,2026-08,929,983,2026-08-03,016002,A058,c_a058
SICILIA,PALERMO,BOMPIETRO,3804,3804,100.0,0,-54,In calo,2026-08,3804,3858,2026-08-03,082012,A958,c_a958
LOMBARDIA,COMO,LAMBRUGO,969,0,0.0,0,-55,In calo,2026-08,0,1024,2026-08-03,013121,E428,c_e428
LOMBARDIA,LECCO,VALGREGHENTINO,1117,0,0.0,0,-55,In calo,2026-08,0,1172,2026-08-03,097082,L581,c_l581
SARDEGNA,ORISTANO,GONNOSTRAMATZA,1088,0,0.0,0,-55,In calo,2026-08,0,1143,2026-08-03,115027,E088,c_e088
TRENTINO ALTO ADIGE,TRENTO,TERRAGNOLO,999,0,0.0,0,-55,In calo,2026-08,0,1054,2026-08-03,022193,L121,c_l121
SARDEGNA,SASSARI,LA MADDALENA,5496,5496,100.0,0,-56,In calo,2026-08,5496,5552,2026-08-03,113012,E425,c_e425
FRIULI VENEZIA GIULIA,UDINE,LESTIZZA,2386,0,0.0,0,-57,In calo,2026-08,0,2443,2026-08-03,030048,E553,c_e553
LOMBARDIA,BRESCIA,COCCAGLIO,3395,3395,100.0,0,-57,In calo,2026-08,3395,3452,2026-08-03,017056,C806,c_c806
PIEMONTE,ASTI,ROCCA D'ARAZZO,837,837,100.0,0,-57,In calo,2026-08,837,894,2026-08-03,005093,H392,c_h392
PIEMONTE,ASTI,VAGLIO SERRA,190,0,0.0,0,-57,In calo,2026-08,0,247,2026-08-03,005111,L531,c_l531
PIEMONTE,VERBANO-CUSIO-OSSOLA,ANTRONA SCHIERANCO,1220,0,0.0,0,-57,In calo,2026-08,0,1277,2026-08-03,103001,A317,c_a317
ABRUZZO,CHIETI,COLLEDIMACINE,447,447,100.0,0,-58,In calo,2026-08,447,505,2026-08-03,069025,C855,c_c855
EMILIA ROMAGNA,RIMINI,MISANO ADRIATICO,9976,9976,100.0,0,-58,In calo,2026-08,9976,10034,2026-08-03,099005,F244,c_F244
FRIULI VENEZIA GIULIA,PORDENONE,CASARSA DELLA DELIZIA,4070,0,0.0,0,-58,In calo,2026-08,0,4128,2026-08-03,093010,B940,c_b940
PUGLIA,FOGGIA,SERRACAPRIOLA,3682,3682,100.0,0,-58,In calo,2026-08,3682,3740,2026-08-03,071053,I641,c_i641
VENETO,BELLUNO,CALALZO DI CADORE,1093,15,1.37,0,-58,In calo,2026-08,15,1151,2026-08-03,025008,B375,c_b375
LOMBARDIA,VARESE,CARDANO AL CAMPO,3871,0,0.0,0,-59,In calo,2026-08,0,3930,2026-08-03,012032,B754,c_b754
CAMPANIA,NAPOLI,PIANO DI SORRENTO,3720,0,0.0,0,-60,In calo,2026-08,0,3780,2026-08-03,063053,G568,c_g568
MOLISE,CAMPOBASSO,TERMOLI,12845,12832,99.9,0,-60,In calo,2026-08,12832,12905,2026-08-03,070078,L113,c_l113
PIEMONTE,NOVARA,GOZZANO,1926,1924,99.9,0,-60,In calo,2026-08,1924,1986,2026-08-03,003076,E120,c_e120
SICILIA,MESSINA,ALÌ TERME,1942,1942,100.0,0,-60,In calo,2026-08,1942,2002,2026-08-03,083003,A201,c_a201
VENETO,ROVIGO,FICAROLO,1362,1362,100.0,0,-60,In calo,2026-08,1362,1422,2026-08-03,029021,D568,c_d568
VENETO,VERONA,TORRI DEL BENACO,3584,3584,100.0,0,-60,In calo,2026-08,3584,3644,2026-08-03,023086,L287,c_l287
FRIULI VENEZIA GIULIA,UDINE,AIELLO DEL FRIULI,1144,0,0.0,0,-61,In calo,2026-08,0,1205,2026-08-03,030001,A103,c_a103
SARDEGNA,ORISTANO,CABRAS,6241,6241,100.0,0,-61,In calo,2026-08,6241,6302,2026-08-03,115019,B314,c_b314
CAMPANIA,NAPOLI,CASAVATORE,3566,3566,100.0,0,-62,In calo,2026-08,3566,3628,2026-08-03,063021,B946,c_b946
LOMBARDIA,BERGAMO,SOLZA,557,0,0.0,0,-62,In calo,2026-08,0,619,2026-08-03,016251,I813,c_i813
LOMBARDIA,CREMONA,GRONTARDO,1314,0,0.0,0,-62,In calo,2026-08,0,1376,2026-08-03,019050,E193,c_e193
PIEMONTE,TORINO,ROBASSOMERO,1126,16,1.42,0,-62,In calo,2026-08,16,1188,2026-08-03,001220,H367,c_h367
TRENTINO ALTO ADIGE,BOLZANO,NALLES,671,670,99.85,0,-63,In calo,2026-08,670,734,2026-08-03,021055,F836,c_f836
PIEMONTE,VERCELLI,TRICERRO,728,0,0.0,0,-64,In calo,2026-08,0,792,2026-08-03,002147,L420,c_l420
CAMPANIA,AVELLINO,ARIANO IRPINO,8425,0,0.0,0,-65,In calo,2026-08,0,8490,2026-08-03,064005,A399,c_a399
LOMBARDIA,BERGAMO,OLTRE IL COLLE,1683,1683,100.0,0,-65,In calo,2026-08,1683,1748,2026-08-03,016146,G050,c_g050
LOMBARDIA,MILANO,DAIRAGO,1640,0,0.0,0,-65,In calo,2026-08,0,1705,2026-08-03,015099,D244,c_d244
LOMBARDIA,SONDRIO,PEDESINA,177,0,0.0,0,-65,In calo,2026-08,0,242,2026-08-03,014047,G410,c_g410
CALABRIA,COSENZA,ALTOMONTE,3586,0,0.0,0,-66,In calo,2026-08,0,3652,2026-08-03,078009,A240,c_a240
CALABRIA,COSENZA,LAINO BORGO,2386,2386,100.0,0,-66,In calo,2026-08,2386,2452,2026-08-03,078063,E417,c_e417a
LOMBARDIA,CREMONA,CAMPAGNOLA CREMASCA,313,0,0.0,0,-66,In calo,2026-08,0,379,2026-08-03,019011,B498,c_b498
LOMBARDIA,LECCO,SUEGLIO,885,0,0.0,0,-66,In calo,2026-08,0,951,2026-08-03,097077,I994,c_i994
CALABRIA,VIBO VALENTIA,PIZZO,1312,1312,100.0,0,-67,In calo,2026-08,1312,1379,2026-08-03,102027,G722,c_g722
LAZIO,ROMA,MONTEROTONDO,12890,12884,99.95,0,-67,In calo,2026-08,12884,12957,2026-08-03,058065,F611,c_f611
LOMBARDIA,SONDRIO,SAN GIACOMO FILIPPO,1079,0,0.0,0,-67,In calo,2026-08,0,1146,2026-08-03,014058,H868,c_h868
LOMBARDIA,CREMONA,CICOGNOLO,708,708,100.0,0,-68,In calo,2026-08,708,776,2026-08-03,019030,C678,c_c678
PIEMONTE,TORINO,MONTALDO TORINESE,356,356,100.0,0,-68,In calo,2026-08,356,424,2026-08-03,001158,F407,c_f407
TOSCANA,FIRENZE,SAN CASCIANO IN VAL DI PESA,6752,6752,100.0,0,-68,In calo,2026-08,6752,6820,2026-08-03,048038,H791,c_h791
VENETO,ROVIGO,CALTO,499,499,100.0,0,-68,In calo,2026-08,499,567,2026-08-03,029008,B432,B432
LOMBARDIA,VARESE,COMABBIO,709,709,100.0,0,-69,In calo,2026-08,709,778,2026-08-03,012054,C911,c_c911
SARDEGNA,NUORO,MAMOIADA,2303,2303,100.0,0,-70,In calo,2026-08,2303,2373,2026-08-03,114024,E874,c_e874
CALABRIA,REGGIO CALABRIA,SCILLA,3196,3196,100.0,0,-71,In calo,2026-08,3196,3267,2026-08-03,080085,I537,c_i537
LOMBARDIA,SONDRIO,DAZIO,559,559,100.0,0,-71,In calo,2026-08,559,630,2026-08-03,014025,D258,c_d258
LOMBARDIA,VARESE,MORAZZONE,1191,1191,100.0,0,-71,In calo,2026-08,1191,1262,2026-08-03,012105,F711,c_f711
PIEMONTE,CUNEO,MORETTA,1496,1496,100.0,0,-71,In calo,2026-08,1496,1567,2026-08-03,004143,F723,c_f723
PIEMONTE,TORINO,SAN MARTINO CANAVESE,524,0,0.0,0,-71,In calo,2026-08,0,595,2026-08-03,001247,H997,c_h997
LOMBARDIA,LODI,VALERA FRATTA,504,504,100.0,0,-72,In calo,2026-08,504,576,2026-08-03,098059,L572,c_l572
SARDEGNA,ORISTANO,MILIS,1477,0,0.0,0,-72,In calo,2026-08,0,1549,2026-08-03,115032,F208,c_f208A
BASILICATA,MATERA,VALSINNI,2296,0,0.0,0,-73,In calo,2026-08,0,2369,2026-08-03,077030,D513,c_d513
ABRUZZO,AQUILA,ROCCA PIA,359,359,100.0,0,-74,In calo,2026-08,359,433,2026-08-03,066083,H429,c_h429
LOMBARDIA,MONZA E DELLA BRIANZA,NOVA MILANESE,5903,0,0.0,0,-74,In calo,2026-08,0,5977,2026-08-03,108035,F944,c_f944
PIEMONTE,ALESSANDRIA,RIVARONE,384,384,100.0,0,-74,In calo,2026-08,384,458,2026-08-03,006145,H343,c_h343
CAMPANIA,SALERNO,MONTECORVINO PUGLIANO,3533,0,0.0,0,-75,In calo,2026-08,0,3608,2026-08-03,065072,F480,c_f480
CAMPANIA,SALERNO,SAN MAURO CILENTO,816,816,100.0,0,-75,In calo,2026-08,816,891,2026-08-03,065123,I031,C_I031
LOMBARDIA,SONDRIO,TARTANO,421,421,100.0,0,-75,In calo,2026-08,421,496,2026-08-03,014064,L056,c_l056
BASILICATA,POTENZA,GRUMENTO NOVA,2391,2391,100.0,0,-76,In calo,2026-08,2391,2467,2026-08-03,076037,E221,c_e221
FRIULI VENEZIA GIULIA,UDINE,PRADAMANO,1678,0,0.0,0,-76,In calo,2026-08,0,1754,2026-08-03,030080,G969,c_g969
LOMBARDIA,MILANO,SAN GIORGIO SU LEGNANO,1737,1735,99.88,0,-76,In calo,2026-08,1735,1813,2026-08-03,015194,H884,c_h884
PIEMONTE,ALESSANDRIA,MONTEMARZINO,405,0,0.0,0,-76,In calo,2026-08,0,481,2026-08-03,006108,F562,c_f562
SICILIA,TRAPANI,VALDERICE,13503,13503,100.0,0,-76,In calo,2026-08,13503,13579,2026-08-03,081022,G319,c_g319
LAZIO,FROSINONE,CAMPOLI APPENNINO,1866,0,0.0,0,-77,In calo,2026-08,0,1943,2026-08-03,060016,B543,c_b543
LOMBARDIA,MILANO,MORIMONDO,679,0,0.0,0,-77,In calo,2026-08,0,756,2026-08-03,015150,D033,c_d033
VENETO,VERONA,VILLA BARTOLOMEA,2984,0,0.0,0,-77,In calo,2026-08,0,3061,2026-08-03,023095,L912,c_l912
LOMBARDIA,BRESCIA,DARFO BOARIO TERME,6750,6750,100.0,0,-78,In calo,2026-08,6750,6828,2026-08-03,017065,D251,c_d251
CALABRIA,CROTONE,CASTELSILANO,2037,1,0.05,0,-79,In calo,2026-08,1,2116,2026-08-03,101005,B968,c_b968
CALABRIA,REGGIO CALABRIA,AGNANA CALABRA,743,0,0.0,0,-79,In calo,2026-08,0,822,2026-08-03,080002,A077,c_a077
CALABRIA,CATANZARO,GAGLIATO,1505,1505,100.0,0,-80,In calo,2026-08,1505,1585,2026-08-03,079055,D852,c_d852
LOMBARDIA,COMO,CASLINO D'ERBA,476,0,0.0,0,-80,In calo,2026-08,0,556,2026-08-03,013052,B974,c_b974
PIEMONTE,ASTI,DUSINO SAN MICHELE,903,0,0.0,0,-80,In calo,2026-08,0,983,2026-08-03,005052,D388,c_d388
PIEMONTE,TORINO,CARAVINO,744,0,0.0,0,-80,In calo,2026-08,0,824,2026-08-03,001056,B733,c_b733
SARDEGNA,SUD SARDEGNA,NURAMINIS,2143,0,0.0,0,-80,In calo,2026-08,0,2223,2026-08-03,118032,F983,c_f983
TRENTINO ALTO ADIGE,TRENTO,CIS,346,346,100.0,0,-80,In calo,2026-08,346,426,2026-08-03,022060,C727,c_c727
LOMBARDIA,MILANO,CERRO MAGGIORE,5530,0,0.0,0,-81,In calo,2026-08,0,5611,2026-08-03,015072,C537,c_c537
LOMBARDIA,MONZA E DELLA BRIANZA,DESIO,10229,10229,100.0,0,-81,In calo,2026-08,10229,10310,2026-08-03,108023,D286,c_d286
MOLISE,CAMPOBASSO,PROVVIDENTI,210,210,100.0,0,-81,In calo,2026-08,210,291,2026-08-03,070056,H083,c_h083
PIEMONTE,BIELLA,TERNENGO,182,0,0.0,0,-82,In calo,2026-08,0,264,2026-08-03,096067,L116,c_l116
VALLE D'AOSTA,AOSTA,LA THUILE,1060,1054,99.43,0,-82,In calo,2026-08,1054,1142,2026-08-03,007041,E470,c_e470
CAMPANIA,BENEVENTO,TELESE TERME,3321,0,0.0,0,-83,In calo,2026-08,0,3404,2026-08-03,062074,L086,c_l086
LIGURIA,GENOVA,MONEGLIA,3260,0,0.0,0,-83,In calo,2026-08,0,3343,2026-08-03,010037,F354,C_F354
LOMBARDIA,LODI,CASALMAIOCCO,820,820,100.0,0,-83,In calo,2026-08,820,903,2026-08-03,098009,B899,c_b899
PIEMONTE,CUNEO,MONTEU ROERO,1087,1087,100.0,0,-83,In calo,2026-08,1087,1170,2026-08-03,004140,F654,c_f654
SICILIA,PALERMO,ALTOFONTE,6717,0,0.0,0,-83,In calo,2026-08,0,6800,2026-08-03,082005,A239,c_a239
TOSCANA,FIRENZE,SESTO FIORENTINO,15610,15610,100.0,0,-83,In calo,2026-08,15610,15693,2026-08-03,048043,I684,c_i684
SARDEGNA,NUORO,TORTOLÌ,8108,0,0.0,0,-84,In calo,2026-08,0,8192,2026-08-03,116017,A355,c_a355
TRENTINO ALTO ADIGE,TRENTO,PIEVE TESINO,614,614,100.0,0,-84,In calo,2026-08,614,698,2026-08-03,022142,G656,c_g656
PIEMONTE,ASTI,COSTIGLIOLE D'ASTI,3187,3187,100.0,0,-85,In calo,2026-08,3187,3272,2026-08-03,005050,D119,c_d119
SICILIA,PALERMO,CAMPOREALE,3767,0,0.0,0,-85,In calo,2026-08,0,3852,2026-08-03,082019,B556,c_b556
BASILICATA,MATERA,FERRANDINA,4749,0,0.0,0,-86,In calo,2026-08,0,4835,2026-08-03,077008,D547,c_d547
CAMPANIA,BENEVENTO,CASTELVETERE IN VAL FORTORE,823,823,100.0,0,-86,In calo,2026-08,823,909,2026-08-03,062020,C284,c_c284
LOMBARDIA,MANTOVA,MAGNACAVALLO,947,0,0.0,0,-86,In calo,2026-08,0,1033,2026-08-03,020029,E818,c_e818
CALABRIA,COSENZA,SAN VINCENZO LA COSTA,1573,1573,100.0,0,-87,In calo,2026-08,1573,1660,2026-08-03,078135,I388,c_i388
EMILIA ROMAGNA,PIACENZA,GRAGNANO TREBBIENSE,1758,1758,100.0,0,-87,In calo,2026-08,1758,1845,2026-08-03,033024,E132,c_e132
SARDEGNA,NUORO,OLIENA,5054,0,0.0,0,-87,In calo,2026-08,0,5141,2026-08-03,114028,G031,c_g031
SARDEGNA,SASSARI,NULE,1624,0,0.0,0,-87,In calo,2026-08,0,1711,2026-08-03,112035,F976,c_f976
LOMBARDIA,BRESCIA,ROCCAFRANCA,1328,1328,100.0,0,-89,In calo,2026-08,1328,1417,2026-08-03,017162,H410,c_l923tr
LOMBARDIA,PAVIA,BADIA PAVESE,302,0,0.0,0,-89,In calo,2026-08,0,391,2026-08-03,018006,A538,c_a538
PIEMONTE,ALESSANDRIA,GARBAGNA,800,800,100.0,0,-89,In calo,2026-08,800,889,2026-08-03,006079,D910,c_d910
UMBRIA,PERUGIA,CANNARA,2242,0,0.0,0,-89,In calo,2026-08,0,2331,2026-08-03,054006,B609,c_b609
LOMBARDIA,SONDRIO,GORDONA,1671,3,0.18,0,-90,In calo,2026-08,3,1761,2026-08-03,014032,E090,c_e090
PUGLIA,LECCE,CASARANO,16546,16546,100.0,0,-90,In calo,2026-08,16546,16636,2026-08-03,075016,B936,c_b936
TRENTINO ALTO ADIGE,TRENTO,CAVALESE,2543,0,0.0,0,-90,In calo,2026-08,0,2633,2026-08-03,022050,C372,c_c372
PIEMONTE,TORINO,PISCINA,1423,1423,100.0,0,-91,In calo,2026-08,1423,1514,2026-08-03,001195,G705,c_g705
CAMPANIA,AVELLINO,CASTEL BARONIA,1819,0,0.0,0,-92,In calo,2026-08,0,1911,2026-08-03,064022,C058,c_c058
LOMBARDIA,MONZA E DELLA BRIANZA,CAMPARADA,632,0,0.0,0,-92,In calo,2026-08,0,724,2026-08-03,108014,B501,c_b501
EMILIA ROMAGNA,PIACENZA,ZERBA,484,0,0.0,0,-93,In calo,2026-08,0,577,2026-08-03,033047,M165,c_m165
PIEMONTE,NOVARA,VAPRIO D'AGOGNA,843,843,100.0,0,-93,In calo,2026-08,843,936,2026-08-03,003153,L668,c_l668
LOMBARDIA,SONDRIO,BUGLIO IN MONTE,1036,0,0.0,0,-94,In calo,2026-08,0,1130,2026-08-03,014010,B255,c_b255
PIEMONTE,CUNEO,LA MORRA,1797,0,0.0,0,-94,In calo,2026-08,0,1891,2026-08-03,004105,E430,c_e430
PIEMONTE,TORINO,COSSANO CANAVESE,347,11,3.17,0,-94,In calo,2026-08,11,441,2026-08-03,001095,D092,c_d092
TOSCANA,GROSSETO,SANTA FIORA,4913,0,0.0,0,-94,In calo,2026-08,0,5007,2026-08-03,053022,I187,c_i187
LAZIO,FROSINONE,ESPERIA,4525,4525,100.0,0,-95,In calo,2026-08,4525,4620,2026-08-03,060031,D440,c_d440
LOMBARDIA,BERGAMO,MEZZOLDO,163,163,100.0,0,-95,In calo,2026-08,163,258,2026-08-03,016134,F186,c_f186
LOMBARDIA,COMO,CAGLIO,457,0,0.0,0,-95,In calo,2026-08,0,552,2026-08-03,013037,B355,c_b355
LOMBARDIA,COMO,PONTE LAMBRO,885,885,100.0,0,-95,In calo,2026-08,885,980,2026-08-03,013188,G847,c_g847
LOMBARDIA,PAVIA,SANTA CRISTINA E BISSONE,1636,0,0.0,0,-95,In calo,2026-08,0,1731,2026-08-03,018139,I175,c_i175
PIEMONTE,NOVARA,SIZZANO,922,922,100.0,0,-96,In calo,2026-08,922,1018,2026-08-03,003139,I767,c_i767
SARDEGNA,ORISTANO,MODOLO,381,0,0.0,0,-96,In calo,2026-08,0,477,2026-08-03,115033,F261,c_f261
TRENTINO ALTO ADIGE,TRENTO,CANAL SAN BOVO,3116,3116,100.0,0,-96,In calo,2026-08,3116,3212,2026-08-03,022038,B577,c_b577
VENETO,BELLUNO,SOSPIROLO,2487,2487,100.0,0,-96,In calo,2026-08,2487,2583,2026-08-03,025056,I866,c_i866
CAMPANIA,AVELLINO,TREVICO,1848,0,0.0,0,-97,In calo,2026-08,0,1945,2026-08-03,064112,L399,c_l399
LOMBARDIA,COMO,CORRIDO,616,616,100.0,0,-97,In calo,2026-08,616,713,2026-08-03,013077,D041,c_d041
LOMBARDIA,VARESE,BESANO,995,7,0.7,0,-97,In calo,2026-08,7,1092,2026-08-03,012011,A819,c_a819
TOSCANA,LUCCA,FOSCIANDORA,483,483,100.0,0,-97,In calo,2026-08,483,580,2026-08-03,046014,D734,c_d734
VENETO,TREVISO,CESSALTO,1370,1370,100.0,0,-97,In calo,2026-08,1370,1467,2026-08-03,026015,C580,c_c580
LOMBARDIA,VARESE,CADREZZATE CON OSMATE,1154,0,0.0,0,-98,In calo,2026-08,0,1252,2026-08-03,012143,M425,c_m425
PIEMONTE,ALESSANDRIA,FRESONARA,810,810,100.0,0,-98,In calo,2026-08,810,908,2026-08-03,006074,D797,c_d797
TRENTINO ALTO ADIGE,TRENTO,BEDOLLO,1047,1047,100.0,0,-99,In calo,2026-08,1047,1146,2026-08-03,022011,A730,c_a730
LAZIO,ROMA,CIVITELLA SAN PAOLO,953,953,100.0,0,-100,In calo,2026-08,953,1053,2026-08-03,058033,C784,c_c784
VENETO,PADOVA,MESTRINO,3471,3467,99.88,0,-101,In calo,2026-08,3467,3572,2026-08-03,028054,F161,c_f161
FRIULI VENEZIA GIULIA,UDINE,TORREANO,1664,0,0.0,0,-102,In calo,2026-08,0,1766,2026-08-03,030122,L246,c_l246
LOMBARDIA,PAVIA,BORGORATTO MORMOROLO,403,403,100.0,0,-102,In calo,2026-08,403,505,2026-08-03,018017,B030,c_b030
MOLISE,CAMPOBASSO,CASACALENDA,2824,2824,100.0,0,-102,In calo,2026-08,2824,2926,2026-08-03,070011,B858,c_b858
PIEMONTE,VERBANO-CUSIO-OSSOLA,VALSTRONA,1037,1037,100.0,0,-102,In calo,2026-08,1037,1139,2026-08-03,103069,L651,c_l651
SICILIA,PALERMO,VILLAFRATI,3450,0,0.0,0,-102,In calo,2026-08,0,3552,2026-08-03,082080,L951,c_l951
LOMBARDIA,BERGAMO,GORLE,1804,0,0.0,0,-103,In calo,2026-08,0,1907,2026-08-03,016115,E103,c_e103
PIEMONTE,NOVARA,BELLINZAGO NOVARESE,3525,3522,99.91,0,-103,In calo,2026-08,3522,3628,2026-08-03,003016,A752,c_a752
SARDEGNA,NUORO,TETI,765,765,100.0,0,-103,In calo,2026-08,765,868,2026-08-03,114050,L153,c_l153
PUGLIA,FOGGIA,APRICENA,7635,0,0.0,0,-104,In calo,2026-08,0,7739,2026-08-03,071004,A339,c_a339
SICILIA,PALERMO,VALLEDOLMO,5759,0,0.0,0,-104,In calo,2026-08,0,5863,2026-08-03,082076,L603,c_l603
BASILICATA,POTENZA,BELLA,2016,2016,100.0,0,-105,In calo,2026-08,2016,2121,2026-08-03,076012,A743,c_a743
LOMBARDIA,LODI,CERVIGNANO D'ADDA,1728,1728,100.0,0,-105,In calo,2026-08,1728,1833,2026-08-03,098018,C555,c_c555
MARCHE,MACERATA,MONTECOSARO,3738,3738,100.0,0,-105,In calo,2026-08,3738,3843,2026-08-03,043028,F482,c_f482
VENETO,TREVISO,MONTEBELLUNA,13283,13283,100.0,0,-105,In calo,2026-08,13283,13388,2026-08-03,026046,F443,c_f443
CAMPANIA,SALERNO,PETINA,1281,0,0.0,0,-106,In calo,2026-08,0,1387,2026-08-03,065094,G509,c_g509
LOMBARDIA,COMO,RODERO,421,0,0.0,0,-106,In calo,2026-08,0,527,2026-08-03,013197,H478,c_h478
LOMBARDIA,VARESE,BRISSAGO-VALTRAVAGLIA,668,0,0.0,0,-106,In calo,2026-08,0,774,2026-08-03,012022,B191,c_b191
FRIULI VENEZIA GIULIA,UDINE,CHIUSAFORTE,926,0,0.0,0,-107,In calo,2026-08,0,1033,2026-08-03,030025,C656,c_c656
LOMBARDIA,MANTOVA,CERESARA,1985,1985,100.0,0,-107,In calo,2026-08,1985,2092,2026-08-03,020019,C502,c_c502
PIEMONTE,CUNEO,BELLINO,294,294,100.0,0,-107,In calo,2026-08,294,401,2026-08-03,004017,A750,c_a750
VENETO,PADOVA,CARMIGNANO DI BRENTA,3096,3096,100.0,0,-107,In calo,2026-08,3096,3203,2026-08-03,028023,B795,c_b795
EMILIA ROMAGNA,REGGIO EMILIA,SAN POLO D'ENZA,2759,2759,100.0,0,-108,In calo,2026-08,2759,2867,2026-08-03,035038,I123,c_i123
PIEMONTE,CUNEO,CENTALLO,2792,5,0.18,0,-108,In calo,2026-08,5,2900,2026-08-03,004061,C466,c_c466
TOSCANA,MASSA-CARRARA,COMANO,1182,1182,100.0,0,-108,In calo,2026-08,1182,1290,2026-08-03,045005,C914,c_c915
LOMBARDIA,COMO,MONTANO LUCINO,1305,1305,100.0,0,-109,In calo,2026-08,1305,1414,2026-08-03,013154,F427,c_f427
SICILIA,CATANIA,MANIACE,4413,4413,100.0,0,-109,In calo,2026-08,4413,4522,2026-08-03,087057,M283,c_m283
TOSCANA,AREZZO,PRATOVECCHIO STIA,4636,4629,99.85,0,-109,In calo,2026-08,4629,4745,2026-08-03,051041,M329,c_i9526
ABRUZZO,PESCARA,BOLOGNANO,1619,0,0.0,0,-110,In calo,2026-08,0,1729,2026-08-03,068003,A945,c_a945
CAMPANIA,NAPOLI,CARDITO,3903,0,0.0,0,-110,In calo,2026-08,0,4013,2026-08-03,063016,B759,c_b759
MOLISE,CAMPOBASSO,ORATINO,1486,1486,100.0,0,-110,In calo,2026-08,1486,1596,2026-08-03,070049,G086,c_ht1k
PIEMONTE,NOVARA,GATTICO-VERUNO,2493,2493,100.0,0,-110,In calo,2026-08,2493,2603,2026-08-03,003166,M416,c_m416
BASILICATA,POTENZA,RUVO DEL MONTE,1871,1871,100.0,0,-111,In calo,2026-08,1871,1982,2026-08-03,076072,H646,c_h646
LOMBARDIA,BRESCIA,ERBUSCO,3342,3340,99.94,0,-111,In calo,2026-08,3340,3453,2026-08-03,017069,D421,c_d421
LOMBARDIA,PAVIA,CARBONARA AL TICINO,646,0,0.0,0,-112,In calo,2026-08,0,758,2026-08-03,018030,B741,c_b741
PIEMONTE,CUNEO,ALBA,8284,0,0.0,0,-112,In calo,2026-08,0,8396,2026-08-03,004003,A124,c_a124
PIEMONTE,TORINO,GERMAGNANO,787,0,0.0,0,-112,In calo,2026-08,0,899,2026-08-03,001113,D983,c_d983
TRENTINO ALTO ADIGE,TRENTO,BOCENAGO,504,0,0.0,0,-112,In calo,2026-08,0,616,2026-08-03,022018,A916,c_a916
LIGURIA,LA SPEZIA,SANTO STEFANO DI MAGRA,3726,3726,100.0,0,-113,In calo,2026-08,3726,3839,2026-08-03,011026,I363,c_i363
CALABRIA,VIBO VALENTIA,MONGIANA,756,756,100.0,0,-115,In calo,2026-08,756,871,2026-08-03,102022,F364,c_f364
LOMBARDIA,MANTOVA,VILLIMPENTA,1725,1725,100.0,0,-115,In calo,2026-08,1725,1840,2026-08-03,020068,M044,c_m044
VALLE D'AOSTA,AOSTA,ARNAD,610,0,0.0,0,-115,In calo,2026-08,0,725,2026-08-03,007004,A424,c_a424
VALLE D'AOSTA,AOSTA,PONTEY,425,0,0.0,0,-115,In calo,2026-08,0,540,2026-08-03,007051,G860,c_g860
VENETO,VERONA,ANGIARI,1483,1483,100.0,0,-115,In calo,2026-08,1483,1598,2026-08-03,023003,A292,c_a292
LOMBARDIA,MILANO,CUSAGO,1403,0,0.0,0,-117,In calo,2026-08,0,1520,2026-08-03,015097,D229,c_d229
PIEMONTE,ALESSANDRIA,MERANA,180,180,100.0,0,-117,In calo,2026-08,180,297,2026-08-03,006093,F131,c_f131
PUGLIA,TARANTO,FRAGAGNANO,5036,5036,100.0,0,-117,In calo,2026-08,5036,5153,2026-08-03,073006,D754,c_d754
SICILIA,RAGUSA,POZZALLO,9590,0,0.0,0,-117,In calo,2026-08,0,9707,2026-08-03,088008,G953,c_g953
TOSCANA,GROSSETO,MANCIANO,6072,0,0.0,0,-117,In calo,2026-08,0,6189,2026-08-03,053014,E875,c_e875
LOMBARDIA,MILANO,OZZERO,608,0,0.0,0,-118,In calo,2026-08,0,726,2026-08-03,015165,G206,c_g206
BASILICATA,POTENZA,PALAZZO SAN GERVASIO,4346,4346,100.0,0,-119,In calo,2026-08,4346,4465,2026-08-03,076057,G261,c_g261
LOMBARDIA,MILANO,CESANO BOSCONE,2951,0,0.0,0,-119,In calo,2026-08,0,3070,2026-08-03,015074,C565,c_c565
LOMBARDIA,PAVIA,BORNASCO,623,623,100.0,0,-119,In calo,2026-08,623,742,2026-08-03,018019,B051,c_b051
PIEMONTE,BIELLA,QUAREGNA CERRETO,965,910,94.3,0,-119,In calo,2026-08,910,1084,2026-08-03,096087,M414,c_m414
SICILIA,PALERMO,FICARAZZI,4179,4179,100.0,0,-122,In calo,2026-08,4179,4301,2026-08-03,082035,D567,c_d567
ABRUZZO,AQUILA,ATELETA,997,997,100.0,0,-138,In calo,2026-08,997,1135,2026-08-03,066005,A481,c_a481
ABRUZZO,AQUILA,AVEZZANO,20674,20674,100.0,0,-162,In calo,2026-08,20674,20836,2026-08-03,066006,A515,c_a515
LOMBARDIA,BRESCIA,VEZZA D'OGLIO,1160,1160,100.0,0,-208,In calo,2026-08,1160,1368,2026-08-03,017198,L816,c_l816
PUGLIA,BARI,BINETTO,1245,1245,100.0,0,-324,In calo,2026-08,1245,1569,2026-08-03,072008,A874,c_a874
VENETO,TREVISO,RONCADE,6326,6314,99.81,-1,11,In calo,2026-08,6315,6315,2026-08-03,026069,H523,c_h523
EMILIA ROMAGNA,REGGIO EMILIA,CASALGRANDE,5376,5367,99.83,-1,8,In calo,2026-08,5368,5368,2026-08-03,035012,B893,c_b893
LOMBARDIA,LODI,CAVENAGO D'ADDA,758,751,99.08,-1,6,In calo,2026-08,752,752,2026-08-03,098017,C394,c_c394
LAZIO,ROMA,ZAGAROLO,8474,8468,99.93,-1,5,In calo,2026-08,8469,8469,2026-08-03,058114,M141,c_m141
LOMBARDIA,BRESCIA,VILLANUOVA SUL CLISI,2383,2377,99.75,-1,5,In calo,2026-08,2378,2378,2026-08-03,017201,L995,c_l995
TOSCANA,AREZZO,CORTONA,11254,11249,99.96,-1,4,In calo,2026-08,11250,11250,2026-08-03,051017,D077,c_d077
VENETO,TREVISO,BORSO DEL GRAPPA,2956,2951,99.83,-1,4,In calo,2026-08,2952,2952,2026-08-03,026004,B061,c_b061
TRENTINO ALTO ADIGE,BOLZANO,CORVARA IN BADIA,617,614,99.51,-1,2,In calo,2026-08,615,615,2026-08-03,021026,D079,c_d079
VENETO,PADOVA,ESTE,9251,9248,99.97,-1,2,In calo,2026-08,9249,9249,2026-08-03,028037,D442,c_d442
VENETO,VENEZIA,CEGGIA,2072,2069,99.86,-1,2,In calo,2026-08,2070,2070,2026-08-03,027007,C422,c_c422
CAMPANIA,BENEVENTO,SAN MARTINO SANNITA,538,438,81.41,-1,1,In calo,2026-08,439,537,2026-08-03,062065,I002,c_i002
ABRUZZO,CHIETI,CASALBORDINO,3369,3362,99.79,-1,0,In calo,2026-08,3363,3369,2026-08-03,069015,B865,c_b865
CALABRIA,VIBO VALENTIA,SAN GREGORIO D'IPPONA,900,899,99.89,-1,0,In calo,2026-08,900,900,2026-08-03,102034,H941,c_h941
LOMBARDIA,BERGAMO,RANZANICO,780,779,99.87,-1,0,In calo,2026-08,780,780,2026-08-03,016179,H177,c_h177
PIEMONTE,ALESSANDRIA,CASSINELLE,1039,1038,99.9,-1,0,In calo,2026-08,1039,1039,2026-08-03,006044,C030,c_c030
PIEMONTE,BIELLA,BIOGLIO,649,648,99.85,-1,0,In calo,2026-08,649,649,2026-08-03,096005,A876,c_a876
PIEMONTE,CUNEO,BROSSASCO,1164,1163,99.91,-1,0,In calo,2026-08,1164,1164,2026-08-03,004033,B204,c_b204
PIEMONTE,CUNEO,CARAGLIO,2958,2957,99.97,-1,0,In calo,2026-08,2958,2958,2026-08-03,004040,B719,c_b719
PIEMONTE,CUNEO,GUARENE,1349,1348,99.93,-1,0,In calo,2026-08,1349,1349,2026-08-03,004101,E251,c_e251
PIEMONTE,CUNEO,MANGO,895,894,99.89,-1,0,In calo,2026-08,895,895,2026-08-03,004115,E887,c_e887
PIEMONTE,CUNEO,PAGNO,386,385,99.74,-1,0,In calo,2026-08,386,386,2026-08-03,004158,G240,c_g240
PIEMONTE,NOVARA,BARENGO,492,491,99.8,-1,0,In calo,2026-08,492,492,2026-08-03,003012,A653,c_a653
PUGLIA,LECCE,ARNESANO,1783,1782,99.94,-1,0,In calo,2026-08,1783,1783,2026-08-03,075007,A425,c_a425
PUGLIA,LECCE,SURBO,12304,12303,99.99,-1,0,In calo,2026-08,12304,12304,2026-08-03,075083,L011,c_l011
TRENTINO ALTO ADIGE,BOLZANO,ANDRIANO,347,346,99.71,-1,0,In calo,2026-08,347,347,2026-08-03,021002,A286,c_a286
CALABRIA,VIBO VALENTIA,SORIANELLO,1621,1621,100.0,-1,-1,In calo,2026-08,1622,1622,2026-08-03,102039,I853,c_i853
EMILIA ROMAGNA,BOLOGNA,CAMUGNANO,2672,2672,100.0,-1,-1,In calo,2026-08,2673,2673,2026-08-03,037010,B572,c_b572
EMILIA ROMAGNA,BOLOGNA,CASALECCHIO DI RENO,5341,5341,100.0,-1,-1,In calo,2026-08,5342,5342,2026-08-03,037011,B880,c_b880
EMILIA ROMAGNA,FERRARA,FISCAGLIA,7187,7187,100.0,-1,-1,In calo,2026-08,7188,7188,2026-08-03,038027,M323,c_m323
EMILIA ROMAGNA,FORLI,BORGHI,1669,1669,100.0,-1,-1,In calo,2026-08,1670,1670,2026-08-03,040004,B001,c_b001
EMILIA ROMAGNA,MODENA,MODENA,60513,60513,100.0,-1,-1,In calo,2026-08,60514,60514,2026-08-03,036023,F257,c_f257
EMILIA ROMAGNA,MODENA,SAN FELICE SUL PANARO,4834,4834,100.0,-1,-1,In calo,2026-08,4835,4835,2026-08-03,036037,H835,c_h835
EMILIA ROMAGNA,RAVENNA,MASSA LOMBARDA,6471,6471,100.0,-1,-1,In calo,2026-08,6472,6472,2026-08-03,039013,F029,c_f029
LOMBARDIA,PAVIA,CECIMA,314,314,100.0,-1,-1,In calo,2026-08,315,315,2026-08-03,018042,C414,c_c414
PIEMONTE,TORINO,BRICHERASIO,2514,2514,100.0,-1,-1,In calo,2026-08,2515,2515,2026-08-03,001035,B171,c_b171
TOSCANA,SIENA,RADICONDOLI,894,894,100.0,-1,-1,In calo,2026-08,895,895,2026-08-03,052025,H157,c_h157
VENETO,TREVISO,SAN FIOR,2952,2952,100.0,-1,-1,In calo,2026-08,2953,2953,2026-08-03,026072,H843,c_h843
VENETO,VICENZA,ZOVENCEDO,435,435,100.0,-1,-1,In calo,2026-08,436,436,2026-08-03,024121,M194,c_m194
VENETO,BELLUNO,FELTRE,9234,9232,99.98,-1,-3,In calo,2026-08,9233,9237,2026-08-03,025021,D530,c_d530
TOSCANA,PISTOIA,SAN MARCELLO PITEGLIO,5787,5787,100.0,-1,-16,In calo,2026-08,5788,5803,2026-08-03,047024,M377,cdsmpi
LOMBARDIA,BRESCIA,GAVARDO,5951,5934,99.71,-1,-22,In calo,2026-08,5935,5973,2026-08-03,017077,D940,c_d940
EMILIA ROMAGNA,FERRARA,OSTELLATO,3418,3417,99.97,-1,-24,In calo,2026-08,3418,3442,2026-08-03,038017,G184,c_g184
LAZIO,FROSINONE,FROSINONE,23617,23614,99.99,-1,-40,In calo,2026-08,23615,23657,2026-08-03,060038,D810,c_d810
PIEMONTE,TORINO,NOLE,2144,2143,99.95,-1,-81,In calo,2026-08,2144,2225,2026-08-03,001166,F925,c_f925
PIEMONTE,CUNEO,FRASSINO,1372,1371,99.93,-1,-92,In calo,2026-08,1372,1464,2026-08-03,004092,D782,c_d782
LOMBARDIA,MONZA E DELLA BRIANZA,VIMERCATE,6864,6860,99.94,-1,-1922,In calo,2026-08,6861,8786,2026-08-03,108050,M052,c_m052
CAMPANIA,BENEVENTO,SAN LUPO,762,298,39.11,-2,228,In calo,2026-08,300,534,2026-08-03,062063,H973,c_h973
LOMBARDIA,MILANO,MELEGNANO,4746,4724,99.54,-2,20,In calo,2026-08,4726,4726,2026-08-03,015140,F100,c_f100
VENETO,TREVISO,SANTA LUCIA DI PIAVE,3285,3277,99.76,-2,6,In calo,2026-08,3279,3279,2026-08-03,026075,I221,c_i221
PIEMONTE,TORINO,CAPRIE,1349,1345,99.7,-2,2,In calo,2026-08,1347,1347,2026-08-03,001055,B705,c_B705
LOMBARDIA,BRESCIA,BARGHE,946,943,99.68,-2,1,In calo,2026-08,945,945,2026-08-03,017012,A661,c_a661
EMILIA ROMAGNA,REGGIO EMILIA,GATTATICO,2618,2616,99.92,-2,0,In calo,2026-08,2618,2618,2026-08-03,035022,D934,c_d934
LAZIO,FROSINONE,FERENTINO,10168,10166,99.98,-2,0,In calo,2026-08,10168,10168,2026-08-03,060033,D539,c_d539
LOMBARDIA,BRESCIA,SERLE,2198,2196,99.91,-2,0,In calo,2026-08,2198,2198,2026-08-03,017178,I631,c_i631
LOMBARDIA,BRESCIA,VESTONE,1696,1694,99.88,-2,0,In calo,2026-08,1696,1696,2026-08-03,017197,L812,c_l812
VENETO,VERONA,SANGUINETTO,4310,4308,99.95,-2,0,In calo,2026-08,4310,4310,2026-08-03,023072,H944,c_h944
VENETO,VICENZA,BARBARANO MOSSANO,3182,3180,99.94,-2,0,In calo,2026-08,3182,3182,2026-08-03,024124,M401,c_m401
UMBRIA,TERNI,MONTECCHIO,2594,2593,99.96,-2,-1,In calo,2026-08,2595,2595,2026-08-03,055018,F462,c_f462
PIEMONTE,NOVARA,PELLA,898,892,99.33,-2,-2,In calo,2026-08,894,900,2026-08-03,003115,G421,c_g421
PIEMONTE,TORINO,GRUGLIASCO,7835,7835,100.0,-2,-2,In calo,2026-08,7837,7837,2026-08-03,001120,E216,c_e216
TOSCANA,PISTOIA,QUARRATA,21684,21684,100.0,-2,-2,In calo,2026-08,21686,21686,2026-08-03,047017,H109,c_h109
VENETO,VICENZA,AGUGLIARO,876,876,100.0,-2,-2,In calo,2026-08,878,878,2026-08-03,024001,A093,c_a093
ABRUZZO,PESCARA,ALANNO,2280,2279,99.96,-2,-85,In calo,2026-08,2281,2365,2026-08-03,068002,A120,c_a120
TOSCANA,FIRENZE,GAMBASSI TERME,3307,3257,98.49,-3,47,In calo,2026-08,3260,3260,2026-08-03,048020,D895,c_d985
TRENTINO ALTO ADIGE,BOLZANO,MALLES VENOSTA,1975,1956,99.04,-3,16,In calo,2026-08,1959,1959,2026-08-03,021046,E862,c_e862
VENETO,PADOVA,CONSELVE,4412,4402,99.77,-3,7,In calo,2026-08,4405,4405,2026-08-03,028034,C964,c_c964
EMILIA ROMAGNA,BOLOGNA,MEDICINA,6391,6381,99.84,-3,6,In calo,2026-08,6384,6385,2026-08-03,037037,F083,c_f083
LOMBARDIA,BRESCIA,FLERO,3939,3932,99.82,-3,4,In calo,2026-08,3935,3935,2026-08-03,017072,D634,C_D634
VENETO,PADOVA,POZZONOVO,1749,1743,99.66,-3,3,In calo,2026-08,1746,1746,2026-08-03,028070,G963,c_g963
LOMBARDIA,MILANO,BASIGLIO,5043,5038,99.9,-3,2,In calo,2026-08,5041,5041,2026-08-03,015015,A699,c_a699
TOSCANA,LUCCA,FORTE DEI MARMI,12995,12991,99.97,-3,1,In calo,2026-08,12994,12994,2026-08-03,046013,D730,c_d730
EMILIA ROMAGNA,FORLI,GAMBETTOLA,6442,6439,99.95,-3,0,In calo,2026-08,6442,6442,2026-08-03,040015,D899,c_0899
LOMBARDIA,SONDRIO,COSIO VALTELLINO,2511,2508,99.88,-3,0,In calo,2026-08,2511,2511,2026-08-03,014024,D088,c_d088
MOLISE,ISERNIA,CASTEL SAN VINCENZO,797,794,99.62,-3,0,In calo,2026-08,797,797,2026-08-03,094012,C270,c_c270
EMILIA ROMAGNA,FERRARA,COMACCHIO,37892,37892,100.0,-3,-3,In calo,2026-08,37895,37895,2026-08-03,038006,C912,c_c912
LIGURIA,IMPERIA,DIANO MARINA,3193,3193,100.0,-3,-3,In calo,2026-08,3196,3196,2026-08-03,008027,D297,c_d297
VENETO,VICENZA,MONTE DI MALO,1543,1543,100.0,-3,-3,In calo,2026-08,1546,1546,2026-08-03,024063,F486,c_f486
VENETO,VERONA,VERONA,53038,52988,99.91,-4,46,In calo,2026-08,52992,52992,2026-08-03,023091,L781,c_l781
LOMBARDIA,BRESCIA,PRESEGLIE,835,826,98.92,-4,5,In calo,2026-08,830,830,2026-08-03,017153,H043,c_h043
LOMBARDIA,BRESCIA,REZZATO,5088,5079,99.82,-4,5,In calo,2026-08,5083,5083,2026-08-03,017161,H256,c_h256
PIEMONTE,CUNEO,NOVELLO,849,842,99.18,-4,3,In calo,2026-08,846,846,2026-08-03,004152,F961,c_f961
VENETO,ROVIGO,SAN MARTINO DI VENEZZE,2165,2159,99.72,-4,2,In calo,2026-08,2163,2163,2026-08-03,029044,H996,c_h996
PIEMONTE,VERCELLI,FOBELLO,4,0,0.0,-4,0,In calo,2026-08,4,4,2026-08-03,002057,D641,c_d641
PUGLIA,LECCE,MELPIGNANO,3343,3340,99.91,-4,-1,In calo,2026-08,3344,3344,2026-08-03,075045,F117,c_f117
CALABRIA,REGGIO CALABRIA,ANOIA,2682,2681,99.96,-4,-3,In calo,2026-08,2685,2685,2026-08-03,080003,A303,c_a303
VENETO,PADOVA,CURTAROLO,3268,3268,100.0,-4,-4,In calo,2026-08,3272,3272,2026-08-03,028036,D226,c_d226
EMILIA ROMAGNA,FORLI,SOGLIANO AL RUBICONE,2445,2441,99.84,-4,-75,In calo,2026-08,2445,2520,2026-08-03,040046,I779,c_i779
TOSCANA,MASSA-CARRARA,CARRARA,27057,27051,99.98,-5,1,In calo,2026-08,27056,27056,2026-08-03,045003,B832,c_b832
PIEMONTE,VERBANO-CUSIO-OSSOLA,VOGOGNA,886,868,97.97,-5,0,In calo,2026-08,873,886,2026-08-03,103077,M111,c_m111
PUGLIA,LECCE,SAN DONATO DI LECCE,3245,3245,100.0,-5,-5,In calo,2026-08,3250,3250,2026-08-03,075069,H826,c_h826
PIEMONTE,CUNEO,SALICETO,948,948,100.0,-5,-8,In calo,2026-08,953,956,2026-08-03,004201,H710,c_h710
SICILIA,AGRIGENTO,LICATA,23331,23250,99.65,-6,73,In calo,2026-08,23256,23258,2026-08-03,084021,E573,c_e573
LIGURIA,SAVONA,SAVONA,14997,14988,99.94,-6,3,In calo,2026-08,14994,14994,2026-08-03,009056,I480,c_i480
LOMBARDIA,BERGAMO,TREVIGLIO,10517,10516,99.99,-6,-5,In calo,2026-08,10522,10522,2026-08-03,016219,L400,c_l400
PUGLIA,LECCE,CARPIGNANO SALENTINO,7748,7748,100.0,-6,-6,In calo,2026-08,7754,7754,2026-08-03,075015,B822,c_b822
VENETO,VICENZA,CREAZZO,5049,5049,100.0,-6,-6,In calo,2026-08,5055,5055,2026-08-03,024036,D136,c_d136
VENETO,VENEZIA,MARTELLAGO,8316,8239,99.07,-7,70,In calo,2026-08,8246,8246,2026-08-03,027021,E980,c_e980
LOMBARDIA,BRESCIA,BAGOLINO,3027,3016,99.64,-7,4,In calo,2026-08,3023,3023,2026-08-03,017010,A578,c_a578
UMBRIA,TERNI,MONTECASTRILLI,3012,3000,99.6,-7,4,In calo,2026-08,3007,3008,2026-08-03,055017,F457,c_f457
TOSCANA,LUCCA,MONTECARLO,2611,2603,99.69,-7,1,In calo,2026-08,2610,2610,2026-08-03,046021,F452,c_f452
FRIULI VENEZIA GIULIA,UDINE,GRIMACCO,384,377,98.18,-7,0,In calo,2026-08,384,384,2026-08-03,030045,E179,c_e179
LOMBARDIA,MILANO,CISLIANO,1445,1438,99.52,-7,0,In calo,2026-08,1445,1445,2026-08-03,015078,C733,c_c733
SICILIA,PALERMO,PALERMO,165018,165013,100.0,-7,-2,In calo,2026-08,165020,165020,2026-08-03,082053,G273,c_g273
VENETO,VICENZA,MARANO VICENTINO,3569,3566,99.92,-7,-6,In calo,2026-08,3573,3575,2026-08-03,024056,E912,c_e912
VENETO,VICENZA,ZUGLIANO,3199,3199,100.0,-7,-7,In calo,2026-08,3206,3206,2026-08-03,024122,M199,c_m199
PIEMONTE,CUNEO,CARAMAGNA PIEMONTE,2266,2257,99.6,-8,1,In calo,2026-08,2265,2265,2026-08-03,004041,B720,c_b720
VENETO,VICENZA,SARCEDO,2545,2542,99.88,-8,-5,In calo,2026-08,2550,2550,2026-08-03,024097,I425,c_i425
LOMBARDIA,CREMONA,SPINADESCO,1006,987,98.11,-9,10,In calo,2026-08,996,996,2026-08-03,019100,I906,c_i906
PUGLIA,FOGGIA,LUCERA,15289,15272,99.89,-9,8,In calo,2026-08,15281,15281,2026-08-03,071028,E716,c_e716
LIGURIA,GENOVA,SESTRI LEVANTE,8000,7990,99.88,-9,1,In calo,2026-08,7999,7999,2026-08-03,010059,I693,c_i693
PIEMONTE,ALESSANDRIA,CASALE MONFERRATO,10851,10842,99.92,-9,0,In calo,2026-08,10851,10851,2026-08-03,006039,B885,c_b885
EMILIA ROMAGNA,RAVENNA,SOLAROLO,2102,2102,100.0,-9,-9,In calo,2026-08,2111,2111,2026-08-03,039018,I787,c_i787
LOMBARDIA,BRESCIA,IDRO,1744,1729,99.14,-10,5,In calo,2026-08,1739,1739,2026-08-03,017082,E280,c_e497
CAMPANIA,CASERTA,RUVIANO,858,858,100.0,-10,-10,In calo,2026-08,868,868,2026-08-03,061073,H165,c_h165
VENETO,VICENZA,CARRÈ,2031,2020,99.46,-11,0,In calo,2026-08,2031,2031,2026-08-03,024024,B835,c_b835
CAMPANIA,CASERTA,MARZANO APPIO,1683,1277,75.88,-12,394,In calo,2026-08,1289,1289,2026-08-03,061050,E998,c_e998
PUGLIA,FOGGIA,FOGGIA,30145,30056,99.7,-12,77,In calo,2026-08,30068,30068,2026-08-03,071024,D643,c_d643
LOMBARDIA,MANTOVA,SAN GIORGIO BIGARELLO,4926,4900,99.47,-12,14,In calo,2026-08,4912,4912,2026-08-03,020057,H883,c_h883
LOMBARDIA,VARESE,FERNO,1964,1952,99.39,-12,0,In calo,2026-08,1964,1964,2026-08-03,012068,D543,c_d543
UMBRIA,PERUGIA,SPOLETO,18544,18536,99.96,-12,-4,In calo,2026-08,18548,18548,2026-08-03,054051,I921,c_i921
SICILIA,PALERMO,TERRASINI,9821,9816,99.95,-12,-7,In calo,2026-08,9828,9828,2026-08-03,082071,L131,c_l131
VENETO,VICENZA,BREGANZE,4741,4741,100.0,-12,-12,In calo,2026-08,4753,4753,2026-08-03,024014,B132,c_b132
LOMBARDIA,BRESCIA,MAZZANO,5621,5603,99.68,-13,5,In calo,2026-08,5616,5616,2026-08-03,017107,F063,c_f063
LOMBARDIA,BERGAMO,DALMINE,7988,7975,99.84,-13,0,In calo,2026-08,7988,7988,2026-08-03,016091,D245,c_d245
PIEMONTE,VERCELLI,VILLARBOIT,270,270,100.0,-13,-13,In calo,2026-08,283,283,2026-08-03,002163,M003,c_m003
PIEMONTE,TORINO,MOMPANTERO,244,229,93.85,-15,0,In calo,2026-08,244,244,2026-08-03,001154,F318,c_f318
LOMBARDIA,BERGAMO,LEFFE,1778,1762,99.1,-16,0,In calo,2026-08,1778,1778,2026-08-03,016124,E509,c_e509
PIEMONTE,VERBANO-CUSIO-OSSOLA,BOGNANCO,713,713,100.0,-16,-16,In calo,2026-08,729,729,2026-08-03,103012,A925,c_a925
VENETO,VICENZA,SANTORSO,3122,3122,100.0,-17,-17,In calo,2026-08,3139,3139,2026-08-03,024095,I353,c_i353
LOMBARDIA,COMO,SAN SIRO,1921,1921,100.0,-17,-18,In calo,2026-08,1938,1939,2026-08-03,013248,I162,c_i162
EMILIA ROMAGNA,PIACENZA,CADEO,1765,1765,100.0,-18,-18,In calo,2026-08,1783,1783,2026-08-03,033007,B332,c_b332
MOLISE,CAMPOBASSO,PIETRACATELLA,1269,1269,100.0,-18,-18,In calo,2026-08,1287,1287,2026-08-03,070053,G609,c_g609
VENETO,VERONA,VALEGGIO SUL MINCIO,7127,7127,100.0,-19,-19,In calo,2026-08,7146,7146,2026-08-03,023089,L567,c_l567
VENETO,VICENZA,VALLI DEL PASUBIO,3010,3000,99.67,-20,-10,In calo,2026-08,3020,3020,2026-08-03,024113,L624,c_l624
VENETO,VICENZA,RECOARO TERME,5270,5248,99.58,-22,0,In calo,2026-08,5270,5270,2026-08-03,024084,H214,c_h214
LIGURIA,GENOVA,ARENZANO,5548,5548,100.0,-23,-23,In calo,2026-08,5571,5571,2026-08-03,010001,A388,c_a388
MARCHE,ANCONA,MONTECAROTTO,1713,1713,100.0,-24,-24,In calo,2026-08,1737,1737,2026-08-03,042026,F453,c_f453
EMILIA ROMAGNA,REGGIO EMILIA,SAN MARTINO IN RIO,2751,2710,98.51,-25,16,In calo,2026-08,2735,2735,2026-08-03,035037,I011,c_i011
SICILIA,PALERMO,POLIZZI GENEROSA,3537,3537,100.0,-25,-25,In calo,2026-08,3562,3562,2026-08-03,082058,G792,c_g792
CAMPANIA,SALERNO,PELLEZZANO,2866,2821,98.43,-27,18,In calo,2026-08,2848,2848,2026-08-03,065090,G426,c_g426
CAMPANIA,SALERNO,CANNALONGA,740,740,100.0,-28,-28,In calo,2026-08,768,768,2026-08-03,065024,B608,c_b608
LOMBARDIA,PAVIA,PONTE NIZZA,798,767,96.12,-29,2,In calo,2026-08,796,796,2026-08-03,018117,G851,c_g851
PIEMONTE,ALESSANDRIA,BORGORATTO ALESSANDRINO,377,377,100.0,-29,-29,In calo,2026-08,406,406,2026-08-03,006019,B029,c_b029
PIEMONTE,ASTI,CASTELLETTO MOLINA,188,188,100.0,-29,-29,In calo,2026-08,217,217,2026-08-03,005027,C161,c_c161
PUGLIA,BRINDISI,CISTERNINO,10170,10169,99.99,-34,-33,In calo,2026-08,10203,10203,2026-08-03,074005,C741,c_c741
LIGURIA,SAVONA,DEGO,2068,2068,100.0,-34,-34,In calo,2026-08,2102,2102,2026-08-03,009027,D264,c_d264
SICILIA,PALERMO,MONREALE,17010,16939,99.58,-36,-4,In calo,2026-08,16975,17014,2026-08-03,082049,F377,c_f377
LAZIO,RIETI,RIVODUTRI,1103,1061,96.19,-37,5,In calo,2026-08,1098,1098,2026-08-03,057060,H354,c_h354
ABRUZZO,PESCARA,CEPAGATTI,4011,3914,97.58,-38,59,In calo,2026-08,3952,3952,2026-08-03,068011,C474,c_c474
LIGURIA,SAVONA,STELLA,4427,4407,99.55,-40,-20,In calo,2026-08,4447,4447,2026-08-03,009058,I946,c_i946
EMILIA ROMAGNA,BOLOGNA,BOLOGNA,77593,77592,100.0,-41,-40,In calo,2026-08,77633,77633,2026-08-03,037006,A944,c_a944
TOSCANA,LUCCA,CAPANNORI,24062,24059,99.99,-41,-41,In calo,2026-08,24100,24103,2026-08-03,046007,B648,c_b648
LIGURIA,GENOVA,ZOAGLI,2654,2654,100.0,-41,-254,In calo,2026-08,2695,2908,2026-08-03,010067,M182,c_m182
LAZIO,VITERBO,SUTRI,8047,8007,99.5,-43,-4,In calo,2026-08,8050,8051,2026-08-03,056049,L017,c_l017
FRIULI VENEZIA GIULIA,GORIZIA,MONFALCONE,7174,7173,99.99,-47,-46,In calo,2026-08,7220,7220,2026-08-03,031012,F356,c_f356
LIGURIA,SAVONA,RIALTO,836,788,94.26,-48,0,In calo,2026-08,836,836,2026-08-03,009053,H266,c_h266
VENETO,VICENZA,LUSIANA CONCO,5779,5779,100.0,-49,-49,In calo,2026-08,5828,5828,2026-08-03,024127,M427,c_m427
EMILIA ROMAGNA,PIACENZA,CERIGNALE,373,373,100.0,-49,-72,In calo,2026-08,422,445,2026-08-03,033015,C513,c_c513
VENETO,PADOVA,PADOVA,60683,60683,100.0,-51,-51,In calo,2026-08,60734,60734,2026-08-03,028060,G224,c_g224
SARDEGNA,NUORO,SINISCOLA,5750,0,0.0,-52,-14,In calo,2026-08,52,5764,2026-08-03,114048,I751,c_i751
CAMPANIA,BENEVENTO,FORCHIA,577,577,100.0,-56,-56,In calo,2026-08,633,633,2026-08-03,062032,D693,c_d693
PIEMONTE,ALESSANDRIA,MIRABELLO MONFERRATO,1032,1032,100.0,-56,-56,In calo,2026-08,1088,1088,2026-08-03,006094,F232,c_f232
LOMBARDIA,LECCO,LECCO,9491,9491,100.0,-57,-57,In calo,2026-08,9548,9548,2026-08-03,097042,E507,c_e507
PIEMONTE,VERCELLI,SALUGGIA,1726,1726,100.0,-59,-59,In calo,2026-08,1785,1785,2026-08-03,002128,H725,c_h725
VENETO,VENEZIA,SAN DONÀ DI PIAVE,17248,17248,100.0,-65,-65,In calo,2026-08,17313,17313,2026-08-03,027033,H823,c_h823
CAMPANIA,SALERNO,PISCIOTTA,1313,1313,100.0,-66,-66,In calo,2026-08,1379,1379,2026-08-03,065096,G707,c_g707
TOSCANA,FIRENZE,CAMPI BISENZIO,15172,15165,99.95,-66,-66,In calo,2026-08,15231,15238,2026-08-03,048006,B507,c_b507
LOMBARDIA,LECCO,SUELLO,510,510,100.0,-67,-67,In calo,2026-08,577,577,2026-08-03,097078,I996,c_i996
SICILIA,AGRIGENTO,SCIACCA,21709,21637,99.67,-71,1,In calo,2026-08,21708,21708,2026-08-03,084041,I533,c_i533
PIEMONTE,TORINO,ALA DI STURA,1215,872,71.77,-72,271,In calo,2026-08,944,944,2026-08-03,001003,A117,c_a117
LAZIO,ROMA,MARANO EQUO,1415,0,0.0,-72,0,In calo,2026-08,72,1415,2026-08-03,058055,E908,c_e908
LOMBARDIA,PAVIA,VELEZZO LOMELLINA,74,0,0.0,-74,0,In calo,2026-08,74,74,2026-08-03,018172,L716,c_l716
EMILIA ROMAGNA,FORLI,ROCCA SAN CASCIANO,1440,1356,94.17,-76,-54,In calo,2026-08,1432,1494,2026-08-03,040036,H437,c_h437
CALABRIA,REGGIO CALABRIA,CARAFFA DEL BIANCO,880,880,100.0,-78,-78,In calo,2026-08,958,958,2026-08-03,080021,B718,c_b718
VENETO,VICENZA,TORREBELVICINO,2991,2991,100.0,-82,-82,In calo,2026-08,3073,3073,2026-08-03,024107,L248,c_l248
CAMPANIA,BENEVENTO,SASSINORO,219,174,79.45,-83,-38,In calo,2026-08,257,257,2026-08-03,062072,I455,c_i455
PUGLIA,LECCE,LEQUILE,5692,5692,100.0,-85,-85,In calo,2026-08,5777,5777,2026-08-03,075036,E538,c_e538
SARDEGNA,ORISTANO,RUINAS,984,984,100.0,-86,-86,In calo,2026-08,1070,1070,2026-08-03,115051,F271,c_f271
TRENTINO ALTO ADIGE,TRENTO,DENNO,633,0,0.0,-87,0,In calo,2026-08,87,633,2026-08-03,022074,D273,c_d273
TOSCANA,PISTOIA,MONTALE,6732,6708,99.64,-89,-72,In calo,2026-08,6797,6804,2026-08-03,047010,F410,c_f410
LIGURIA,SAVONA,GIUSTENICE,421,0,0.0,-91,0,In calo,2026-08,91,421,2026-08-03,009031,E064,c_e064
EMILIA ROMAGNA,MODENA,BASTIGLIA,1137,1137,100.0,-91,-91,In calo,2026-08,1228,1228,2026-08-03,036001,A713,c_a713
VENETO,VICENZA,CARTIGLIANO,1988,1981,99.65,-92,-95,In calo,2026-08,2073,2083,2026-08-03,024025,B844,c_b844
SARDEGNA,SUD SARDEGNA,MUSEI,765,0,0.0,-94,0,In calo,2026-08,94,765,2026-08-03,119011,F822,c_f822
MOLISE,CAMPOBASSO,MOLISE,265,265,100.0,-98,-98,In calo,2026-08,363,363,2026-08-03,070039,F294,c_f294
CAMPANIA,AVELLINO,SAN MARTINO VALLE CAUDINA,3341,3341,100.0,-105,-2053,In calo,2026-08,3446,5394,2026-08-03,064083,I016,c_i016
BASILICATA,POTENZA,BALVANO,1252,1252,100.0,-106,-106,In calo,2026-08,1358,1358,2026-08-03,076008,A604,c_a604
VENETO,VENEZIA,JESOLO,13236,13236,100.0,-106,-106,In calo,2026-08,13342,13342,2026-08-03,027019,C388,c_c388
PIEMONTE,ALESSANDRIA,CASTELLANIA COPPI,107,0,0.0,-107,0,In calo,2026-08,107,107,2026-08-03,006045,C137,c_c137
PIEMONTE,ALESSANDRIA,VILLANOVA MONFERRATO,1001,1001,100.0,-109,-109,In calo,2026-08,1110,1110,2026-08-03,006185,L972,c_l972
LOMBARDIA,PAVIA,ROCCA DE' GIORGI,112,0,0.0,-112,0,In calo,2026-08,112,112,2026-08-03,018125,H396,c_h396
LOMBARDIA,PAVIA,BRALLO DI PREGOLA,1366,0,0.0,-127,0,In calo,2026-08,127,1366,2026-08-03,018021,B117,c_b117
LOMBARDIA,VARESE,SALTRIO,1532,0,0.0,-128,0,In calo,2026-08,128,1532,2026-08-03,012117,H723,c_h723
SARDEGNA,NUORO,GADONI,1093,0,0.0,-128,-113,In calo,2026-08,128,1206,2026-08-03,114014,D842,c_d842
VENETO,VICENZA,SOLAGNA,1584,1584,100.0,-132,-132,In calo,2026-08,1716,1716,2026-08-03,024101,I783,c_i783
UMBRIA,TERNI,AMELIA,5951,62,1.04,-133,1,In calo,2026-08,195,5950,2026-08-03,055004,A262,c_a262
LAZIO,FROSINONE,VALLEMAIO,581,581,100.0,-133,-133,In calo,2026-08,714,714,2026-08-03,060083,L605,c_l605
LIGURIA,GENOVA,RECCO,4512,4465,98.96,-135,-88,In calo,2026-08,4600,4600,2026-08-03,010047,H212,c_h212
PIEMONTE,BIELLA,MAGNANO,642,16,2.49,-140,0,In calo,2026-08,156,642,2026-08-03,096030,E821,c_e821
PIEMONTE,CUNEO,SAN DAMIANO MACRA,991,991,100.0,-143,-143,In calo,2026-08,1134,1134,2026-08-03,004207,H812,c_h812
TRENTINO ALTO ADIGE,TRENTO,MORI,3719,3574,96.1,-145,0,In calo,2026-08,3719,3719,2026-08-03,022123,F728,c_f728
CAMPANIA,AVELLINO,SUMMONTE,913,0,0.0,-146,0,In calo,2026-08,146,913,2026-08-03,064105,L004,c_l004
PUGLIA,FOGGIA,RODI GARGANICO,3852,3852,100.0,-146,-146,In calo,2026-08,3998,3998,2026-08-03,071043,H480,c_h480
FRIULI VENEZIA GIULIA,UDINE,BERTIOLO,1579,0,0.0,-148,0,In calo,2026-08,148,1579,2026-08-03,030010,A810,c_a810
CAMPANIA,BENEVENTO,FRAGNETO L'ABATE,1108,534,48.19,-150,424,In calo,2026-08,684,684,2026-08-03,062033,D755,c_d755
MOLISE,CAMPOBASSO,CAMPOMARINO,4655,1,0.02,-155,6,In calo,2026-08,156,4649,2026-08-03,070010,B550,c_b550
PIEMONTE,CUNEO,ROCCA CIGLIÈ,156,0,0.0,-156,0,In calo,2026-08,156,156,2026-08-03,004188,H391,c_h391
LOMBARDIA,COMO,LASNIGO,158,0,0.0,-158,0,In calo,2026-08,158,158,2026-08-03,013123,E462,c_e462
CAMPANIA,SALERNO,AULETTA,1986,1,0.05,-160,0,In calo,2026-08,161,1986,2026-08-03,065012,A495,c_a495
PIEMONTE,ALESSANDRIA,MONTALDEO,288,0,0.0,-161,0,In calo,2026-08,161,288,2026-08-03,006103,F403,c_f403
TRENTINO ALTO ADIGE,BOLZANO,LAUREGNO,162,0,0.0,-162,-74,In calo,2026-08,162,236,2026-08-03,021043,E481,c_e481
VALLE D'AOSTA,AOSTA,SAINT-OYEN,167,0,0.0,-167,0,In calo,2026-08,167,167,2026-08-03,007062,H673,c_h673
VENETO,VICENZA,COLCERESA,3710,3710,100.0,-168,-168,In calo,2026-08,3878,3878,2026-08-03,024126,M426,c_m426
FRIULI VENEZIA GIULIA,UDINE,BUTTRIO,2111,0,0.0,-169,-20,In calo,2026-08,169,2131,2026-08-03,030014,B309,c_b309
TRENTINO ALTO ADIGE,TRENTO,SAGRON MIS,170,0,0.0,-170,0,In calo,2026-08,170,170,2026-08-03,022164,H666,c_h666
SICILIA,RAGUSA,COMISO,23689,23689,100.0,-171,-171,In calo,2026-08,23860,23860,2026-08-03,088003,C927,C_C927
PIEMONTE,ASTI,COAZZOLO,176,0,0.0,-176,0,In calo,2026-08,176,176,2026-08-03,005041,C804,c_c804
PIEMONTE,CUNEO,CIGLIÈ,176,0,0.0,-176,0,In calo,2026-08,176,176,2026-08-03,004069,C681,c_c681
LOMBARDIA,BERGAMO,ENTRATICO,622,0,0.0,-176,-28,In calo,2026-08,176,650,2026-08-03,016094,D411,c_d411
PIEMONTE,VERCELLI,QUINTO VERCELLESE,180,0,0.0,-179,1,In calo,2026-08,179,179,2026-08-03,002108,H132,c_h132
LAZIO,FROSINONE,PIGNATARO INTERAMNA,732,732,100.0,-179,-179,In calo,2026-08,911,911,2026-08-03,060054,G662,c_g662
PIEMONTE,CUNEO,CHIUSA DI PESIO,2839,0,0.0,-181,0,In calo,2026-08,181,2839,2026-08-03,004068,C653,c_c653
PIEMONTE,CUNEO,NEVIGLIE,192,0,0.0,-192,0,In calo,2026-08,192,192,2026-08-03,004149,F883,C_F883
LOMBARDIA,CREMONA,DOVERA,1455,0,0.0,-199,0,In calo,2026-08,199,1455,2026-08-03,019041,D358,c_d358
CALABRIA,COSENZA,SCIGLIANO,1402,0,0.0,-200,0,In calo,2026-08,200,1402,2026-08-03,078139,D290,c_d290
PIEMONTE,TORINO,OSASIO,597,0,0.0,-200,0,In calo,2026-08,200,597,2026-08-03,001174,G152,c_g152
PIEMONTE,CUNEO,MAGLIANO ALFIERI,987,1,0.1,-205,0,In calo,2026-08,206,987,2026-08-03,004113,E809,c_e809
PIEMONTE,TORINO,PEROSA CANAVESE,205,0,0.0,-205,0,In calo,2026-08,205,205,2026-08-03,001185,G462,c_g462
CAMPANIA,CASERTA,GIOIA SANNITICA,4091,0,0.0,-207,0,In calo,2026-08,207,4091,2026-08-03,061041,E039,c_e039
CALABRIA,COSENZA,MORANO CALABRO,5392,5383,99.83,-208,-269,In calo,2026-08,5591,5661,2026-08-03,078083,F708,c_f708
CAMPANIA,BENEVENTO,CASTELVENERE,1596,0,0.0,-209,0,In calo,2026-08,209,1596,2026-08-03,062019,C280,c_c280
LOMBARDIA,COMO,CUSINO,210,0,0.0,-210,0,In calo,2026-08,210,210,2026-08-03,013085,D232,c_d232
LOMBARDIA,CREMONA,RIPALTA GUERINA,210,0,0.0,-210,0,In calo,2026-08,210,210,2026-08-03,019082,H316,c_h316
CAMPANIA,CASERTA,VALLE AGRICOLA,685,685,100.0,-212,-212,In calo,2026-08,897,897,2026-08-03,061096,L594,C_L594
PIEMONTE,BIELLA,CAMBURZANO,650,428,65.85,-220,2,In calo,2026-08,648,648,2026-08-03,096010,B465,c_b465
PIEMONTE,TORINO,CHIESANUOVA,220,0,0.0,-220,0,In calo,2026-08,220,220,2026-08-03,001079,C629,c_c629
LAZIO,ROMA,GERANO,1319,0,0.0,-235,0,In calo,2026-08,235,1319,2026-08-03,058044,D978,c_d978
PIEMONTE,BIELLA,MIAGLIANO,236,0,0.0,-236,0,In calo,2026-08,236,236,2026-08-03,096034,F189,c_f189
PIEMONTE,TORINO,QUAGLIUZZO,238,0,0.0,-238,0,In calo,2026-08,238,238,2026-08-03,001208,H100,c_h100
MARCHE,MACERATA,POGGIO SAN VICINO,239,0,0.0,-239,0,In calo,2026-08,239,239,2026-08-03,043040,D566,c_d566
LOMBARDIA,PAVIA,VIGEVANO,24312,1,0.0,-243,0,In calo,2026-08,244,24312,2026-08-03,018177,L872,c_l872
LOMBARDIA,CREMONA,TORLINO VIMERCATI,248,0,0.0,-248,0,In calo,2026-08,248,248,2026-08-03,019105,L221,c_l221
PIEMONTE,ALESSANDRIA,ALZANO SCRIVIA,251,0,0.0,-251,0,In calo,2026-08,251,251,2026-08-03,006008,A245,c_a245
LOMBARDIA,LECCO,CASATENOVO,3547,0,0.0,-254,1,In calo,2026-08,254,3546,2026-08-03,097016,B943,c_b943
LOMBARDIA,PAVIA,GAMBARANA,255,0,0.0,-255,0,In calo,2026-08,255,255,2026-08-03,018067,D892,c_d892
LOMBARDIA,CREMONA,CASTEL GABBIANO,305,0,0.0,-260,0,In calo,2026-08,260,305,2026-08-03,019024,C115,c_c115
PIEMONTE,TORINO,SCARMAGNO,660,0,0.0,-262,0,In calo,2026-08,262,660,2026-08-03,001261,I511,C_I511
LOMBARDIA,PAVIA,TORRE DE' NEGRI,265,0,0.0,-265,0,In calo,2026-08,265,265,2026-08-03,018158,L262,c_l262
LOMBARDIA,CREMONA,CREMA,13848,13848,100.0,-265,-265,In calo,2026-08,14113,14113,2026-08-03,019035,D142,c_d142
LOMBARDIA,CREMONA,SAN DANIELE PO,809,0,0.0,-267,0,In calo,2026-08,267,809,2026-08-03,019089,H815,c_h815
PIEMONTE,ALESSANDRIA,GUAZZORA,271,3,1.11,-268,0,In calo,2026-08,271,271,2026-08-03,006086,E255,c_e255
LOMBARDIA,MILANO,GREZZAGO,704,0,0.0,-271,0,In calo,2026-08,271,704,2026-08-03,015110,E170,c_e170
LIGURIA,GENOVA,FASCIA,279,0,0.0,-279,-40,In calo,2026-08,279,319,2026-08-03,010022,D509,c_d509
PIEMONTE,ALESSANDRIA,BOZZOLE,291,0,0.0,-291,0,In calo,2026-08,291,291,2026-08-03,006023,B109,c_b109
LOMBARDIA,MILANO,NOSATE,490,0,0.0,-297,0,In calo,2026-08,297,490,2026-08-03,015155,F939,c_f939
PIEMONTE,BIELLA,AILOCHE,303,0,0.0,-303,0,In calo,2026-08,303,303,2026-08-03,096001,A107,c_a107
VENETO,VICENZA,LASTEBASSE,303,0,0.0,-303,0,In calo,2026-08,303,303,2026-08-03,024050,E465,c_e465
PIEMONTE,TORINO,TRAVERSELLA,304,0,0.0,-304,0,In calo,2026-08,304,304,2026-08-03,001278,L345,c_l345
ABRUZZO,PESCARA,FARINDOLA,1677,0,0.0,-304,-37,In calo,2026-08,304,1714,2026-08-03,068019,D501,c_d501
LOMBARDIA,PAVIA,COSTA DE' NOBILI,307,0,0.0,-307,0,In calo,2026-08,307,307,2026-08-03,018058,D109,c_d109
LOMBARDIA,COMO,BRIENNO,319,0,0.0,-319,0,In calo,2026-08,319,319,2026-08-03,013030,B172,C_B172
LOMBARDIA,BERGAMO,BARBATA,321,0,0.0,-321,0,In calo,2026-08,321,321,2026-08-03,016019,A631,c_a631
PIEMONTE,CUNEO,MOIOLA,322,0,0.0,-322,0,In calo,2026-08,322,322,2026-08-03,004123,F279,c_e383
LAZIO,RIETI,TORRI IN SABINA,983,0,0.0,-328,0,In calo,2026-08,328,983,2026-08-03,057070,L286,c_l286
FRIULI VENEZIA GIULIA,UDINE,LATISANA,5872,0,0.0,-331,0,In calo,2026-08,331,5872,2026-08-03,030046,E473,c_e473
VALLE D'AOSTA,AOSTA,BIONAZ,331,0,0.0,-331,0,In calo,2026-08,331,331,2026-08-03,007010,A877,c_a877
PIEMONTE,BIELLA,TORRAZZO,333,0,0.0,-333,0,In calo,2026-08,333,333,2026-08-03,096069,L239,c_l239
LOMBARDIA,BERGAMO,FOPPOLO,334,0,0.0,-334,0,In calo,2026-08,334,334,2026-08-03,016103,D688,c_d688
PIEMONTE,ASTI,CASSINASCO,339,0,0.0,-339,0,In calo,2026-08,339,339,2026-08-03,005021,C022,c_c022
PIEMONTE,ALESSANDRIA,CARROSIO,340,0,0.0,-340,0,In calo,2026-08,340,340,2026-08-03,006035,B840,c_b840
LAZIO,RIETI,TOFFIA,1093,1093,100.0,-340,-340,In calo,2026-08,1433,1433,2026-08-03,057068,L189,c_l189
FRIULI VENEZIA GIULIA,PORDENONE,VAJONT,654,0,0.0,-343,0,In calo,2026-08,343,654,2026-08-03,093052,M265,c_m265
LOMBARDIA,CREMONA,QUINTANO,343,0,0.0,-343,0,In calo,2026-08,343,343,2026-08-03,019078,H130,c_h130
TRENTINO ALTO ADIGE,TRENTO,FRASSILONGO,349,0,0.0,-345,0,In calo,2026-08,345,349,2026-08-03,022090,D775,c_d775
LOMBARDIA,PAVIA,NICORVO,346,0,0.0,-346,0,In calo,2026-08,346,346,2026-08-03,018103,F891,c_f891
PIEMONTE,CUNEO,VOTTIGNASCO,347,0,0.0,-347,0,In calo,2026-08,347,347,2026-08-03,004250,M136,c_m136v
VENETO,VERONA,CAPRINO VERONESE,4135,0,0.0,-350,6,In calo,2026-08,350,4129,2026-08-03,023018,B709,c_b709
LOMBARDIA,BRESCIA,PASPARDO,646,0,0.0,-351,0,In calo,2026-08,351,646,2026-08-03,017135,G354,c_g354
PIEMONTE,TORINO,RORÀ,356,0,0.0,-356,0,In calo,2026-08,356,356,2026-08-03,001226,H554,c_h554
PIEMONTE,TORINO,BALME,357,0,0.0,-357,0,In calo,2026-08,357,357,2026-08-03,001019,A599,c_a599
LOMBARDIA,SONDRIO,SERNIO,358,0,0.0,-358,0,In calo,2026-08,358,358,2026-08-03,014059,I636,c_i636
PUGLIA,BARLETTA-ANDRIA-TRANI,BARLETTA,21561,21561,100.0,-358,-3294,In calo,2026-08,21919,24855,2026-08-03,110002,A669,c_a669
LOMBARDIA,VARESE,LOZZA,363,0,0.0,-363,0,In calo,2026-08,363,363,2026-08-03,012091,E707,c_707
LOMBARDIA,COMO,FINO MORNASCO,2895,2531,87.43,-365,-1,In calo,2026-08,2896,2896,2026-08-03,013102,D605,c_d605
PIEMONTE,CUNEO,TORRE SAN GIORGIO,368,0,0.0,-368,0,In calo,2026-08,368,368,2026-08-03,004228,L278,c_l278
LOMBARDIA,BRESCIA,BRIONE,384,0,0.0,-384,0,In calo,2026-08,384,384,2026-08-03,017030,B184,c_b185
LOMBARDIA,VARESE,BRINZIO,385,0,0.0,-385,0,In calo,2026-08,385,385,2026-08-03,012021,B182,c_b182
PIEMONTE,TORINO,ISSIGLIO,388,0,0.0,-388,0,In calo,2026-08,388,388,2026-08-03,001124,E368,c_e368
SARDEGNA,SUD SARDEGNA,SOLEMINIS,1724,0,0.0,-388,0,In calo,2026-08,388,1724,2026-08-03,118060,I797,c_i797
PIEMONTE,BIELLA,CASTELLETTO CERVO,388,0,0.0,-388,-21,In calo,2026-08,388,409,2026-08-03,096015,C155,c_c155
PIEMONTE,ALESSANDRIA,CASALEGGIO BOIRO,392,0,0.0,-392,0,In calo,2026-08,392,392,2026-08-03,006038,B882,c_b882
PIEMONTE,ALESSANDRIA,PONZANO MONFERRATO,392,0,0.0,-392,0,In calo,2026-08,392,392,2026-08-03,006135,G872,c_g872
CAMPANIA,CASERTA,SANTA MARIA LA FOSSA,1271,0,0.0,-393,0,In calo,2026-08,393,1271,2026-08-03,061084,I247,C_I247
TRENTINO ALTO ADIGE,TRENTO,CASTEL IVANO,1780,0,0.0,-394,0,In calo,2026-08,394,1780,2026-08-03,022240,M354,c_m354
PIEMONTE,TORINO,FOGLIZZO,1389,0,0.0,-397,0,In calo,2026-08,397,1389,2026-08-03,001106,D646,c_d616
VALLE D'AOSTA,AOSTA,CHAMOIS,404,0,0.0,-404,0,In calo,2026-08,404,404,2026-08-03,007016,B491,c_b491
LOMBARDIA,LODI,OSSAGO LODIGIANO,408,0,0.0,-408,0,In calo,2026-08,408,408,2026-08-03,098044,G171,c_g171
LOMBARDIA,CREMONA,SPINEDA,413,0,0.0,-413,0,In calo,2026-08,413,413,2026-08-03,019101,I909,c_i909
LOMBARDIA,MONZA E DELLA BRIANZA,LENTATE SUL SEVESO,3445,0,0.0,-415,0,In calo,2026-08,415,3445,2026-08-03,108054,E530,c_e530
CALABRIA,REGGIO CALABRIA,CANOLO,2196,0,0.0,-416,0,In calo,2026-08,416,2196,2026-08-03,080020,B617,c_b617
LOMBARDIA,BERGAMO,CORNA IMAGNA,419,0,0.0,-419,0,In calo,2026-08,419,419,2026-08-03,016082,D015,c_d015
CALABRIA,CATANZARO,AMATO,1288,0,0.0,-425,0,In calo,2026-08,425,1288,2026-08-03,079004,A257,c_a257
FRIULI VENEZIA GIULIA,PORDENONE,AZZANO DECIMO,7754,0,0.0,-425,0,In calo,2026-08,425,7754,2026-08-03,093005,A530,c_a530
VENETO,VICENZA,MONTORSO VICENTINO,1601,1176,73.45,-425,0,In calo,2026-08,1601,1601,2026-08-03,024068,F696,c_f696
LOMBARDIA,LODI,TERRANOVA DEI PASSERINI,427,0,0.0,-427,0,In calo,2026-08,427,427,2026-08-03,098057,L125,c_l125
SICILIA,TRAPANI,SANTA NINFA,4914,0,0.0,-433,0,In calo,2026-08,433,4914,2026-08-03,081019,I291,c_i291
PIEMONTE,TORINO,LOMBRIASCO,434,0,0.0,-434,0,In calo,2026-08,434,434,2026-08-03,001136,E661,c_e661
LOMBARDIA,BERGAMO,ROMANO DI LOMBARDIA,3011,0,0.0,-436,0,In calo,2026-08,436,3011,2026-08-03,016183,H509,c_h509
LOMBARDIA,BERGAMO,CAVERNAGO,731,290,39.67,-441,0,In calo,2026-08,731,731,2026-08-03,016066,C396,c_c396
TRENTINO ALTO ADIGE,TRENTO,POMAROLO,815,0,0.0,-445,1,In calo,2026-08,445,814,2026-08-03,022144,G808,c_g808
PIEMONTE,CUNEO,ORMEA,3840,0,0.0,-449,0,In calo,2026-08,449,3840,2026-08-03,004155,G114,c_g114
PIEMONTE,TORINO,TAVAGNASCO,465,8,1.72,-457,0,In calo,2026-08,465,465,2026-08-03,001271,L066,c_l066
PIEMONTE,BIELLA,DORZANO,377,0,0.0,-461,-84,In calo,2026-08,461,461,2026-08-03,096025,D350,c_d350
LIGURIA,GENOVA,MONTEBRUNO,468,0,0.0,-468,0,In calo,2026-08,468,468,2026-08-03,010038,F445,c_f445
VENETO,PADOVA,DUE CARRARE,4344,0,0.0,-469,0,In calo,2026-08,469,4344,2026-08-03,028106,M300,c_m300
VENETO,VICENZA,PEDEMONTE,470,0,0.0,-470,0,In calo,2026-08,470,470,2026-08-03,024076,G406,c_g406
LOMBARDIA,BERGAMO,BIANZANO,473,0,0.0,-473,0,In calo,2026-08,473,473,2026-08-03,016026,A846,c_a846
SARDEGNA,ORISTANO,VILLA SANT'ANTONIO,474,0,0.0,-474,0,In calo,2026-08,474,474,2026-08-03,115082,I298,c_i298
PIEMONTE,VERBANO-CUSIO-OSSOLA,PALLANZENO,476,0,0.0,-476,0,In calo,2026-08,476,476,2026-08-03,103052,G280,c_g280
PIEMONTE,ALESSANDRIA,FRACONALTO,485,0,0.0,-485,0,In calo,2026-08,485,485,2026-08-03,006069,D559,c_d559
LOMBARDIA,BRESCIA,LOZIO,487,0,0.0,-487,0,In calo,2026-08,487,487,2026-08-03,017095,E706,c_e706
TRENTINO ALTO ADIGE,TRENTO,AMBLAR-DON,487,0,0.0,-487,-46,In calo,2026-08,487,533,2026-08-03,022237,M351,c_m351
ABRUZZO,CHIETI,PERANO,1566,0,0.0,-492,0,In calo,2026-08,492,1566,2026-08-03,069065,G441,c_g441
LOMBARDIA,PAVIA,MORNICO LOSANA,609,0,0.0,-494,0,In calo,2026-08,494,609,2026-08-03,018101,F739,c_f739
TRENTINO ALTO ADIGE,TRENTO,SAMONE,497,0,0.0,-497,0,In calo,2026-08,497,497,2026-08-03,022165,H754,c_h754
LAZIO,LATINA,PONTINIA,4341,0,0.0,-500,0,In calo,2026-08,500,4341,2026-08-03,059017,G865,c_g865
TRENTINO ALTO ADIGE,TRENTO,CADERZONE TERME,503,0,0.0,-503,0,In calo,2026-08,503,503,2026-08-03,022029,B335,c_1k21
LIGURIA,IMPERIA,CASTELLARO,659,0,0.0,-506,0,In calo,2026-08,506,659,2026-08-03,008014,C143,c_c143
PIEMONTE,VERCELLI,SCOPELLO,509,0,0.0,-509,0,In calo,2026-08,509,509,2026-08-03,002135,I545,c_i545
SARDEGNA,ORISTANO,ASSOLO,513,0,0.0,-513,-84,In calo,2026-08,513,597,2026-08-03,115008,A477,c_a477
CAMPANIA,SALERNO,PRAIANO,1805,0,0.0,-517,0,In calo,2026-08,517,1805,2026-08-03,065102,G976,c_g976
VALLE D'AOSTA,AOSTA,FONTAINEMORE,973,0,0.0,-522,0,In calo,2026-08,522,973,2026-08-03,007028,D666,c_d666
LOMBARDIA,LODI,TURANO LODIGIANO,523,0,0.0,-523,0,In calo,2026-08,523,523,2026-08-03,098058,L469,c_l469
PIEMONTE,CUNEO,CASTELLINALDO D'ALBA,531,6,1.13,-525,0,In calo,2026-08,531,531,2026-08-03,004051,C173,c_c173
LOMBARDIA,CREMONA,SALVIROLA,530,0,0.0,-530,0,In calo,2026-08,530,530,2026-08-03,019087,H731,c_h731
MARCHE,ASCOLI PICENO,MONTALTO DELLE MARCHE,1430,0,0.0,-533,0,In calo,2026-08,533,1430,2026-08-03,044032,F415,c_f415
LAZIO,ROMA,VALLEPIETRA,616,0,0.0,-535,0,In calo,2026-08,535,616,2026-08-03,058108,L611,c_l611
PIEMONTE,TORINO,CUCEGLIO,535,0,0.0,-535,0,In calo,2026-08,535,535,2026-08-03,001096,D197,c_d197
PIEMONTE,ASTI,SCURZOLENGO,537,0,0.0,-537,0,In calo,2026-08,537,537,2026-08-03,005103,I555,c_i555
PIEMONTE,ALESSANDRIA,ALBERA LIGURE,539,0,0.0,-539,0,In calo,2026-08,539,539,2026-08-03,006002,A146,c_a146
LOMBARDIA,MILANO,SAN VITTORE OLONA,2735,2195,80.26,-540,0,In calo,2026-08,2735,2735,2026-08-03,015201,I409,c_i409
LOMBARDIA,PAVIA,GRAVELLONA LOMELLINA,1060,0,0.0,-546,0,In calo,2026-08,546,1060,2026-08-03,018075,E152,c_e152
PIEMONTE,TORINO,PESSINETTO,548,0,0.0,-548,0,In calo,2026-08,548,548,2026-08-03,001188,G505,c_g505
PIEMONTE,VERCELLI,BORGO D'ALE,1803,0,0.0,-554,0,In calo,2026-08,554,1803,2026-08-03,002015,B009,c_b009
LAZIO,ROMA,AFFILE,791,233,29.46,-558,0,In calo,2026-08,791,791,2026-08-03,058001,A062,c_a062
CAMPANIA,CASERTA,GIANO VETUSTO,560,0,0.0,-560,0,In calo,2026-08,560,560,2026-08-03,061040,E011,c_e011
PIEMONTE,ALESSANDRIA,CASTELLETTO MERLI,560,0,0.0,-560,0,In calo,2026-08,560,560,2026-08-03,006050,C160,c_c160
VENETO,TREVISO,SAN POLO DI PIAVE,2842,35,1.23,-563,0,In calo,2026-08,598,2842,2026-08-03,026074,I124,c_i124
PIEMONTE,CUNEO,AISONE,565,0,0.0,-565,0,In calo,2026-08,565,565,2026-08-03,004002,A113,c_a113
PIEMONTE,NOVARA,LANDIONA,567,0,0.0,-567,0,In calo,2026-08,567,567,2026-08-03,003083,E436,c_e436
LOMBARDIA,BERGAMO,CORTENUOVA,569,0,0.0,-569,0,In calo,2026-08,569,569,2026-08-03,016083,D066,c_d066
LAZIO,FROSINONE,VITICUSO,570,0,0.0,-570,0,In calo,2026-08,570,570,2026-08-03,060091,M083,c_ddt8
EMILIA ROMAGNA,PIACENZA,BESENZONE,578,0,0.0,-578,0,In calo,2026-08,578,578,2026-08-03,033003,A823,c_a823
LOMBARDIA,LODI,LODI,10437,0,0.0,-600,15,In calo,2026-08,600,10422,2026-08-03,098031,E648,c_e648
LOMBARDIA,LODI,MARUDO,606,0,0.0,-606,0,In calo,2026-08,606,606,2026-08-03,098036,E994,c_e994
CAMPANIA,AVELLINO,TORELLA DEI LOMBARDI,1652,0,0.0,-608,0,In calo,2026-08,608,1652,2026-08-03,064109,L214,c_l214
PIEMONTE,BIELLA,ROSAZZA,608,0,0.0,-608,0,In calo,2026-08,608,608,2026-08-03,096055,H561,c_h561
FRIULI VENEZIA GIULIA,TRIESTE,MUGGIA,4572,1,0.02,-610,0,In calo,2026-08,611,4572,2026-08-03,032003,F795,c_f795
TRENTINO ALTO ADIGE,TRENTO,SANZENO,612,0,0.0,-612,0,In calo,2026-08,612,612,2026-08-03,022169,I411,c_i411
TRENTINO ALTO ADIGE,TRENTO,NOMI,618,0,0.0,-618,0,In calo,2026-08,618,618,2026-08-03,022128,F929,c_f929
CAMPANIA,SALERNO,CONTURSI TERME,1738,1738,100.0,-618,-618,In calo,2026-08,2356,2356,2026-08-03,065046,C974,c_c974
VALLE D'AOSTA,AOSTA,ROISAN,619,0,0.0,-619,0,In calo,2026-08,619,619,2026-08-03,007057,H497,c_h497
LOMBARDIA,CREMONA,ISOLA DOVARESE,620,0,0.0,-620,0,In calo,2026-08,620,620,2026-08-03,019053,E356,c_e356
LOMBARDIA,BERGAMO,ROVETTA,1617,994,61.47,-622,1,In calo,2026-08,1616,1616,2026-08-03,016187,H615,c_h615
FRIULI VENEZIA GIULIA,UDINE,FORNI AVOLTRI,622,0,0.0,-622,0,In calo,2026-08,622,622,2026-08-03,030040,D718,c_d718
FRIULI VENEZIA GIULIA,GORIZIA,MARIANO DEL FRIULI,796,0,0.0,-623,0,In calo,2026-08,623,796,2026-08-03,031010,E952,c_e952
SARDEGNA,SUD SARDEGNA,ESCOLCA,625,0,0.0,-625,0,In calo,2026-08,625,625,2026-08-03,118016,D431,c_d431
VENETO,TREVISO,ALTIVOLE,2672,2617,97.94,-626,-571,In calo,2026-08,3243,3243,2026-08-03,026001,A237,c_a237
CALABRIA,COSENZA,CARPANZANO,942,0,0.0,-634,0,In calo,2026-08,634,942,2026-08-03,078027,B813,c_b813
SARDEGNA,SUD SARDEGNA,USSARAMANNA,635,0,0.0,-635,0,In calo,2026-08,635,635,2026-08-03,117024,L513,c_l513
SICILIA,TRAPANI,PARTANNA,9550,0,0.0,-641,0,In calo,2026-08,641,9550,2026-08-03,081015,G347,c_g347
PUGLIA,BARI,RUTIGLIANO,6545,67,1.02,-644,0,In calo,2026-08,711,6545,2026-08-03,072037,H643,c_h643
CAMPANIA,CASERTA,PORTICO DI CASERTA,2910,0,0.0,-646,0,In calo,2026-08,646,2910,2026-08-03,061062,G903,c_g903
LOMBARDIA,BERGAMO,LENNA,647,0,0.0,-647,0,In calo,2026-08,647,647,2026-08-03,016125,E524,c_e524
LOMBARDIA,MANTOVA,SCHIVENOGLIA,852,0,0.0,-661,0,In calo,2026-08,661,852,2026-08-03,020060,I532,c_i532
VALLE D'AOSTA,AOSTA,SAINT-NICOLAS,665,0,0.0,-665,0,In calo,2026-08,665,665,2026-08-03,007061,H672,c_h672
SICILIA,MESSINA,MANDANICI,667,0,0.0,-667,0,In calo,2026-08,667,667,2026-08-03,083045,E876,c_e876
LAZIO,ROMA,VIVARO ROMANO,669,0,0.0,-669,0,In calo,2026-08,669,669,2026-08-03,058113,M095,c_m0954j
PIEMONTE,NOVARA,SUNO,2387,3,0.13,-669,0,In calo,2026-08,672,2387,2026-08-03,003143,L007,c_l007
PIEMONTE,CUNEO,LAGNASCO,712,36,5.06,-676,0,In calo,2026-08,712,712,2026-08-03,004104,E406,c_e406
PIEMONTE,TORINO,PRAROSTINO,677,0,0.0,-677,0,In calo,2026-08,677,677,2026-08-03,001205,G986,c_g986
LOMBARDIA,CREMONA,CORTE DE' FRATI,678,0,0.0,-678,0,In calo,2026-08,678,678,2026-08-03,019033,D057,c_d057
PIEMONTE,TORINO,CANDIA CANAVESE,678,0,0.0,-678,0,In calo,2026-08,678,678,2026-08-03,001050,B588,c_b588
FRIULI VENEZIA GIULIA,PORDENONE,BARCIS,679,0,0.0,-679,-19,In calo,2026-08,679,698,2026-08-03,093006,A640,c_a640
LIGURIA,LA SPEZIA,PIGNONE,681,0,0.0,-681,0,In calo,2026-08,681,681,2026-08-03,011021,G664,c_g664
VALLE D'AOSTA,AOSTA,RHÊMES-SAINT-GEORGES,685,0,0.0,-685,0,In calo,2026-08,685,685,2026-08-03,007056,H263,c_h263
CAMPANIA,AVELLINO,AQUILONIA,1905,0,0.0,-686,0,In calo,2026-08,686,1905,2026-08-03,064004,A347,c_a347
LOMBARDIA,BERGAMO,PALADINA,1021,334,32.71,-687,0,In calo,2026-08,1021,1021,2026-08-03,016155,G249,c_g249
LIGURIA,SAVONA,LAIGUEGLIA,1419,0,0.0,-691,0,In calo,2026-08,691,1419,2026-08-03,009033,E414,c_e414
FRIULI VENEZIA GIULIA,UDINE,SAN GIOVANNI AL NATISONE,3084,0,0.0,-697,0,In calo,2026-08,697,3084,2026-08-03,030101,H906,c_h906
LIGURIA,IMPERIA,REZZO,701,0,0.0,-701,0,In calo,2026-08,701,701,2026-08-03,008049,H257,c_h257
LAZIO,RIETI,PAGANICO SABINO,703,0,0.0,-703,0,In calo,2026-08,703,703,2026-08-03,057048,G232,c_p0f4
CAMPANIA,AVELLINO,PRATA DI PRINCIPATO ULTRA,1901,0,0.0,-705,0,In calo,2026-08,705,1901,2026-08-03,064074,G990,c_g990
CAMPANIA,SALERNO,SANT'ARSENIO,3255,1,0.03,-707,0,In calo,2026-08,708,3255,2026-08-03,065129,I307,c_i307
PIEMONTE,VERBANO-CUSIO-OSSOLA,BEURA-CARDEZZA,707,0,0.0,-707,0,In calo,2026-08,707,707,2026-08-03,103011,A834,c_a834
SARDEGNA,SUD SARDEGNA,USSANA,3416,0,0.0,-707,0,In calo,2026-08,707,3416,2026-08-03,118063,L512,c_l512
EMILIA ROMAGNA,FORLI,GATTEO,7209,7209,100.0,-707,-707,In calo,2026-08,7916,7916,2026-08-03,040016,D935,c_d935
SARDEGNA,SUD SARDEGNA,GESICO,713,0,0.0,-713,0,In calo,2026-08,713,713,2026-08-03,118020,D994,c_d994
BASILICATA,MATERA,POLICORO,6434,0,0.0,-719,0,In calo,2026-08,719,6434,2026-08-03,077021,G786,c_g786
LIGURIA,GENOVA,AVEGNO,1985,35,1.76,-728,0,In calo,2026-08,763,1985,2026-08-03,010002,A506,c_a506
LOMBARDIA,BERGAMO,BOLTIERE,1252,0,0.0,-730,0,In calo,2026-08,730,1252,2026-08-03,016029,A950,c_a950
PIEMONTE,VERCELLI,ALTO SERMENZA,732,0,0.0,-732,0,In calo,2026-08,732,732,2026-08-03,002170,M389,c_m389
VENETO,VERONA,SAN BONIFACIO,6580,0,0.0,-737,15,In calo,2026-08,737,6565,2026-08-03,023069,H783,c_h783
VENETO,ROVIGO,SALARA,741,0,0.0,-741,0,In calo,2026-08,741,741,2026-08-03,029042,H689,c_h689
MARCHE,PESARO E URBINO,GRADARA,2528,0,0.0,-743,0,In calo,2026-08,743,2528,2026-08-03,041020,E122,c_e122
LOMBARDIA,BERGAMO,SEDRINA,747,0,0.0,-747,0,In calo,2026-08,747,747,2026-08-03,016196,I567,C_I567
VALLE D'AOSTA,AOSTA,BRISSOGNE,751,0,0.0,-751,0,In calo,2026-08,751,751,2026-08-03,007011,B192,c_b192
SARDEGNA,SUD SARDEGNA,TRATALIAS,749,0,0.0,-755,-6,In calo,2026-08,755,755,2026-08-03,119021,L337,c_l337
CALABRIA,REGGIO CALABRIA,BRANCALEONE,758,0,0.0,-758,0,In calo,2026-08,758,758,2026-08-03,080014,B118,c_b118
PIEMONTE,NOVARA,ORTA SAN GIULIO,1249,490,39.23,-759,0,In calo,2026-08,1249,1249,2026-08-03,003112,G134,c_g134
PIEMONTE,NOVARA,VICOLUNGO,760,0,0.0,-760,0,In calo,2026-08,760,760,2026-08-03,003159,L847,c_l847
BASILICATA,POTENZA,ALBANO DI LUCANIA,1098,0,0.0,-768,0,In calo,2026-08,768,1098,2026-08-03,076003,A131,c_a131
PIEMONTE,TORINO,VAUDA CANAVESE,825,51,6.18,-773,1,In calo,2026-08,824,824,2026-08-03,001290,L698,c_l698
LOMBARDIA,BERGAMO,TORRE DE' ROVERI,773,0,0.0,-773,0,In calo,2026-08,773,773,2026-08-03,016216,L265,c_l265
PIEMONTE,BIELLA,STRONA,773,0,0.0,-773,0,In calo,2026-08,773,773,2026-08-03,096065,I980,c_i980
PIEMONTE,TORINO,AZEGLIO,786,0,0.0,-786,0,In calo,2026-08,786,786,2026-08-03,001014,A525,c_a525
CAMPANIA,AVELLINO,MELITO IRPINO,795,0,0.0,-795,0,In calo,2026-08,795,795,2026-08-03,064048,F110,C_F110
PIEMONTE,ALESSANDRIA,CARBONARA SCRIVIA,720,0,0.0,-797,-77,In calo,2026-08,797,797,2026-08-03,006030,B736,c_b736
FRIULI VENEZIA GIULIA,TRIESTE,SGONICO,801,0,0.0,-801,0,In calo,2026-08,801,801,2026-08-03,032005,I715,c_i715
LOMBARDIA,COMO,FAGGETO LARIO,805,0,0.0,-805,0,In calo,2026-08,805,805,2026-08-03,013098,D462,c_d462
LAZIO,VITERBO,LUBRIANO,808,0,0.0,-808,-12,In calo,2026-08,808,820,2026-08-03,056033,E713,c_e713
LOMBARDIA,MONZA E DELLA BRIANZA,RONCELLO,810,0,0.0,-810,0,In calo,2026-08,810,810,2026-08-03,108055,H529,c_h529
VENETO,VICENZA,SALCEDO,810,0,0.0,-810,0,In calo,2026-08,810,810,2026-08-03,024090,F810,c_f810
PIEMONTE,TORINO,ANDEZENO,817,0,0.0,-817,0,In calo,2026-08,817,817,2026-08-03,001009,A275,c_a275
CAMPANIA,CASERTA,CONCA DELLA CAMPANIA,1099,0,0.0,-820,0,In calo,2026-08,820,1099,2026-08-03,061031,C939,c_c939
LOMBARDIA,COMO,VENIANO,901,79,8.77,-822,0,In calo,2026-08,901,901,2026-08-03,013238,L737,c_l737h
LOMBARDIA,MILANO,GUDO VISCONTI,825,0,0.0,-825,0,In calo,2026-08,825,825,2026-08-03,015112,E258,c_e258
VENETO,VERONA,ROVEREDO DI GUÀ,960,0,0.0,-827,0,In calo,2026-08,827,960,2026-08-03,023066,H610,c_h610
LAZIO,VITERBO,CELLENO,834,0,0.0,-834,0,In calo,2026-08,834,834,2026-08-03,056019,C446,c_c446
VENETO,VERONA,DOLCÈ,969,0,0.0,-836,0,In calo,2026-08,836,969,2026-08-03,023031,D317,c_d317
VALLE D'AOSTA,AOSTA,HÔNE,1112,0,0.0,-844,0,In calo,2026-08,844,1112,2026-08-03,007034,E273,c_e273
SARDEGNA,ORISTANO,SIAMAGGIORE,852,0,0.0,-852,0,In calo,2026-08,852,852,2026-08-03,115063,I717,c_l717
LOMBARDIA,BERGAMO,GORLAGO,2707,91,3.36,-853,0,In calo,2026-08,944,2707,2026-08-03,016114,E100,c_e100
LOMBARDIA,CREMONA,SOLAROLO RAINERIO,865,0,0.0,-865,0,In calo,2026-08,865,865,2026-08-03,019096,I790,c_i790
LOMBARDIA,BERGAMO,PARRE,868,0,0.0,-868,0,In calo,2026-08,868,868,2026-08-03,016158,G346,c_g346
CAMPANIA,CASERTA,TORA E PICCILLI,870,0,0.0,-870,0,In calo,2026-08,870,870,2026-08-03,061093,L205,c_l205
MARCHE,FERMO,MONTELPARO,870,0,0.0,-870,0,In calo,2026-08,870,870,2026-08-03,109020,F549,c_f549
PIEMONTE,VERBANO-CUSIO-OSSOLA,RE,870,0,0.0,-870,0,In calo,2026-08,870,870,2026-08-03,103060,H203,c_h203
LAZIO,VITERBO,NEPI,5776,4789,82.91,-873,0,In calo,2026-08,5662,5776,2026-08-03,056039,F868,c_f868
TRENTINO ALTO ADIGE,TRENTO,SPIAZZO,876,0,0.0,-876,0,In calo,2026-08,876,876,2026-08-03,022179,I899,c_i899
PIEMONTE,ASTI,CANELLI,5373,0,0.0,-877,0,In calo,2026-08,877,5373,2026-08-03,005017,B594,c_b594
LAZIO,RIETI,SELCI,878,0,0.0,-878,0,In calo,2026-08,878,878,2026-08-03,057065,I581,c_i581
LOMBARDIA,BRESCIA,ADRO,3135,0,0.0,-878,0,In calo,2026-08,878,3135,2026-08-03,017002,A060,c_a060
CALABRIA,COSENZA,LAPPANO,849,7,0.82,-879,-37,In calo,2026-08,886,886,2026-08-03,078065,E450,c_e450
LOMBARDIA,BERGAMO,CREDARO,888,0,0.0,-888,0,In calo,2026-08,888,888,2026-08-03,016088,D139,c_d139
TRENTINO ALTO ADIGE,TRENTO,STENICO,893,4,0.45,-889,0,In calo,2026-08,893,893,2026-08-03,022182,I949,c_i949
LOMBARDIA,VARESE,TERNATE,891,0,0.0,-891,0,In calo,2026-08,891,891,2026-08-03,012126,L115,c_l115
SARDEGNA,SUD SARDEGNA,GUAMAGGIORE,892,0,0.0,-892,0,In calo,2026-08,892,892,2026-08-03,118022,E234,c_e234
CAMPANIA,CASERTA,CASTELLO DEL MATESE,896,0,0.0,-896,0,In calo,2026-08,896,896,2026-08-03,061025,C178,c_c178
PIEMONTE,TORINO,SAN GILLIO,900,0,0.0,-900,0,In calo,2026-08,900,900,2026-08-03,001243,H873,c_h873
LOMBARDIA,CREMONA,OSTIANO,1885,0,0.0,-901,0,In calo,2026-08,901,1885,2026-08-03,019064,G185,c_g185
PIEMONTE,VERCELLI,ASIGLIANO VERCELLESE,904,0,0.0,-904,0,In calo,2026-08,904,904,2026-08-03,002007,A466,c_a466
PIEMONTE,VERCELLI,MONCRIVELLO,920,0,0.0,-920,0,In calo,2026-08,920,920,2026-08-03,002079,F342,c_f342
LOMBARDIA,LECCO,DOLZAGO,931,11,1.18,-920,-14,In calo,2026-08,931,945,2026-08-03,097031,D327,c_d327
FRIULI VENEZIA GIULIA,UDINE,PRECENICCO,922,0,0.0,-922,0,In calo,2026-08,922,922,2026-08-03,030082,H014,c_h014
LAZIO,LATINA,GAETA,6156,0,0.0,-923,0,In calo,2026-08,923,6156,2026-08-03,059009,D843,c_d843
TOSCANA,PISA,VECCHIANO,5765,0,0.0,-924,0,In calo,2026-08,924,5765,2026-08-03,050037,L702,c_l702
LAZIO,FROSINONE,COLLE SAN MAGNO,925,0,0.0,-925,0,In calo,2026-08,925,925,2026-08-03,060029,C870,c_c870
TRENTINO ALTO ADIGE,TRENTO,SCURELLE,927,0,0.0,-927,-5,In calo,2026-08,927,932,2026-08-03,022171,I554,c_i554
FRIULI VENEZIA GIULIA,PORDENONE,ANDREIS,928,0,0.0,-928,0,In calo,2026-08,928,928,2026-08-03,093001,A283,c_a283
LOMBARDIA,PAVIA,MEZZANA BIGLI,935,0,0.0,-935,0,In calo,2026-08,935,935,2026-08-03,018090,F170,c_f170
PUGLIA,LECCE,COPERTINO,19445,0,0.0,-946,0,In calo,2026-08,946,19445,2026-08-03,075022,C978,c_c978
SARDEGNA,ORISTANO,SANTU LUSSURGIU,3661,8,0.22,-951,0,In calo,2026-08,959,3661,2026-08-03,115057,I374,c_i374
LAZIO,VITERBO,CARBOGNANO,2744,0,0.0,-952,0,In calo,2026-08,952,2744,2026-08-03,056016,B735,c_b735
FRIULI VENEZIA GIULIA,UDINE,PRATO CARNICO,958,0,0.0,-958,0,In calo,2026-08,958,958,2026-08-03,030081,H002,c_h002
LOMBARDIA,LECCO,PASTURO,958,0,0.0,-958,0,In calo,2026-08,958,958,2026-08-03,097065,G368,c_g368
CAMPANIA,NAPOLI,LIVERI,960,0,0.0,-960,0,In calo,2026-08,960,960,2026-08-03,063040,E620,c_e620
LAZIO,ROMA,TORRITA TIBERINA,966,0,0.0,-966,0,In calo,2026-08,966,966,2026-08-03,058106,L302,c_l302
LOMBARDIA,LODI,CASALETTO LODIGIANO,983,17,1.73,-966,0,In calo,2026-08,983,983,2026-08-03,098008,B887,c_b887
PIEMONTE,TORINO,RIVARA,969,2,0.21,-967,0,In calo,2026-08,969,969,2026-08-03,001216,H338,c_h338
PIEMONTE,CUNEO,MURAZZANO,973,0,0.0,-973,0,In calo,2026-08,973,973,2026-08-03,004145,F809,c_f809
VENETO,PADOVA,SANTA CATERINA D'ESTE,1270,0,0.0,-974,0,In calo,2026-08,974,1270,2026-08-03,028108,M438,FVZWE5SF
LOMBARDIA,BERGAMO,GAVERINA TERME,975,0,0.0,-975,0,In calo,2026-08,975,975,2026-08-03,016110,D943,c_d943
VALLE D'AOSTA,AOSTA,FÉNIS,1366,387,28.33,-979,0,In calo,2026-08,1366,1366,2026-08-03,007027,D537,c_d537
LOMBARDIA,COMO,BINAGO,989,0,0.0,-989,0,In calo,2026-08,989,989,2026-08-03,013023,A870,c_a870
PIEMONTE,VERCELLI,DESANA,991,0,0.0,-991,0,In calo,2026-08,991,991,2026-08-03,002054,D281,c_d281
LOMBARDIA,VARESE,CUNARDO,1140,0,0.0,-993,0,In calo,2026-08,993,1140,2026-08-03,012060,D204,c_d204
PIEMONTE,TORINO,ALBIANO D'IVREA,996,0,0.0,-996,0,In calo,2026-08,996,996,2026-08-03,001004,A157,c_a157
PIEMONTE,TORINO,FENESTRELLE,997,0,0.0,-997,0,In calo,2026-08,997,997,2026-08-03,001103,D532,c_d532
SICILIA,PALERMO,CIMINNA,3777,0,0.0,-1013,0,In calo,2026-08,1013,3777,2026-08-03,082030,C696,c_c696
PIEMONTE,TORINO,BORGONE SUSA,1015,0,0.0,-1015,0,In calo,2026-08,1015,1015,2026-08-03,001032,B024,c_b024
CALABRIA,COSENZA,TERRAVECCHIA,1135,115,10.13,-1020,0,In calo,2026-08,1135,1135,2026-08-03,078147,L134,c_l134
CAMPANIA,NAPOLI,SANT'ANTIMO,8060,0,0.0,-1029,0,In calo,2026-08,1029,8060,2026-08-03,063073,I293,c_i293
LOMBARDIA,BERGAMO,SUISIO,1029,0,0.0,-1029,0,In calo,2026-08,1029,1029,2026-08-03,016209,I997,c_i997
TOSCANA,LUCCA,SAN ROMANO IN GARFAGNANA,1186,0,0.0,-1033,0,In calo,2026-08,1033,1186,2026-08-03,046027,I142,c_i142
PIEMONTE,ASTI,MONTEMAGNO MONFERRATO,1037,0,0.0,-1037,0,In calo,2026-08,1037,1037,2026-08-03,005077,F556,c_f556
LOMBARDIA,VARESE,COCQUIO-TREVISAGO,1923,0,0.0,-1049,0,In calo,2026-08,1049,1923,2026-08-03,012053,C810,c_c810
PIEMONTE,CUNEO,VIGNOLO,1916,128,6.68,-1059,1,In calo,2026-08,1187,1915,2026-08-03,004243,L888,c_l888
VALLE D'AOSTA,AOSTA,VILLENEUVE,1070,0,0.0,-1070,0,In calo,2026-08,1070,1070,2026-08-03,007074,L981,c_l981
LAZIO,ROMA,SUBIACO,3460,0,0.0,-1073,0,In calo,2026-08,1073,3460,2026-08-03,058103,I992,c_i992
TRENTINO ALTO ADIGE,TRENTO,SAN GIOVANNI DI FASSA,2924,0,0.0,-1079,0,In calo,2026-08,1079,2924,2026-08-03,022250,M390,c_m390
LIGURIA,IMPERIA,DIANO ARENTINO,1085,0,0.0,-1085,0,In calo,2026-08,1085,1085,2026-08-03,008025,D293,c_d293
SARDEGNA,NUORO,SILANUS,2038,0,0.0,-1086,0,In calo,2026-08,1086,2038,2026-08-03,114046,I730,c_i730
LOMBARDIA,CREMONA,TRESCORE CREMASCO,1094,0,0.0,-1089,5,In calo,2026-08,1089,1089,2026-08-03,019109,L389,c_l389
CAMPANIA,AVELLINO,PIETRASTORNINA,2045,0,0.0,-1089,0,In calo,2026-08,1089,2045,2026-08-03,064073,G629,c_g629
CALABRIA,REGGIO CALABRIA,CAMINI,1095,0,0.0,-1095,0,In calo,2026-08,1095,1095,2026-08-03,080017,B481,c_b481
CALABRIA,REGGIO CALABRIA,ROCCAFORTE DEL GRECO,1238,0,0.0,-1099,0,In calo,2026-08,1099,1238,2026-08-03,080066,H408,c_h408
PIEMONTE,ASTI,BUTTIGLIERA D'ASTI,1571,0,0.0,-1102,0,In calo,2026-08,1102,1571,2026-08-03,005012,B306,c_B306
LOMBARDIA,VARESE,BREBBIA,1103,0,0.0,-1103,0,In calo,2026-08,1103,1103,2026-08-03,012017,B126,c_b126
LAZIO,RIETI,MONTEBUONO,1106,0,0.0,-1106,0,In calo,2026-08,1106,1106,2026-08-03,057040,F446,c_f446
VENETO,TREVISO,ARCADE,2880,0,0.0,-1106,0,In calo,2026-08,1106,2880,2026-08-03,026002,A360,c_a360
FRIULI VENEZIA GIULIA,UDINE,VILLA SANTINA,1108,0,0.0,-1108,0,In calo,2026-08,1108,1108,2026-08-03,030133,L909,c_l909
PUGLIA,BARI,GRUMO APPULA,9338,0,0.0,-1122,0,In calo,2026-08,1122,9338,2026-08-03,072024,E223,c_e223
MARCHE,MACERATA,CALDAROLA,1124,0,0.0,-1124,0,In calo,2026-08,1124,1124,2026-08-03,043006,B398,c_b398
TRENTINO ALTO ADIGE,TRENTO,BLEGGIO SUPERIORE,1124,0,0.0,-1124,0,In calo,2026-08,1124,1124,2026-08-03,022017,A902,c_a902
VENETO,VICENZA,COGOLLO DEL CENGIO,2129,0,0.0,-1125,1,In calo,2026-08,1125,2128,2026-08-03,024032,C824,c_c824
PIEMONTE,VERBANO-CUSIO-OSSOLA,CRODO,1937,0,0.0,-1125,-35,In calo,2026-08,1125,1972,2026-08-03,103026,D177,c_d177
LIGURIA,GENOVA,CROCEFIESCHI,1132,0,0.0,-1132,0,In calo,2026-08,1132,1132,2026-08-03,010020,D175,c_d175
BASILICATA,POTENZA,NEMOLI,1622,0,0.0,-1139,0,In calo,2026-08,1139,1622,2026-08-03,076054,F866,c_f866
LOMBARDIA,VARESE,BUGUGGIATE,1045,1,0.1,-1140,-96,In calo,2026-08,1141,1141,2026-08-03,012025,B258,c_b258
BASILICATA,POTENZA,CERSOSIMO,1142,0,0.0,-1142,0,In calo,2026-08,1142,1142,2026-08-03,076027,C539,c_c539
LOMBARDIA,BRESCIA,MONTE ISOLA,1151,0,0.0,-1151,-108,In calo,2026-08,1151,1259,2026-08-03,017111,F532,c_f532
SICILIA,PALERMO,SANTA CRISTINA GELA,1161,0,0.0,-1161,0,In calo,2026-08,1161,1161,2026-08-03,082066,I174,c_i174
MARCHE,ANCONA,CAMERATA PICENA,1163,0,0.0,-1163,0,In calo,2026-08,1163,1163,2026-08-03,042007,B470,c_b470
UMBRIA,TERNI,ALLERONA,1175,0,0.0,-1175,0,In calo,2026-08,1175,1175,2026-08-03,055002,A207,c_a207
FRIULI VENEZIA GIULIA,PORDENONE,CASTELNOVO DEL FRIULI,1193,0,0.0,-1193,0,In calo,2026-08,1193,1193,2026-08-03,093011,C217,c_c217
LOMBARDIA,BRESCIA,BOVEGNO,1194,0,0.0,-1194,0,In calo,2026-08,1194,1194,2026-08-03,017024,B100,c_b100
PUGLIA,LECCE,CAPRARICA DI LECCE,3028,0,0.0,-1200,0,In calo,2026-08,1200,3028,2026-08-03,075013,B690,c_b690
CAMPANIA,NAPOLI,POLLENA TROCCHIA,5493,0,0.0,-1210,0,In calo,2026-08,1210,5493,2026-08-03,063056,G795,c_g795
LOMBARDIA,PAVIA,CONFIENZA,1159,0,0.0,-1219,-60,In calo,2026-08,1219,1219,2026-08-03,018052,C958,c_c958
PIEMONTE,CUNEO,PAESANA,3410,2187,64.13,-1223,0,In calo,2026-08,3410,3410,2026-08-03,004157,G228,c_g228
LOMBARDIA,BERGAMO,GRUMELLO DEL MONTE,3295,0,0.0,-1226,10,In calo,2026-08,1226,3285,2026-08-03,016120,E219,c_e219
PIEMONTE,TORINO,SAN GERMANO CHISONE,1235,0,0.0,-1235,0,In calo,2026-08,1235,1235,2026-08-03,001242,H862,c_h862
PIEMONTE,TORINO,MEANA DI SUSA,1242,0,0.0,-1242,0,In calo,2026-08,1242,1242,2026-08-03,001149,F074,c_f074
PIEMONTE,TORINO,ANGROGNA,1246,1,0.08,-1245,-100,In calo,2026-08,1246,1346,2026-08-03,001011,A295,c_a295
MARCHE,MACERATA,POTENZA PICENA,5757,0,0.0,-1246,2,In calo,2026-08,1246,5755,2026-08-03,043043,F632,c_f632
VALLE D'AOSTA,AOSTA,VERRÈS,1309,0,0.0,-1249,0,In calo,2026-08,1249,1309,2026-08-03,007073,C282,c_c282
LAZIO,FROSINONE,CORENO AUSONIO,1250,0,0.0,-1250,0,In calo,2026-08,1250,1250,2026-08-03,060030,C998,c_c998
VENETO,BELLUNO,ARSIÈ,2032,0,0.0,-1251,12,In calo,2026-08,1251,2020,2026-08-03,025004,A443,c_a443
LOMBARDIA,LODI,BORGO SAN GIOVANNI,1254,0,0.0,-1254,0,In calo,2026-08,1254,1254,2026-08-03,098005,B017,c_b017
LOMBARDIA,PAVIA,BEREGUARDO,1502,0,0.0,-1254,0,In calo,2026-08,1254,1502,2026-08-03,018014,A792,c_a792
LAZIO,FROSINONE,PASTENA,1258,0,0.0,-1258,0,In calo,2026-08,1258,1258,2026-08-03,060047,G362,c_g362
PIEMONTE,CUNEO,CANALE,3266,0,0.0,-1259,0,In calo,2026-08,1259,3266,2026-08-03,004037,B573,c_b573
SARDEGNA,ORISTANO,GHILARZA,5613,325,5.79,-1259,0,In calo,2026-08,1584,5613,2026-08-03,115024,E004,c_e004
TRENTINO ALTO ADIGE,TRENTO,MALÉ,1279,0,0.0,-1279,0,In calo,2026-08,1279,1279,2026-08-03,022110,E850,c_e850
MARCHE,MACERATA,TREIA,3721,0,0.0,-1282,0,In calo,2026-08,1282,3721,2026-08-03,043054,L366,c_l366
MARCHE,ANCONA,CORINALDO,4858,0,0.0,-1284,-99,In calo,2026-08,1284,4957,2026-08-03,042015,D007,c_d007
LOMBARDIA,CREMONA,CASALBUTTANO ED UNITI,2306,84,3.64,-1285,0,In calo,2026-08,1369,2306,2026-08-03,019016,B869,c_b869
CAMPANIA,CASERTA,PRATA SANNITA,1286,0,0.0,-1286,0,In calo,2026-08,1286,1286,2026-08-03,061063,G991,c_g991
CAMPANIA,NAPOLI,CIMITILE,2980,0,0.0,-1289,0,In calo,2026-08,1289,2980,2026-08-03,063028,C697,c_c697
PUGLIA,FOGGIA,RIGNANO GARGANICO,2657,0,0.0,-1298,0,In calo,2026-08,1298,2657,2026-08-03,071041,H287,c_h287
VENETO,VERONA,CERRO VERONESE,1299,0,0.0,-1299,0,In calo,2026-08,1299,1299,2026-08-03,023026,C538,c_c538
PUGLIA,FOGGIA,ISCHITELLA,5900,0,0.0,-1306,0,In calo,2026-08,1306,5900,2026-08-03,071025,E332,c_e332
CALABRIA,REGGIO CALABRIA,SAN LUCA,2113,0,0.0,-1308,0,In calo,2026-08,1308,2113,2026-08-03,080074,H970,c_h970
LOMBARDIA,PAVIA,SANTA GIULETTA,1310,0,0.0,-1310,0,In calo,2026-08,1310,1310,2026-08-03,018140,I203,c_i203
UMBRIA,PERUGIA,SELLANO,1350,0,0.0,-1310,0,In calo,2026-08,1310,1350,2026-08-03,054048,I585,c_i585
LOMBARDIA,BERGAMO,FORESTO SPARSO,1312,0,0.0,-1312,0,In calo,2026-08,1312,1312,2026-08-03,016104,D697,c_d697
LIGURIA,GENOVA,SANT'OLCESE,4050,0,0.0,-1314,2,In calo,2026-08,1314,4048,2026-08-03,010055,I346,c_i346
VENETO,BELLUNO,VIGO DI CADORE,1325,0,0.0,-1325,0,In calo,2026-08,1325,1325,2026-08-03,025065,L890,c_l890
MARCHE,MACERATA,BELFORTE DEL CHIENTI,1479,0,0.0,-1329,0,In calo,2026-08,1329,1479,2026-08-03,043004,A739,c_a739
PIEMONTE,VERCELLI,ALAGNA VALSESIA,2019,687,34.03,-1332,0,In calo,2026-08,2019,2019,2026-08-03,002002,A119,c_a119
PIEMONTE,BIELLA,OCCHIEPPO INFERIORE,1343,0,0.0,-1343,0,In calo,2026-08,1343,1343,2026-08-03,096040,F992,c_f992
MOLISE,CAMPOBASSO,MONTECILFONE,1350,0,0.0,-1350,0,In calo,2026-08,1350,1350,2026-08-03,070042,F475,c_f475
SARDEGNA,SUD SARDEGNA,SADALI,1351,0,0.0,-1351,0,In calo,2026-08,1351,1351,2026-08-03,118040,H659,c_h659
TRENTINO ALTO ADIGE,TRENTO,CASTELLO-MOLINA DI FIEMME,1354,0,0.0,-1352,2,In calo,2026-08,1352,1352,2026-08-03,022047,C189,c_c194
PIEMONTE,TORINO,ROCCA CANAVESE,1353,0,0.0,-1353,0,In calo,2026-08,1353,1353,2026-08-03,001221,H386,c_h386
TRENTINO ALTO ADIGE,TRENTO,CONTÀ,1357,0,0.0,-1357,0,In calo,2026-08,1357,1357,2026-08-03,022242,M356,c_m356
TRENTINO ALTO ADIGE,TRENTO,RONZO-CHIENIS,1369,0,0.0,-1369,0,In calo,2026-08,1369,1369,2026-08-03,022135,M303,c_m303
EMILIA ROMAGNA,PARMA,VARANO DE' MELEGARI,1382,0,0.0,-1382,0,In calo,2026-08,1382,1382,2026-08-03,034045,L672,c_l672
TOSCANA,LIVORNO,MARCIANA MARINA,1925,0,0.0,-1393,0,In calo,2026-08,1393,1925,2026-08-03,049011,E931,c_e931
CAMPANIA,SALERNO,TEGGIANO,9035,8971,99.29,-1394,-1394,In calo,2026-08,10365,10429,2026-08-03,065146,D292,c_d292
LOMBARDIA,BERGAMO,ARDESIO,1395,0,0.0,-1395,0,In calo,2026-08,1395,1395,2026-08-03,016012,A383,c_a383
LOMBARDIA,CREMONA,PIANENGO,1396,0,0.0,-1396,0,In calo,2026-08,1396,1396,2026-08-03,019072,G558,c_g558
SARDEGNA,NUORO,PERDASDEFOGU,1397,0,0.0,-1397,0,In calo,2026-08,1397,1397,2026-08-03,116014,G445,c_g445
TRENTINO ALTO ADIGE,TRENTO,ALDENO,1398,0,0.0,-1398,0,In calo,2026-08,1398,1398,2026-08-03,022003,A178,c_a178
CAMPANIA,BENEVENTO,CASTELFRANCO IN MISCANO,1400,0,0.0,-1400,0,In calo,2026-08,1400,1400,2026-08-03,062016,C106,c_c106
TRENTINO ALTO ADIGE,TRENTO,VALLARSA,1412,0,0.0,-1412,0,In calo,2026-08,1412,1412,2026-08-03,022210,L588,c_l588
LOMBARDIA,BRESCIA,REMEDELLO,1420,0,0.0,-1420,0,In calo,2026-08,1420,1420,2026-08-03,017160,H230,c_h230
LOMBARDIA,BERGAMO,BERBENNO,1437,0,0.0,-1434,3,In calo,2026-08,1434,1434,2026-08-03,016023,A786,c_a786
PIEMONTE,BIELLA,PRAY,1435,0,0.0,-1435,0,In calo,2026-08,1435,1435,2026-08-03,096050,G974,c_g974
LOMBARDIA,MANTOVA,SUSTINENTE,1453,0,0.0,-1453,0,In calo,2026-08,1453,1453,2026-08-03,020064,L015,c_l015
SICILIA,MESSINA,SANT'ALESSIO SICULO,1454,0,0.0,-1454,0,In calo,2026-08,1454,1454,2026-08-03,083085,I215,C_I215
PIEMONTE,TORINO,SAN GIUSTO CANAVESE,1468,6,0.41,-1462,0,In calo,2026-08,1468,1468,2026-08-03,001246,H936,c_h936
PIEMONTE,TORINO,SCALENGHE,1472,0,0.0,-1472,0,In calo,2026-08,1472,1472,2026-08-03,001260,I490,c_i490
FRIULI VENEZIA GIULIA,UDINE,PONTEBBA,1476,0,0.0,-1476,0,In calo,2026-08,1476,1476,2026-08-03,030076,G831,c_g831
CALABRIA,COSENZA,GRIMALDI,1495,0,0.0,-1495,0,In calo,2026-08,1495,1495,2026-08-03,078059,E180,c_e180
TRENTINO ALTO ADIGE,TRENTO,VOLANO,1505,0,0.0,-1505,0,In calo,2026-08,1505,1505,2026-08-03,022224,M113,c_m113
TOSCANA,AREZZO,CAPRESE MICHELANGELO,1512,0,0.0,-1512,0,In calo,2026-08,1512,1512,2026-08-03,051007,B693,c_b693
FRIULI VENEZIA GIULIA,UDINE,MAGNANO IN RIVIERA,1532,0,0.0,-1532,0,In calo,2026-08,1532,1532,2026-08-03,030052,E820,c_e820
LOMBARDIA,BERGAMO,ONORE,1532,0,0.0,-1532,0,In calo,2026-08,1532,1532,2026-08-03,016149,G075,c_g075
VENETO,VERONA,MOZZECANE,3592,0,0.0,-1541,4,In calo,2026-08,1541,3588,2026-08-03,023051,F789,c_f789
LIGURIA,SAVONA,BOISSANO,1547,0,0.0,-1547,0,In calo,2026-08,1547,1547,2026-08-03,009011,A931,c_a931
VENETO,VICENZA,ROSSANO VENETO,3902,0,0.0,-1550,5,In calo,2026-08,1550,3897,2026-08-03,024088,H580,c_h580
LIGURIA,IMPERIA,CERVO,1589,0,0.0,-1589,0,In calo,2026-08,1589,1589,2026-08-03,008017,C559,c_c559
LAZIO,ROMA,CANTERANO,1599,0,0.0,-1599,0,In calo,2026-08,1599,1599,2026-08-03,058017,B635,c_b635
LOMBARDIA,VARESE,SUMIRAGO,1614,0,0.0,-1614,0,In calo,2026-08,1614,1614,2026-08-03,012124,L003,c_l003
CAMPANIA,CASERTA,CALVI RISORTA,4785,0,0.0,-1622,0,In calo,2026-08,1622,4785,2026-08-03,061010,B445,c_b445
SARDEGNA,SUD SARDEGNA,SARDARA,3700,0,0.0,-1622,-117,In calo,2026-08,1622,3817,2026-08-03,117016,I428,c_i428
VALLE D'AOSTA,AOSTA,TORGNON,2325,0,0.0,-1641,0,In calo,2026-08,1641,2325,2026-08-03,007067,L217,c_l217
CAMPANIA,CASERTA,SANT'ANGELO D'ALIFE,2236,0,0.0,-1664,0,In calo,2026-08,1664,2236,2026-08-03,061086,I273,c_i273
EMILIA ROMAGNA,MODENA,MONTECRETO,1706,0,0.0,-1706,-41,In calo,2026-08,1706,1747,2026-08-03,036024,F484,c_f484
LAZIO,FROSINONE,SAN GIORGIO A LIRI,1713,0,0.0,-1713,0,In calo,2026-08,1713,1713,2026-08-03,060063,H880,c_h880
TOSCANA,SIENA,CHIUSDINO,2463,0,0.0,-1719,0,In calo,2026-08,1719,2463,2026-08-03,052010,C661,c_c661
LOMBARDIA,MILANO,ALBAIRATE,2024,0,0.0,-1741,0,In calo,2026-08,1741,2024,2026-08-03,015005,A127,C_A127
TRENTINO ALTO ADIGE,TRENTO,TIONE DI TRENTO,1768,0,0.0,-1768,0,In calo,2026-08,1768,1768,2026-08-03,022199,L174,c_l174
LOMBARDIA,PAVIA,PARONA,1782,0,0.0,-1782,0,In calo,2026-08,1782,1782,2026-08-03,018109,G342,c_g342
VENETO,VERONA,PESCANTINA,5473,0,0.0,-1812,0,In calo,2026-08,1812,5473,2026-08-03,023058,G481,c_g481
PIEMONTE,TORINO,AIRASCA,1835,0,0.0,-1835,0,In calo,2026-08,1835,1835,2026-08-03,001002,A109,c_a109
LIGURIA,GENOVA,CERANESI,1836,0,0.0,-1836,0,In calo,2026-08,1836,1836,2026-08-03,010014,C481,c_c481
TOSCANA,GROSSETO,MAGLIANO IN TOSCANA,2693,278,10.32,-1844,0,In calo,2026-08,2122,2693,2026-08-03,053013,E810,c_e810
LOMBARDIA,BRESCIA,LOGRATO,1856,0,0.0,-1856,0,In calo,2026-08,1856,1856,2026-08-03,017091,E654,c_e654
ABRUZZO,PESCARA,SCAFA,1859,0,0.0,-1859,0,In calo,2026-08,1859,1859,2026-08-03,068039,I482,c_i482
VENETO,PADOVA,VO',1873,0,0.0,-1867,6,In calo,2026-08,1867,1867,2026-08-03,028105,M103,c_m103
MARCHE,PESARO E URBINO,MONTEFELCINO,1884,0,0.0,-1878,6,In calo,2026-08,1878,1878,2026-08-03,041034,F497,c_f497
TRENTINO ALTO ADIGE,TRENTO,DIMARO FOLGARIDA,1878,0,0.0,-1878,0,In calo,2026-08,1878,1878,2026-08-03,022233,M366,c_m366
VENETO,TREVISO,SARMEDE,1886,0,0.0,-1886,0,In calo,2026-08,1886,1886,2026-08-03,026078,I435,c_i435
LOMBARDIA,VARESE,BARDELLO CON MALGESSO E BREGANO,1898,0,0.0,-1898,0,In calo,2026-08,1898,1898,2026-08-03,012144,M433,X3BN8HJ1
LAZIO,VITERBO,CAPODIMONTE,2043,0,0.0,-1933,0,In calo,2026-08,1933,2043,2026-08-03,056013,B663,c_b663
TRENTINO ALTO ADIGE,BOLZANO,LACES,1951,0,0.0,-1951,0,In calo,2026-08,1951,1951,2026-08-03,021037,E398,c_e398
PIEMONTE,VERBANO-CUSIO-OSSOLA,VARZO,1959,0,0.0,-1959,0,In calo,2026-08,1959,1959,2026-08-03,103071,L691,c_l691
SICILIA,AGRIGENTO,NARO,12657,0,0.0,-1960,0,In calo,2026-08,1960,12657,2026-08-03,084026,F845,c_f845
SARDEGNA,ORISTANO,BONARCADO,2149,0,0.0,-1965,0,In calo,2026-08,1965,2149,2026-08-03,115015,A960,c_a960
VENETO,ROVIGO,PORTO TOLLE,5821,2,0.03,-2005,0,In calo,2026-08,2007,5821,2026-08-03,029039,G923,c_g923
UMBRIA,TERNI,ARRONE,2013,0,0.0,-2013,0,In calo,2026-08,2013,2013,2026-08-03,055005,A439,c_a439
SICILIA,MESSINA,SAPONARA,2786,0,0.0,-2054,0,In calo,2026-08,2054,2786,2026-08-03,083092,I420,c_i420
CAMPANIA,BENEVENTO,PONTELANDOLFO,2066,0,0.0,-2066,0,In calo,2026-08,2066,2066,2026-08-03,062054,G848,c_g848
VENETO,BELLUNO,SANTO STEFANO DI CADORE,2072,0,0.0,-2072,0,In calo,2026-08,2072,2072,2026-08-03,025050,C919,c_c919
PIEMONTE,TORINO,BEINASCO,3179,3,0.09,-2089,4,In calo,2026-08,2092,3175,2026-08-03,001024,A734,c_a734
CAMPANIA,CASERTA,ROCCAMONFINA,2796,0,0.0,-2099,0,In calo,2026-08,2099,2796,2026-08-03,061070,H423,c_h423
FRIULI VENEZIA GIULIA,UDINE,TARCENTO,4990,2890,57.92,-2100,0,In calo,2026-08,4990,4990,2026-08-03,030116,L050,c_l050
TOSCANA,PISA,MONTESCUDAIO,2102,0,0.0,-2102,0,In calo,2026-08,2102,2102,2026-08-03,050020,F640,c_f640
CAMPANIA,AVELLINO,STURNO,2106,0,0.0,-2106,0,In calo,2026-08,2106,2106,2026-08-03,064104,I990,c_l990
LIGURIA,SAVONA,CERIALE,3037,0,0.0,-2110,0,In calo,2026-08,2110,3037,2026-08-03,009024,C510,c_c510
VENETO,PADOVA,MASSANZAGO,2297,0,0.0,-2115,0,In calo,2026-08,2115,2297,2026-08-03,028050,F033,c_f033
LOMBARDIA,MILANO,RESCALDINA,5964,3,0.05,-2151,0,In calo,2026-08,2154,5964,2026-08-03,015181,H240,c_h240
LOMBARDIA,BRESCIA,VEROLAVECCHIA,2155,1,0.05,-2154,0,In calo,2026-08,2155,2155,2026-08-03,017196,L778,c_l778
MARCHE,FERMO,PETRITOLI,2172,0,0.0,-2172,0,In calo,2026-08,2172,2172,2026-08-03,109031,G516,c_g516
LOMBARDIA,MILANO,POGLIANO MILANESE,2174,0,0.0,-2174,0,In calo,2026-08,2174,2174,2026-08-03,015176,G772,c_g772
EMILIA ROMAGNA,PIACENZA,FARINI,3050,0,0.0,-2179,0,In calo,2026-08,2179,3050,2026-08-03,033019,D502,c_d502
SARDEGNA,SUD SARDEGNA,BUGGERRU,2188,0,0.0,-2188,0,In calo,2026-08,2188,2188,2026-08-03,119001,B250,c_b250
SARDEGNA,NUORO,JERZU,5350,0,0.0,-2190,0,In calo,2026-08,2190,5350,2026-08-03,116009,E387,c_e387
CALABRIA,COSENZA,ALBIDONA,2194,0,0.0,-2194,0,In calo,2026-08,2194,2194,2026-08-03,078006,A160,c_a160
VENETO,VENEZIA,PRAMAGGIORE,2263,0,0.0,-2197,0,In calo,2026-08,2197,2263,2026-08-03,027030,G981,C_G981
CALABRIA,COSENZA,TORTORA,5520,554,10.04,-2204,0,In calo,2026-08,2758,5520,2026-08-03,078149,L305,c_l305
VENETO,PADOVA,ANGUILLARA VENETA,2214,0,0.0,-2214,0,In calo,2026-08,2214,2214,2026-08-03,028004,A296,c_a296
ABRUZZO,CHIETI,FILETTO,2215,0,0.0,-2215,-47,In calo,2026-08,2215,2262,2026-08-03,069032,D592,c_d592
SICILIA,MESSINA,SAN TEODORO,2221,0,0.0,-2221,0,In calo,2026-08,2221,2221,2026-08-03,083090,I328,c_i328
LOMBARDIA,BERGAMO,GRASSOBBIO,3523,0,0.0,-2232,0,In calo,2026-08,2232,3523,2026-08-03,016117,E148,c_e148
VENETO,BELLUNO,FONZASO,2241,0,0.0,-2241,0,In calo,2026-08,2241,2241,2026-08-03,025022,D686,c_d686
PUGLIA,FOGGIA,CELENZA VALFORTORE,2246,0,0.0,-2246,0,In calo,2026-08,2246,2246,2026-08-03,071018,C429,c_c429
CAMPANIA,NAPOLI,PORTICI,6676,0,0.0,-2253,1,In calo,2026-08,2253,6675,2026-08-03,063059,G902,c_g902
TOSCANA,PISA,CRESPINA LORENZANA,4169,2,0.05,-2257,-20,In calo,2026-08,2259,4189,2026-08-03,050041,M328,c_d1600
EMILIA ROMAGNA,PIACENZA,VERNASCA,2267,0,0.0,-2267,0,In calo,2026-08,2267,2267,2026-08-03,033044,L772,c_l772
FRIULI VENEZIA GIULIA,PORDENONE,PRATA DI PORDENONE,3085,0,0.0,-2268,0,In calo,2026-08,2268,3085,2026-08-03,093034,G994,c_g994
VENETO,VICENZA,ENEGO,2517,87,3.46,-2270,-65,In calo,2026-08,2357,2582,2026-08-03,024039,D407,c_d407
SICILIA,TRAPANI,ALCAMO,44376,44376,100.0,-2286,-2286,In calo,2026-08,46662,46662,2026-08-03,081001,A176,c_a176
CAMPANIA,BENEVENTO,SOLOPACA,3298,0,0.0,-2292,0,In calo,2026-08,2292,3298,2026-08-03,062073,I809,c_i809
VENETO,VICENZA,CRESPADORO,2723,78,2.86,-2292,0,In calo,2026-08,2370,2723,2026-08-03,024037,D156,c_d156
FRIULI VENEZIA GIULIA,PORDENONE,SAN QUIRINO,2314,0,0.0,-2314,0,In calo,2026-08,2314,2314,2026-08-03,093040,I136,c_i136
LOMBARDIA,MILANO,CAMBIAGO,2420,0,0.0,-2330,0,In calo,2026-08,2330,2420,2026-08-03,015044,B461,c_b461
LAZIO,FROSINONE,CASTRO DEI VOLSCI,2380,0,0.0,-2380,0,In calo,2026-08,2380,2380,2026-08-03,060023,C338,c_c338
PIEMONTE,ALESSANDRIA,STREVI,2388,0,0.0,-2388,0,In calo,2026-08,2388,2388,2026-08-03,006168,I977,c_i977
PUGLIA,TARANTO,SAN MARZANO DI SAN GIUSEPPE,5732,0,0.0,-2388,0,In calo,2026-08,2388,5732,2026-08-03,073025,I018,c_i018
SARDEGNA,SUD SARDEGNA,TEULADA,3399,0,0.0,-2417,0,In calo,2026-08,2417,3399,2026-08-03,119024,L154,c_l154
CAMPANIA,CASERTA,CASAPESENNA,3230,0,0.0,-2421,0,In calo,2026-08,2421,3230,2026-08-03,061103,M260,c_m260
CAMPANIA,NAPOLI,BARANO D'ISCHIA,4350,0,0.0,-2421,0,In calo,2026-08,2421,4350,2026-08-03,063007,A617,c_a617
LOMBARDIA,PAVIA,MEDE,3234,0,0.0,-2426,-73,In calo,2026-08,2426,3307,2026-08-03,018088,F080,c_f080
LOMBARDIA,MILANO,PREGNANA MILANESE,2467,3,0.12,-2441,23,In calo,2026-08,2444,2444,2026-08-03,015179,H026,c_h026
TOSCANA,FIRENZE,CERTALDO,12046,0,0.0,-2456,0,In calo,2026-08,2456,12046,2026-08-03,048012,C540,c_c540
FRIULI VENEZIA GIULIA,PORDENONE,FIUME VENETO,5015,0,0.0,-2465,0,In calo,2026-08,2465,5015,2026-08-03,093021,D621,c_d621
LOMBARDIA,BRESCIA,QUINZANO D'OGLIO,3491,0,0.0,-2480,0,In calo,2026-08,2480,3491,2026-08-03,017159,H140,c_h140
TRENTINO ALTO ADIGE,TRENTO,PINZOLO,2757,0,0.0,-2535,0,In calo,2026-08,2535,2757,2026-08-03,022143,G681,c_g681
LOMBARDIA,MILANO,SAN COLOMBANO AL LAMBRO,4430,0,0.0,-2550,2,In calo,2026-08,2550,4428,2026-08-03,015191,H803,c_h803
LOMBARDIA,PAVIA,GROPELLO CAIROLI,2670,0,0.0,-2562,0,In calo,2026-08,2562,2670,2026-08-03,018076,E195,c_e195
SARDEGNA,SUD SARDEGNA,VILLAMAR,2575,0,0.0,-2575,0,In calo,2026-08,2575,2575,2026-08-03,117026,L966,c_l966
CAMPANIA,NAPOLI,POMIGLIANO D'ARCO,13095,0,0.0,-2614,0,In calo,2026-08,2614,13095,2026-08-03,063057,G812,c_g812
SARDEGNA,ORISTANO,SOLARUSSA,2674,0,0.0,-2674,0,In calo,2026-08,2674,2674,2026-08-03,115071,I791,c_i791
VENETO,VENEZIA,STRA,2680,0,0.0,-2680,0,In calo,2026-08,2680,2680,2026-08-03,027039,I965,c_i965
FRIULI VENEZIA GIULIA,PORDENONE,ZOPPOLA,4094,0,0.0,-2788,0,In calo,2026-08,2788,4094,2026-08-03,093051,M190,c_m190
TOSCANA,LIVORNO,RIO,4145,0,0.0,-2794,0,In calo,2026-08,2794,4145,2026-08-03,049021,M391,c_m391
CALABRIA,REGGIO CALABRIA,ARDORE,3043,0,0.0,-2803,0,In calo,2026-08,2803,3043,2026-08-03,080005,A385,c_a385
VENETO,VICENZA,ARCUGNANO,8316,0,0.0,-2814,0,In calo,2026-08,2814,8316,2026-08-03,024006,A377,c_a377
UMBRIA,PERUGIA,PRECI,3082,0,0.0,-2870,0,In calo,2026-08,2870,3082,2026-08-03,054043,H015,c_h015
PIEMONTE,ALESSANDRIA,GAVI,2878,0,0.0,-2878,0,In calo,2026-08,2878,2878,2026-08-03,006081,D944,c_d944
PUGLIA,BARI,BITETTO,7122,0,0.0,-2895,1,In calo,2026-08,2895,7121,2026-08-03,072010,A892,c_a892
VENETO,TREVISO,POVEGLIANO,2905,0,0.0,-2905,0,In calo,2026-08,2905,2905,2026-08-03,026062,G944,c_g944
TOSCANA,LUCCA,PESCAGLIA,2990,0,0.0,-2947,0,In calo,2026-08,2947,2990,2026-08-03,046022,G480,c_g480
LOMBARDIA,BRESCIA,URAGO D'OGLIO,2961,0,0.0,-2961,0,In calo,2026-08,2961,2961,2026-08-03,017192,L494,c_l494
LIGURIA,IMPERIA,OSPEDALETTI,3348,0,0.0,-2967,0,In calo,2026-08,2967,3348,2026-08-03,008039,G164,c_g164
VENETO,PADOVA,LEGNARO,4016,0,0.0,-2986,14,In calo,2026-08,2986,4002,2026-08-03,028044,E515,c_e515
CAMPANIA,CASERTA,SAN MARCO EVANGELISTA,2994,0,0.0,-2994,0,In calo,2026-08,2994,2994,2026-08-03,061104,F043,c_f043
PUGLIA,BARLETTA-ANDRIA-TRANI,TRINITAPOLI,11901,0,0.0,-3018,0,In calo,2026-08,3018,11901,2026-08-03,110010,B915,c_b915
LIGURIA,SAVONA,VARAZZE,7178,0,0.0,-3047,0,In calo,2026-08,3047,7178,2026-08-03,009065,L675,c_l675
PIEMONTE,TORINO,BRUINO,3691,40,1.08,-3061,0,In calo,2026-08,3101,3691,2026-08-03,001038,B216,c_b216
CALABRIA,COSENZA,SANT'AGATA DI ESARO,3338,0,0.0,-3077,0,In calo,2026-08,3077,3338,2026-08-03,078131,I192,c_i192
LIGURIA,SAVONA,CARCARE,3611,0,0.0,-3088,-70,In calo,2026-08,3088,3681,2026-08-03,009018,B748,c_b748
LAZIO,ROMA,CARPINETO ROMANO,3095,0,0.0,-3095,0,In calo,2026-08,3095,3095,2026-08-03,058020,B828,c_b828
LOMBARDIA,MANTOVA,PEGOGNAGA,3353,1,0.03,-3108,0,In calo,2026-08,3109,3353,2026-08-03,020039,G417,c_g417
CAMPANIA,NAPOLI,CALVIZZANO,3120,0,0.0,-3120,-91,In calo,2026-08,3120,3211,2026-08-03,063012,B452,c_b452
SICILIA,PALERMO,MONTEMAGGIORE BELSITO,5906,0,0.0,-3123,0,In calo,2026-08,3123,5906,2026-08-03,082051,F553,c_f553
BASILICATA,MATERA,IRSINA,5323,0,0.0,-3125,0,In calo,2026-08,3125,5323,2026-08-03,077013,E326,c_e326
FRIULI VENEZIA GIULIA,UDINE,POZZUOLO DEL FRIULI,4328,0,0.0,-3212,0,In calo,2026-08,3212,4328,2026-08-03,030079,G966,c_g966
TOSCANA,AREZZO,CAVRIGLIA,3892,0,0.0,-3234,0,In calo,2026-08,3234,3892,2026-08-03,051013,C407,c_c407
LOMBARDIA,MONZA E DELLA BRIANZA,SEVESO,8886,0,0.0,-3242,0,In calo,2026-08,3242,8886,2026-08-03,108040,I709,c_i709
SICILIA,AGRIGENTO,SANTA MARGHERITA DI BELICE,4302,53,1.23,-3269,0,In calo,2026-08,3322,4302,2026-08-03,084038,I224,c_i224
FRIULI VENEZIA GIULIA,TRIESTE,TRIESTE,43608,0,0.0,-3275,64,In calo,2026-08,3275,43544,2026-08-03,032006,L424,c_l424
CALABRIA,CATANZARO,NOCERA TERINESE,5767,0,0.0,-3288,0,In calo,2026-08,3288,5767,2026-08-03,079087,F910,c_f910
CALABRIA,REGGIO CALABRIA,MELITO DI PORTO SALVO,6449,0,0.0,-3313,0,In calo,2026-08,3313,6449,2026-08-03,080050,F112,c_f112
VENETO,VICENZA,MONTEBELLO VICENTINO,3321,0,0.0,-3321,0,In calo,2026-08,3321,3321,2026-08-03,024060,F442,c_f442
PIEMONTE,VERBANO-CUSIO-OSSOLA,STRESA,5373,0,0.0,-3327,0,In calo,2026-08,3327,5373,2026-08-03,103064,I976,c_i976
LOMBARDIA,MANTOVA,SABBIONETA,3913,0,0.0,-3338,0,In calo,2026-08,3338,3913,2026-08-03,020054,H652,c_h652
ABRUZZO,TERAMO,SILVI,4124,0,0.0,-3341,0,In calo,2026-08,3341,4124,2026-08-03,067040,I741,c_i741
TRENTINO ALTO ADIGE,BOLZANO,BRUNICO,4215,0,0.0,-3404,0,In calo,2026-08,3404,4215,2026-08-03,021013,B220,c_b220
VENETO,TREVISO,GAIARINE,3511,106,3.02,-3407,-2,In calo,2026-08,3513,3513,2026-08-03,026031,D854,c_d854
VENETO,PADOVA,CADONEGHE,4933,0,0.0,-3437,9,In calo,2026-08,3437,4924,2026-08-03,028016,B345,c_b345
SICILIA,AGRIGENTO,CAMMARATA,6176,0,0.0,-3468,0,In calo,2026-08,3468,6176,2026-08-03,084009,B486,c_b486
TOSCANA,FIRENZE,CAPRAIA E LIMITE,3475,0,0.0,-3475,0,In calo,2026-08,3475,3475,2026-08-03,048008,B684,c_b684
LOMBARDIA,VARESE,GALLARATE,14306,0,0.0,-3481,0,In calo,2026-08,3481,14306,2026-08-03,012070,D869,c_d869
CALABRIA,CROTONE,SCANDALE,5655,0,0.0,-3557,0,In calo,2026-08,3557,5655,2026-08-03,101024,I494,c_i494
SICILIA,AGRIGENTO,CASTELTERMINI,7106,0,0.0,-3609,0,In calo,2026-08,3609,7106,2026-08-03,084012,C275,c_c275
SARDEGNA,NUORO,LODÈ,3646,0,0.0,-3646,0,In calo,2026-08,3646,3646,2026-08-03,114020,E647,c_e647
LOMBARDIA,SONDRIO,CHIAVENNA,3658,0,0.0,-3658,0,In calo,2026-08,3658,3658,2026-08-03,014018,C623,c_c623
SICILIA,AGRIGENTO,SAMBUCA DI SICILIA,7551,2907,38.5,-3663,17,In calo,2026-08,6570,7534,2026-08-03,084034,H743,c_h743
TOSCANA,SIENA,SAN GIMIGNANO,4600,0,0.0,-3691,0,In calo,2026-08,3691,4600,2026-08-03,052028,H875,c_h875
SICILIA,PALERMO,BELMONTE MEZZAGNO,8632,1,0.01,-3738,0,In calo,2026-08,3739,8632,2026-08-03,082009,A764,c_a764
VENETO,VERONA,OPPEANO,4981,0,0.0,-3754,0,In calo,2026-08,3754,4981,2026-08-03,023055,G080,c_g080
SICILIA,MESSINA,TRIPI - ABAKAINON,5106,0,0.0,-3776,0,In calo,2026-08,3776,5106,2026-08-03,083100,L431,c_l431
VENETO,VICENZA,DUEVILLE,8155,116,1.42,-3798,0,In calo,2026-08,3914,8155,2026-08-03,024038,D379,c_d379
CALABRIA,COSENZA,PRAIA A MARE,3896,0,0.0,-3865,0,In calo,2026-08,3865,3896,2026-08-03,078101,G975,c_g975
VENETO,PADOVA,SAN MARTINO DI LUPARI,5611,0,0.0,-3868,6,In calo,2026-08,3868,5605,2026-08-03,028077,I008,c_i008
SICILIA,PALERMO,CACCAMO,6167,0,0.0,-3869,0,In calo,2026-08,3869,6167,2026-08-03,082014,B315,c_b315
LAZIO,ROMA,FIUMICINO,34286,1,0.0,-3914,0,In calo,2026-08,3915,34286,2026-08-03,058120,M297,c_m297
BASILICATA,POTENZA,BRIENZA,4010,0,0.0,-3988,0,In calo,2026-08,3988,4010,2026-08-03,076013,B173,c_b173
CALABRIA,REGGIO CALABRIA,SAN LORENZO,4418,0,0.0,-4418,0,In calo,2026-08,4418,4418,2026-08-03,080073,H959,c_h959
PUGLIA,BARI,ALTAMURA,31337,31272,99.79,-4947,-4899,In calo,2026-08,36219,36236,2026-08-03,072004,A225,c_a225
CAMPANIA,BENEVENTO,BENEVENTO,17633,17626,99.96,-7813,-7806,In calo,2026-08,25439,25439,2026-08-03,062008,A783,c_a783
