codice_catastale,comune,provincia,regione,istat,ipa
A001,ABANO TERME,PADOVA,VENETO,028001,c_a001
A004,ABBADIA CERRETO,LODI,LOMBARDIA,098001,c_a004
A005,ABBADIA LARIANA,LECCO,LOMBARDIA,097001,c_a005
A006,ABBADIA SAN SALVATORE,SIENA,TOSCANA,052001,c_a006
A007,ABBASANTA,ORISTANO,SARDEGNA,095001,c_a007
A008,ABBATEGGIO,PESCARA,ABRUZZO,068001,c_a008
A010,ABBIATEGRASSO,MILANO,LOMBARDIA,015002,c_a010
A013,ABRIOLA,POTENZA,BASILICATA,076001,c_a013
A014,ACATE,RAGUSA,SICILIA,088001,c_a014
A015,ACCADIA,FOGGIA,PUGLIA,071001,c_a015
A016,ACCEGLIO,CUNEO,PIEMONTE,004001,c_a016
A017,ACCETTURA,MATERA,BASILICATA,077001,c_a017
A018,ACCIANO,AQUILA,ABRUZZO,066001,c_a018
A019,ACCUMOLI,RIETI,LAZIO,057001,c_a019
A020,ACERENZA,POTENZA,BASILICATA,076002,c_a020
A022,CERMES,BOLZANO,TRENTINO ALTO ADIGE,021020,c_c464
A023,ACERNO,SALERNO,CAMPANIA,065001,c_a023
A024,ACERRA,NAPOLI,CAMPANIA,063001,c_a024
A025,ACI BONACCORSI,CATANIA,SICILIA,087001,c_a025
A026,ACI CASTELLO,CATANIA,SICILIA,087002,c_a026
A027,ACI CATENA,CATANIA,SICILIA,087003,c_a027
A028,ACIREALE,CATANIA,SICILIA,087004,c_a028
A029,ACI SANT'ANTONIO,CATANIA,SICILIA,087005,c_a029
A032,ACQUAFONDATA,FROSINONE,LAZIO,060001,c_a032
A033,ACQUAFORMOSA,COSENZA,CALABRIA,078001,c_a033
A034,ACQUAFREDDA,BRESCIA,LOMBARDIA,017001,c_a034
A035,ACQUALAGNA,PESARO E URBINO,MARCHE,041001,c_a035
A038,ACQUANEGRA SUL CHIESE,MANTOVA,LOMBARDIA,020001,c_a038
A039,ACQUANEGRA CREMONESE,CREMONA,LOMBARDIA,019001,c_a039
A040,ACQUAPENDENTE,VITERBO,LAZIO,056001,c_a040
A041,ACQUAPPESA,COSENZA,CALABRIA,078002,c_a041
A043,ACQUARO,VIBO VALENTIA,CALABRIA,102001,c_a043
A044,ACQUASANTA TERME,ASCOLI PICENO,MARCHE,044001,c_a044
A045,ACQUASPARTA,TERNI,UMBRIA,055001,c_a045
A047,ACQUAVIVA PICENA,ASCOLI PICENO,MARCHE,044002,c_a047
A048,ACQUAVIVA DELLE FONTI,BARI,PUGLIA,072001,c_a048
A049,ACQUAVIVA PLATANI,CALTANISSETTA,SICILIA,085001,c_a049
A050,ACQUAVIVA COLLECROCE,CAMPOBASSO,MOLISE,070001,C_A050
A051,ACQUAVIVA D'ISERNIA,ISERNIA,MOLISE,094001,c_a051
A052,ACQUI TERME,ALESSANDRIA,PIEMONTE,006001,c_a052
A053,ACRI,COSENZA,CALABRIA,078003,c_a053
A054,ACUTO,FROSINONE,LAZIO,060002,c_a054
A055,ADELFIA,BARI,PUGLIA,072002,c_a055
A056,ADRANO,CATANIA,SICILIA,087006,c_a056
A057,ADRARA SAN MARTINO,BERGAMO,LOMBARDIA,016001,c_a057
A058,ADRARA SAN ROCCO,BERGAMO,LOMBARDIA,016002,c_a058
A059,ADRIA,ROVIGO,VENETO,029001,c_a059
A060,ADRO,BRESCIA,LOMBARDIA,017002,c_a060
A061,AFFI,VERONA,VENETO,023001,c_a061
A062,AFFILE,ROMA,LAZIO,058001,c_a062
A064,AFRAGOLA,NAPOLI,CAMPANIA,063002,c_a064
A065,AFRICO,REGGIO CALABRIA,CALABRIA,080001,c_a065
A067,AGAZZANO,PIACENZA,EMILIA ROMAGNA,033001,c_a067
A068,AGEROLA,NAPOLI,CAMPANIA,063003,C_A068
A069,AGGIUS,SASSARI,SARDEGNA,090001,c_A069
A070,AGIRA,ENNA,SICILIA,086001,c_a070
A071,AGLIANA,PISTOIA,TOSCANA,047002,c_a071
A072,AGLIANO TERME,ASTI,PIEMONTE,005001,c_a072
A074,AGLIE',TORINO,PIEMONTE,001001,c_a074
A075,AGNA,PADOVA,VENETO,028002,c_a075
A076,AGNADELLO,CREMONA,LOMBARDIA,019002,c_a076
A077,AGNANA CALABRA,REGGIO CALABRIA,CALABRIA,080002,c_a077
A080,AGNONE,ISERNIA,MOLISE,094002,c_a081
A081,VILLA LATINA,FROSINONE,LAZIO,060088,ca081
A082,AGNOSINE,BRESCIA,LOMBARDIA,017003,c_a082
A083,AGORDO,BELLUNO,VENETO,025001,c_a083
A084,AGOSTA,ROMA,LAZIO,058002,c_a084
A085,AGRA,VARESE,LOMBARDIA,012001,c_a085
A087,AGRATE BRIANZA,MONZA E DELLA BRIANZA,LOMBARDIA,108001,c_a087
A088,AGRATE CONTURBIA,NOVARA,PIEMONTE,003001,c_a088
A089,AGRIGENTO,AGRIGENTO,SICILIA,084001,c_a089
A091,AGROPOLI,SALERNO,CAMPANIA,065002,c_a091
A092,AGUGLIANO,ANCONA,MARCHE,042001,c_a092
A093,AGUGLIARO,VICENZA,VENETO,024001,c_a093
A094,AYAS,AOSTA,VALLE D'AOSTA,007007,c_a094
A096,AICURZIO,MONZA E DELLA BRIANZA,LOMBARDIA,108002,c_a096
A097,AIDOMAGGIORE,ORISTANO,SARDEGNA,095002,c_m168
A098,AIDONE,ENNA,SICILIA,086002,c_a098
A100,AIELLI,AQUILA,ABRUZZO,066002,c_a100
A101,AIELLO DEL SABATO,AVELLINO,CAMPANIA,064001,c_a101
A102,AIELLO CALABRO,COSENZA,CALABRIA,078004,c_a102
A103,AIELLO DEL FRIULI,UDINE,FRIULI VENEZIA GIULIA,030001,c_a103
A105,AIETA,COSENZA,CALABRIA,078005,c_a105
A106,AILANO,CASERTA,CAMPANIA,061001,c_a106
A107,AILOCHE,BIELLA,PIEMONTE,096001,c_a107
A108,AYMAVILLES,AOSTA,VALLE D'AOSTA,007008,c_a108
A109,AIRASCA,TORINO,PIEMONTE,001002,c_a109
A110,AIROLA,BENEVENTO,CAMPANIA,062001,c_a110
A111,AIROLE,IMPERIA,LIGURIA,008001,c_a111
A112,AIRUNO,LECCO,LOMBARDIA,097002,c_a112
A113,AISONE,CUNEO,PIEMONTE,004002,c_a113
A115,ALA' DEI SARDI,SASSARI,SARDEGNA,090002,c_wfs6
A116,ALA,TRENTO,TRENTINO ALTO ADIGE,022001,c_a116
A117,ALA DI STURA,TORINO,PIEMONTE,001003,c_a117
A118,ALAGNA,PAVIA,LOMBARDIA,018001,c_a118
A119,ALAGNA VALSESIA,VERCELLI,PIEMONTE,002002,c_a119
A120,ALANNO,PESCARA,ABRUZZO,068002,c_a120
A122,ALASSIO,SAVONA,LIGURIA,009001,c_a122
A123,ALATRI,FROSINONE,LAZIO,060003,c_a123
A124,ALBA,CUNEO,PIEMONTE,004003,c_a124
A125,ALBA ADRIATICA,TERAMO,ABRUZZO,067001,c_a125
A126,ALBAGIARA,ORISTANO,SARDEGNA,095003,c_a126
A127,ALBAIRATE,MILANO,LOMBARDIA,015005,C_A127
A128,ALBANELLA,SALERNO,CAMPANIA,065003,c_a128
A129,ALBANO SANT'ALESSANDRO,BERGAMO,LOMBARDIA,016003,c_a129
A130,ALBANO VERCELLESE,VERCELLI,PIEMONTE,002003,c_a130
A131,ALBANO DI LUCANIA,POTENZA,BASILICATA,076003,c_a131
A132,ALBANO LAZIALE,ROMA,LAZIO,058003,c_a132
A135,ALBAREDO PER SAN MARCO,SONDRIO,LOMBARDIA,014001,c_a135
A137,ALBAREDO D'ADIGE,VERONA,VENETO,023002,c_a137
A138,ALBARETO,PARMA,EMILIA ROMAGNA,034001,c_a138
A139,ALBARETTO DELLA TORRE,CUNEO,PIEMONTE,004004,c_a139
A143,ALBAVILLA,COMO,LOMBARDIA,013003,c_a143
A145,ALBENGA,SAVONA,LIGURIA,009002,c_a145
A146,ALBERA LIGURE,ALESSANDRIA,PIEMONTE,006002,c_a146
A149,ALBEROBELLO,BARI,PUGLIA,072003,c_a149
A150,ALBERONA,FOGGIA,PUGLIA,071002,c_a150
A153,ALBESE CON CASSANO,COMO,LOMBARDIA,013004,c_a153
A154,ALBETTONE,VICENZA,VENETO,024002,c_a154
A155,ALBI,CATANZARO,CALABRIA,079002,c_a155
A157,ALBIANO D'IVREA,TORINO,PIEMONTE,001004,c_a157
A158,ALBIANO,TRENTO,TRENTINO ALTO ADIGE,022002,c_a158
A159,ALBIATE,MONZA E DELLA BRIANZA,LOMBARDIA,108003,c_a159
A160,ALBIDONA,COSENZA,CALABRIA,078006,c_a160
A161,ALBIGNASEGO,PADOVA,VENETO,028003,c_a161
A162,ALBINEA,REGGIO EMILIA,EMILIA ROMAGNA,035001,c_a162
A163,ALBINO,BERGAMO,LOMBARDIA,016004,c_a163
A164,ALBIOLO,COMO,LOMBARDIA,013005,c_a164
A165,ALBISSOLA MARINA,SAVONA,LIGURIA,009003,c_a165
A166,ALBISOLA SUPERIORE,SAVONA,LIGURIA,009004,c_a166
A167,ALBIZZATE,VARESE,LOMBARDIA,012002,c_a167
A171,ALBONESE,PAVIA,LOMBARDIA,018003,c_a171
A172,ALBOSAGGIA,SONDRIO,LOMBARDIA,014002,c_a172
A173,ALBUGNANO,ASTI,PIEMONTE,005002,c_a173
A175,ALBUZZANO,PAVIA,LOMBARDIA,018004,c_a175
A176,ALCAMO,TRAPANI,SICILIA,081001,c_a176
A177,ALCARA LI FUSI,MESSINA,SICILIA,083001,c_zboh
A178,ALDENO,TRENTO,TRENTINO ALTO ADIGE,022003,c_a178
A179,ALDINO,BOLZANO,TRENTINO ALTO ADIGE,021001,c_a179
A180,ALES,ORISTANO,SARDEGNA,095004,c_a180
A181,ALESSANDRIA DELLA ROCCA,AGRIGENTO,SICILIA,084002,c_a181
A182,ALESSANDRIA,ALESSANDRIA,PIEMONTE,006003,c_a182
A183,ALESSANDRIA DEL CARRETTO,COSENZA,CALABRIA,078007,c_a183
A184,ALESSANO,LECCE,PUGLIA,075002,c_a184
A185,ALEZIO,LECCE,PUGLIA,075003,c_a185
A186,ALFANO,SALERNO,CAMPANIA,065004,c_a186
A187,ALFEDENA,AQUILA,ABRUZZO,066003,c_a187
A188,ALFIANELLO,BRESCIA,LOMBARDIA,017004,c_a188
A189,ALFIANO NATTA,ALESSANDRIA,PIEMONTE,006004,c_a189
A191,ALFONSINE,RAVENNA,EMILIA ROMAGNA,039001,c_a191
A192,ALGHERO,SASSARI,SARDEGNA,090003,c_a192
A193,ALGUA,BERGAMO,LOMBARDIA,016248,c_a193
A194,ALI',MESSINA,SICILIA,083002,c_a194
A195,ALIA,PALERMO,SICILIA,082001,c_a195
A196,ALIANO,MATERA,BASILICATA,077002,c_a196
A197,ALICE BEL COLLE,ALESSANDRIA,PIEMONTE,006005,c_a197
A198,ALICE CASTELLO,VERCELLI,PIEMONTE,002004,C_A198
A200,ALIFE,CASERTA,CAMPANIA,061002,c_a200
A201,ALI' TERME,MESSINA,SICILIA,083003,c_a201
A202,ALIMENA,PALERMO,SICILIA,082002,c_a202
A203,ALIMINUSA,PALERMO,SICILIA,082003,c_a203
A204,ALLAI,ORISTANO,SARDEGNA,095005,c_a204
A205,ALLEIN,AOSTA,VALLE D'AOSTA,007001,c_a205
A206,ALLEGHE,BELLUNO,VENETO,025003,c_a206
A207,ALLERONA,TERNI,UMBRIA,055002,c_a207
A208,ALLISTE,LECCE,PUGLIA,075004,C_A208
A210,ALLUMIERE,ROMA,LAZIO,058004,c_a210
A214,ALME',BERGAMO,LOMBARDIA,016005,c_a214
A215,VILLA D'ALME',BERGAMO,LOMBARDIA,016239,c_a215
A216,ALMENNO SAN BARTOLOMEO,BERGAMO,LOMBARDIA,016006,c_a216
A217,ALMENNO SAN SALVATORE,BERGAMO,LOMBARDIA,016007,c_a217
A218,ALMESE,TORINO,PIEMONTE,001006,c_a218
A220,ALONTE,VICENZA,VENETO,024003,c_a220
A221,ALPETTE,TORINO,PIEMONTE,001007,c_a221
A222,ALPIGNANO,TORINO,PIEMONTE,001008,c_a222
A223,ALSENO,PIACENZA,EMILIA ROMAGNA,033002,c_a223
A224,ALSERIO,COMO,LOMBARDIA,013006,c_a224
A225,ALTAMURA,BARI,PUGLIA,072004,c_a225
A226,ALTARE,SAVONA,LIGURIA,009005,c_a226
A227,ALTAVILLA MONFERRATO,ALESSANDRIA,PIEMONTE,006007,c_a227
A228,ALTAVILLA IRPINA,AVELLINO,CAMPANIA,064002,c_a228
A229,ALTAVILLA MILICIA,PALERMO,SICILIA,082004,c_a229
A230,ALTAVILLA SILENTINA,SALERNO,CAMPANIA,065005,c_a230
A231,ALTAVILLA VICENTINA,VICENZA,VENETO,024004,c_a231
A233,ALTIDONA,FERMO,MARCHE,109001,c_a233
A234,ALTILIA,COSENZA,CALABRIA,078008,c_a234
A235,ALTINO,CHIETI,ABRUZZO,069001,c_a235
A236,ALTISSIMO,VICENZA,VENETO,024005,c_a236
A237,ALTIVOLE,TREVISO,VENETO,026001,c_a237
A238,ALTO,CUNEO,PIEMONTE,004005,c_a238
A239,ALTOFONTE,PALERMO,SICILIA,082005,c_a239
A240,ALTOMONTE,COSENZA,CALABRIA,078009,c_a240
A241,ALTOPASCIO,LUCCA,TOSCANA,046001,c_a241
A242,ALVIANO,TERNI,UMBRIA,055003,c_a242
A243,ALVIGNANO,CASERTA,CAMPANIA,061003,c_a243
A244,ALVITO,FROSINONE,LAZIO,060004,c_a244
A245,ALZANO SCRIVIA,ALESSANDRIA,PIEMONTE,006008,c_a245
A246,ALZANO LOMBARDO,BERGAMO,LOMBARDIA,016008,c_a246
A249,ALZATE BRIANZA,COMO,LOMBARDIA,013007,c_a249
A251,AMALFI,SALERNO,CAMPANIA,065006,C_A251
A252,AMANDOLA,FERMO,MARCHE,109002,c_a252
A253,AMANTEA,COSENZA,CALABRIA,078010,c_a253
A254,AMARO,UDINE,FRIULI VENEZIA GIULIA,030002,c_a254
A255,AMARONI,CATANZARO,CALABRIA,079003,c_a255
A256,AMASENO,FROSINONE,LAZIO,060005,c_a256
A257,AMATO,CATANZARO,CALABRIA,079004,c_a257
A258,AMATRICE,RIETI,LAZIO,057002,c_a258
A259,AMBIVERE,BERGAMO,LOMBARDIA,016009,c_a259
A261,AMEGLIA,LA SPEZIA,LIGURIA,011001,c_a261
A262,AMELIA,TERNI,UMBRIA,055004,c_a262
A263,AMENDOLARA,COSENZA,CALABRIA,078011,c_a263
A264,AMENO,NOVARA,PIEMONTE,003002,c_a264
A265,AMOROSI,BENEVENTO,CAMPANIA,062002,c_a265
A266,CORTINA D'AMPEZZO,BELLUNO,VENETO,025016,c_a266
A267,AMPEZZO,UDINE,FRIULI VENEZIA GIULIA,030003,c_a267
A268,ANACAPRI,NAPOLI,CAMPANIA,063004,c_a268
A269,ANAGNI,FROSINONE,LAZIO,060006,c_a269
A270,ANCARANO,TERAMO,ABRUZZO,067002,c_a270
A271,ANCONA,ANCONA,MARCHE,042002,c_a271
A272,ANDALI,CATANZARO,CALABRIA,079005,c_a272
A273,ANDALO VALTELLINO,SONDRIO,LOMBARDIA,014003,c_a273
A274,ANDALO,TRENTO,TRENTINO ALTO ADIGE,022005,c_a274
A275,ANDEZENO,TORINO,PIEMONTE,001009,c_a275
A278,ANDORA,SAVONA,LIGURIA,009006,c_a278
A280,ANDORNO MICCA,BIELLA,PIEMONTE,096002,c_a280
A281,ANDRANO,LECCE,PUGLIA,075005,c_a281
A282,ANDRATE,TORINO,PIEMONTE,001010,c_a282
A283,ANDREIS,PORDENONE,FRIULI VENEZIA GIULIA,093001,c_a283
A284,ANDRETTA,AVELLINO,CAMPANIA,064003,c_a284
A285,ANDRIA,BARLETTA-ANDRIA-TRANI,PUGLIA,110001,c_a285
A286,ANDRIANO,BOLZANO,TRENTINO ALTO ADIGE,021002,c_a286
A287,ANELA,SASSARI,SARDEGNA,090004,c_a287
A288,ANFO,BRESCIA,LOMBARDIA,017005,c_a288
A290,ANGERA,VARESE,LOMBARDIA,012003,c_a290
A291,ANGHIARI,AREZZO,TOSCANA,051001,c_a291
A292,ANGIARI,VERONA,VENETO,023003,c_a292
A293,ANGOLO TERME,BRESCIA,LOMBARDIA,017006,c_a293
A294,ANGRI,SALERNO,CAMPANIA,065007,c_a294
A295,ANGROGNA,TORINO,PIEMONTE,001011,c_a295
A296,ANGUILLARA VENETA,PADOVA,VENETO,028004,c_a296
A297,ANGUILLARA SABAZIA,ROMA,LAZIO,058005,c_ans
A299,ANNICCO,CREMONA,LOMBARDIA,019003,c_a299
A300,CASTELLO DI ANNONE,ASTI,PIEMONTE,005028,c_a300
A301,ANNONE DI BRIANZA,LECCO,LOMBARDIA,097003,c_a301
A302,ANNONE VENETO,VENEZIA,VENETO,027001,C_A302
A303,ANOIA,REGGIO CALABRIA,CALABRIA,080003,c_a303
A304,ANTEGNATE,BERGAMO,LOMBARDIA,016010,c_a304
A305,ANTEY-SAINT-ANDRE',AOSTA,VALLE D'AOSTA,007002,c_a305
A306,ANTERIVO,BOLZANO,TRENTINO ALTO ADIGE,021003,c_a306
A308,LA MAGDELEINE,AOSTA,VALLE D'AOSTA,007039,c_a308
A309,ANTICOLI CORRADO,ROMA,LAZIO,058006,c_a309
A310,FIUGGI,FROSINONE,LAZIO,060035,c_a310
A312,ANTIGNANO,ASTI,PIEMONTE,005003,c_a312
A313,ANTILLO,MESSINA,SICILIA,083004,c_a313
A314,ANTONIMINA,REGGIO CALABRIA,CALABRIA,080004,c_a314
A315,ANTRODOCO,RIETI,LAZIO,057003,c_a315
A317,ANTRONA SCHIERANCO,VERBANO-CUSIO-OSSOLA,PIEMONTE,103001,c_a317
A318,ANVERSA DEGLI ABRUZZI,AQUILA,ABRUZZO,066004,c_a318
A319,ANZANO DEL PARCO,COMO,LOMBARDIA,013009,c_a319
A320,ANZANO DI PUGLIA,FOGGIA,PUGLIA,071003,c_a320
A321,ANZI,POTENZA,BASILICATA,076004,c_a321
A323,ANZIO,ROMA,LAZIO,058007,c_a323
A324,ANZOLA DELL'EMILIA,BOLOGNA,EMILIA ROMAGNA,037001,c_a324
A325,ANZOLA D'OSSOLA,VERBANO-CUSIO-OSSOLA,PIEMONTE,103002,c_a325
A326,AOSTA,AOSTA,VALLE D'AOSTA,007003,c_a326
A327,APECCHIO,PESARO E URBINO,MARCHE,041002,c_a327
A328,APICE,BENEVENTO,CAMPANIA,062003,c_a328
A329,APIRO,MACERATA,MARCHE,043002,c_a329
A330,APOLLOSA,BENEVENTO,CAMPANIA,062004,c_a330
A332,APPIANO SULLA STRADA DEL VINO,BOLZANO,TRENTINO ALTO ADIGE,021004,c_a332
A333,APPIANO GENTILE,COMO,LOMBARDIA,013010,c_a333
A334,APPIGNANO,MACERATA,MARCHE,043003,c_a334
A335,APPIGNANO DEL TRONTO,ASCOLI PICENO,MARCHE,044005,c_a335
A337,APRICA,SONDRIO,LOMBARDIA,014004,c_a337
A338,APRICALE,IMPERIA,LIGURIA,008002,c_a338
A339,APRICENA,FOGGIA,PUGLIA,071004,c_a339
A340,APRIGLIANO,COSENZA,CALABRIA,078012,c_a340
A341,APRILIA,LATINA,LAZIO,059001,c_a341
A343,AQUARA,SALERNO,CAMPANIA,065008,c_a343
A344,AQUILA D'ARROSCIA,IMPERIA,LIGURIA,008003,c_A344
A345,L'AQUILA,AQUILA,ABRUZZO,066049,c_a345
A346,AQUILEIA,UDINE,FRIULI VENEZIA GIULIA,030004,c_a346
A347,AQUILONIA,AVELLINO,CAMPANIA,064004,c_a347
A348,AQUINO,FROSINONE,LAZIO,060007,c_a348
A350,ARADEO,LECCE,PUGLIA,075006,c_a350
A351,ARAGONA,AGRIGENTO,SICILIA,084003,c_a351
A352,ARAMENGO,ASTI,PIEMONTE,005004,c_a352
A354,ARBA,PORDENONE,FRIULI VENEZIA GIULIA,093002,c_a354
A355,TORTOLI',NUORO,SARDEGNA,091095,c_a355
A357,ARBOREA,ORISTANO,SARDEGNA,095006,c_a357
A358,ARBORIO,VERCELLI,PIEMONTE,002006,c_a358
A359,ARBUS,SUD SARDEGNA,SARDEGNA,111001,c_a359
A360,ARCADE,TREVISO,VENETO,026002,c_a360
A363,ARCE,FROSINONE,LAZIO,060008,c_a363
A365,ARCENE,BERGAMO,LOMBARDIA,016011,c_a365
A366,ARCEVIA,ANCONA,MARCHE,042003,c_a366
A367,ARCHI,CHIETI,ABRUZZO,069002,c_a367
A368,SAN NICOLO' D'ARCIDANO,ORISTANO,SARDEGNA,095046,c_a368
A369,ARCIDOSSO,GROSSETO,TOSCANA,053001,c_a369
A370,ARCINAZZO ROMANO,ROMA,LAZIO,058008,c_a370
A371,ARCISATE,VARESE,LOMBARDIA,012004,c_a371
A372,ARCO,TRENTO,TRENTINO ALTO ADIGE,022006,c_a372
A373,ARCOLA,LA SPEZIA,LIGURIA,011002,c_a373
A374,ARCOLE,VERONA,VENETO,023004,c_a374
A375,ARCONATE,MILANO,LOMBARDIA,015007,c_a375
A376,ARCORE,MONZA E DELLA BRIANZA,LOMBARDIA,108004,c_a376
A377,ARCUGNANO,VICENZA,VENETO,024006,c_a377
A379,ARDARA,SASSARI,SARDEGNA,090005,c_a379
A380,ARDAULI,ORISTANO,SARDEGNA,095007,c_a380
A382,ARDENNO,SONDRIO,LOMBARDIA,014005,c_a382
A383,ARDESIO,BERGAMO,LOMBARDIA,016012,c_a383
A385,ARDORE,REGGIO CALABRIA,CALABRIA,080005,c_a385
A386,ARENA,VIBO VALENTIA,CALABRIA,102002,c_a386
A387,ARENA PO,PAVIA,LOMBARDIA,018005,c_a387
A388,ARENZANO,GENOVA,LIGURIA,010001,c_a388
A389,ARESE,MILANO,LOMBARDIA,015009,c_a389
A390,AREZZO,AREZZO,TOSCANA,051002,c_a390
A391,ARGEGNO,COMO,LOMBARDIA,013011,C_A391
A392,ARGELATO,BOLOGNA,EMILIA ROMAGNA,037002,c_a392
A393,ARGENTA,FERRARA,EMILIA ROMAGNA,038001,c_a393
A394,ARGENTERA,CUNEO,PIEMONTE,004006,c_a394
A396,ARGUELLO,CUNEO,PIEMONTE,004007,c_a396
A397,ARGUSTO,CATANZARO,CALABRIA,079007,c_a397
A398,ARI,CHIETI,ABRUZZO,069003,c_a398
A399,ARIANO IRPINO,AVELLINO,CAMPANIA,064005,c_a399
A400,ARIANO NEL POLESINE,ROVIGO,VENETO,029002,c_a400
A401,ARICCIA,ROMA,LAZIO,058009,c_a401
A402,ARIELLI,CHIETI,ABRUZZO,069004,c_a402
A403,ARIENZO,CASERTA,CAMPANIA,061004,C_A403
A405,ARIGNANO,TORINO,PIEMONTE,001012,c_a405
A407,ARITZO,NUORO,SARDEGNA,091001,c_a407
A409,ARIZZANO,VERBANO-CUSIO-OSSOLA,PIEMONTE,103003,c_a409
A412,ARLENA DI CASTRO,VITERBO,LAZIO,056002,c_a412
A413,ARLUNO,MILANO,LOMBARDIA,015010,c_a413
A414,ARMENO,NOVARA,PIEMONTE,003006,c_a414
A415,ARMENTO,POTENZA,BASILICATA,076005,c_a415
A418,ARMO,IMPERIA,LIGURIA,008004,c_a417
A419,ARMUNGIA,SUD SARDEGNA,SARDEGNA,111002,c_a419
A421,ARNARA,FROSINONE,LAZIO,060009,c_a421
A422,ARNASCO,SAVONA,LIGURIA,009007,c_a422
A424,ARNAD,AOSTA,VALLE D'AOSTA,007004,c_a424
A425,ARNESANO,LECCE,PUGLIA,075007,c_a425
A427,AROLA,VERBANO-CUSIO-OSSOLA,PIEMONTE,103004,c_a427
A429,ARONA,NOVARA,PIEMONTE,003008,c_a429
A430,AROSIO,COMO,LOMBARDIA,013012,c_a430
A431,ARPAIA,BENEVENTO,CAMPANIA,062005,C_A431
A432,ARPAISE,BENEVENTO,CAMPANIA,062006,c_a432
A433,ARPINO,FROSINONE,LAZIO,060010,c_a433
A434,ARQUA' PETRARCA,PADOVA,VENETO,028005,c_a434
A435,ARQUA' POLESINE,ROVIGO,VENETO,029003,c_a435
A436,ARQUATA SCRIVIA,ALESSANDRIA,PIEMONTE,006009,c_a436
A437,ARQUATA DEL TRONTO,ASCOLI PICENO,MARCHE,044006,c_a437
A438,ARRE,PADOVA,VENETO,028006,c_a438
A439,ARRONE,TERNI,UMBRIA,055005,c_a439
A440,ARZAGO D'ADDA,BERGAMO,LOMBARDIA,016013,c_a440
A441,ARSAGO SEPRIO,VARESE,LOMBARDIA,012005,c_a441
A443,ARSIE',BELLUNO,VENETO,025004,c_a443
A444,ARSIERO,VICENZA,VENETO,024007,c_a444
A445,ARSITA,TERAMO,ABRUZZO,067003,c_a445
A446,ARSOLI,ROMA,LAZIO,058010,c_a446
A447,ARTA TERME,UDINE,FRIULI VENEZIA GIULIA,030005,c_a447
A448,ARTEGNA,UDINE,FRIULI VENEZIA GIULIA,030006,c_a448
A449,ARTENA,ROMA,LAZIO,058011,c_a449
A451,ARTOGNE,BRESCIA,LOMBARDIA,017007,C_A451
A452,ARVIER,AOSTA,VALLE D'AOSTA,007005,c_a452
A453,ARZACHENA,SASSARI,SARDEGNA,090006,c_a453
A454,ARZANA,NUORO,SARDEGNA,091002,c_a454
A455,ARZANO,NAPOLI,CAMPANIA,063005,c_a455
A458,ARZERGRANDE,PADOVA,VENETO,028007,c_a458
A459,ARZIGNANO,VICENZA,VENETO,024008,c_a459
A460,ASCEA,SALERNO,CAMPANIA,065009,c_a460
A461,ASCIANO,SIENA,TOSCANA,052002,c_a461
A462,ASCOLI PICENO,ASCOLI PICENO,MARCHE,044007,c_a462
A463,ASCOLI SATRIANO,FOGGIA,PUGLIA,071005,c_a463
A464,ASCREA,RIETI,LAZIO,057004,c_a464
A465,ASIAGO,VICENZA,VENETO,024009,c_a465
A466,ASIGLIANO VERCELLESE,VERCELLI,PIEMONTE,002007,c_a466
A467,ASIGLIANO VENETO,VICENZA,VENETO,024010,c_a467
A468,SINALUNGA,SIENA,TOSCANA,052033,c_a468
A470,ASOLA,MANTOVA,LOMBARDIA,020002,c_a470
A471,ASOLO,TREVISO,VENETO,026003,c_a471
A472,CASPERIA,RIETI,LAZIO,057012,c_a472
A473,ASSAGO,MILANO,LOMBARDIA,015011,c_a473
A474,ASSEMINI,CITTA' METROPOLITANA DI CAGLIARI,SARDEGNA,092003,c_a474
A475,ASSISI,PERUGIA,UMBRIA,054001,c_a475
A476,ASSO,COMO,LOMBARDIA,013013,c_a476
A477,ASSOLO,ORISTANO,SARDEGNA,095008,c_a477
A478,ASSORO,ENNA,SICILIA,086003,c_a478
A479,ASTI,ASTI,PIEMONTE,005005,c_a479
A480,ASUNI,ORISTANO,SARDEGNA,095009,c_a480
A481,ATELETA,AQUILA,ABRUZZO,066005,c_a481
A482,ATELLA,POTENZA,BASILICATA,076006,c_a482
A484,ATENA LUCANA,SALERNO,CAMPANIA,065010,c_a484
A485,ATESSA,CHIETI,ABRUZZO,069005,c_a485
A486,ATINA,FROSINONE,LAZIO,060011,c_a486
A487,ATRANI,SALERNO,CAMPANIA,065011,c_a487
A488,ATRI,TERAMO,ABRUZZO,067004,c_a488
A489,ATRIPALDA,AVELLINO,CAMPANIA,064006,c_a489
A490,ATTIGLIANO,TERNI,UMBRIA,055006,c_a490
A491,ATTIMIS,UDINE,FRIULI VENEZIA GIULIA,030007,c_a491
A492,ATZARA,NUORO,SARDEGNA,091003,c_a492
A494,AUGUSTA,SIRACUSA,SICILIA,089001,c_a494
A495,AULETTA,SALERNO,CAMPANIA,065012,c_a495
A496,AULLA,MASSA-CARRARA,TOSCANA,045001,c_a496
A497,AURANO,VERBANO-CUSIO-OSSOLA,PIEMONTE,103005,c_a497
A499,AURIGO,IMPERIA,LIGURIA,008005,c_a499
A501,AURONZO DI CADORE,BELLUNO,VENETO,025005,c_a501
A502,AUSONIA,FROSINONE,LAZIO,060012,c_a502
A503,AUSTIS,NUORO,SARDEGNA,091004,c_a503
A506,AVEGNO,GENOVA,LIGURIA,010002,c_a506
A507,AVELENGO,BOLZANO,TRENTINO ALTO ADIGE,021005,c_a507
A508,AVELLA,AVELLINO,CAMPANIA,064007,c_a508
A509,AVELLINO,AVELLINO,CAMPANIA,064008,c_a509
A511,AVERARA,BERGAMO,LOMBARDIA,016014,c_a511
A512,AVERSA,CASERTA,CAMPANIA,061005,c_a512
A514,AVETRANA,TARANTO,PUGLIA,073001,c_a514
A515,AVEZZANO,AQUILA,ABRUZZO,066006,c_a515
A516,AVIANO,PORDENONE,FRIULI VENEZIA GIULIA,093004,c_a516
A517,AVIATICO,BERGAMO,LOMBARDIA,016015,c_a517
A518,AVIGLIANA,TORINO,PIEMONTE,001013,c_a518
A519,AVIGLIANO,POTENZA,BASILICATA,076007,c_a519
A520,AVIO,TRENTO,TRENTINO ALTO ADIGE,022007,c_a520
A521,AVISE,AOSTA,VALLE D'AOSTA,007006,c_a521
A522,AVOLA,SIRACUSA,SICILIA,089002,c_a522
A523,AVOLASCA,ALESSANDRIA,PIEMONTE,006010,c_a523
A525,AZEGLIO,TORINO,PIEMONTE,001014,c_a525
A526,AZZANELLO,CREMONA,LOMBARDIA,019004,c_a526
A527,AZZANO D'ASTI,ASTI,PIEMONTE,005006,c_a527
A528,AZZANO SAN PAOLO,BERGAMO,LOMBARDIA,016016,C_A528
A529,AZZANO MELLA,BRESCIA,LOMBARDIA,017008,c_a529
A530,AZZANO DECIMO,PORDENONE,FRIULI VENEZIA GIULIA,093005,c_a530
A531,AZZATE,VARESE,LOMBARDIA,012006,c_a531
A532,AZZIO,VARESE,LOMBARDIA,012007,c_a532
A533,AZZONE,BERGAMO,LOMBARDIA,016017,c_a533
A534,BACENO,VERBANO-CUSIO-OSSOLA,PIEMONTE,103006,c_a534
A535,BACOLI,NAPOLI,CAMPANIA,063006,c_a535
A536,BADALUCCO,IMPERIA,LIGURIA,008006,c_a536
A537,BADIA,BOLZANO,TRENTINO ALTO ADIGE,021006,c_a537
A538,BADIA PAVESE,PAVIA,LOMBARDIA,018006,c_a538
A539,BADIA POLESINE,ROVIGO,VENETO,029004,c_a539
A540,BADIA CALAVENA,VERONA,VENETO,023005,c_a540
A541,BADIA TEDALDA,AREZZO,TOSCANA,051003,c_a541
A542,BADOLATO,CATANZARO,CALABRIA,079008,c_a542
A544,BAGALADI,REGGIO CALABRIA,CALABRIA,080006,c_a544
A546,BAGHERIA,PALERMO,SICILIA,082006,c_a546
A547,BAGNACAVALLO,RAVENNA,EMILIA ROMAGNA,039002,c_a547
A550,BAGNARIA,PAVIA,LOMBARDIA,018007,c_a550
A551,BAGNARA DI ROMAGNA,RAVENNA,EMILIA ROMAGNA,039003,c_a551
A552,BAGNARA CALABRA,REGGIO CALABRIA,CALABRIA,080007,c_a552
A553,BAGNARIA ARSA,UDINE,FRIULI VENEZIA GIULIA,030008,c_a553
A555,BAGNASCO,CUNEO,PIEMONTE,004008,c_a555
A557,BAGNATICA,BERGAMO,LOMBARDIA,016018,c_a557
A560,BAGNI DI LUCCA,LUCCA,TOSCANA,046002,c_a560
A561,MONTECATINI-TERME,PISTOIA,TOSCANA,047011,c_a561
A562,SAN GIULIANO TERME,PISA,TOSCANA,050031,c_a562
A564,BAGNO A RIPOLI,FIRENZE,TOSCANA,048001,c_a564
A565,BAGNO DI ROMAGNA,FORLI,EMILIA ROMAGNA,040001,c_a565
A566,BAGNOLI IRPINO,AVELLINO,CAMPANIA,064009,c_a566
A567,BAGNOLI DEL TRIGNO,ISERNIA,MOLISE,094003,c_a567
A568,BAGNOLI DI SOPRA,PADOVA,VENETO,028008,C_A568
A569,BAGNOLO MELLA,BRESCIA,LOMBARDIA,017009,c_a569
A570,BAGNOLO CREMASCO,CREMONA,LOMBARDIA,019005,c_a570
A571,BAGNOLO PIEMONTE,CUNEO,PIEMONTE,004009,c_a571
A572,BAGNOLO DEL SALENTO,LECCE,PUGLIA,075008,c_a572
A573,BAGNOLO IN PIANO,REGGIO EMILIA,EMILIA ROMAGNA,035002,c_a573
A574,BAGNOLO DI PO,ROVIGO,VENETO,029005,c_a574
A575,BAGNOLO SAN VITO,MANTOVA,LOMBARDIA,020003,c_a575
A576,BAGNONE,MASSA-CARRARA,TOSCANA,045002,c_a576
A577,BAGNOREGIO,VITERBO,LAZIO,056003,c_a577
A578,BAGOLINO,BRESCIA,LOMBARDIA,017010,c_a578
A579,BAIA E LATINA,CASERTA,CAMPANIA,061006,C_A579
A580,BAIANO,AVELLINO,CAMPANIA,064010,c_a580
A581,BAIARDO,IMPERIA,LIGURIA,008007,c_a581
A584,BAIRO,TORINO,PIEMONTE,001015,c_a584
A586,BAISO,REGGIO EMILIA,EMILIA ROMAGNA,035003,c_a586
A587,BALANGERO,TORINO,PIEMONTE,001016,c_a587
A588,BALDICHIERI D'ASTI,ASTI,PIEMONTE,005007,c_a588
A589,BALDISSERO D'ALBA,CUNEO,PIEMONTE,004010,c_a589
A590,BALDISSERO CANAVESE,TORINO,PIEMONTE,001017,c_a590
A591,BALDISSERO TORINESE,TORINO,PIEMONTE,001018,c_a591
A592,BALESTRATE,PALERMO,SICILIA,082007,c_a592
A593,BALESTRINO,SAVONA,LIGURIA,009008,c_a593
A594,BALLABIO,LECCO,LOMBARDIA,097004,c_a594
A597,BALLAO,SUD SARDEGNA,SARDEGNA,111003,c_a597
A599,BALME,TORINO,PIEMONTE,001019,c_a599
A600,BALMUCCIA,VERCELLI,PIEMONTE,002008,c_a600
A601,BALOCCO,VERCELLI,PIEMONTE,002009,c_a601
A603,BALSORANO,AQUILA,ABRUZZO,066007,c_a603
A604,BALVANO,POTENZA,BASILICATA,076008,c_a604
A605,BALZOLA,ALESSANDRIA,PIEMONTE,006011,c_a605
A606,BANARI,SASSARI,SARDEGNA,090007,c_a606
A607,BANCHETTE,TORINO,PIEMONTE,001020,c_a607
A609,VILLA VERDE,ORISTANO,SARDEGNA,095073,c_a609
A610,BANNIO ANZINO,VERBANO-CUSIO-OSSOLA,PIEMONTE,103007,c_a610
A612,BANZI,POTENZA,BASILICATA,076009,c_a612
A613,BAONE,PADOVA,VENETO,028009,c_a613
A614,BARADILI,ORISTANO,SARDEGNA,095010,c_a614
A615,BARAGIANO,POTENZA,BASILICATA,076010,c_a615
A616,BARANELLO,CAMPOBASSO,MOLISE,070002,c_a616
A617,BARANO D'ISCHIA,NAPOLI,CAMPANIA,063007,c_a617
A618,BARANZATE,MILANO,LOMBARDIA,015250,c_a618
A619,BARASSO,VARESE,LOMBARDIA,012008,c_a619
A621,BARATILI SAN PIETRO,ORISTANO,SARDEGNA,095011,c_a621
A625,BARBANIA,TORINO,PIEMONTE,001021,c_a625
A626,BARBARA,ANCONA,MARCHE,042004,c_a626
A628,BARBARANO ROMANO,VITERBO,LAZIO,056004,c_a628
A629,BARBARESCO,CUNEO,PIEMONTE,004011,c_a629
A630,BARBARIGA,BRESCIA,LOMBARDIA,017011,c_a630
A631,BARBATA,BERGAMO,LOMBARDIA,016019,c_a631
A632,BARBERINO DI MUGELLO,FIRENZE,TOSCANA,048002,c_a632
A634,BARBIANELLO,PAVIA,LOMBARDIA,018008,c_a634
A635,BARBIANO,BOLZANO,TRENTINO ALTO ADIGE,021007,c_a635
A637,BARBONA,PADOVA,VENETO,028010,c_a637
A638,BARCELLONA POZZO DI GOTTO,MESSINA,SICILIA,083005,c_a638
A640,BARCIS,PORDENONE,FRIULI VENEZIA GIULIA,093006,c_a640
A643,BARD,AOSTA,VALLE D'AOSTA,007009,c_a643
A646,BARDI,PARMA,EMILIA ROMAGNA,034002,c_a646
A647,BARDINETO,SAVONA,LIGURIA,009009,c_a647
A650,BARDOLINO,VERONA,VENETO,023006,c_a650
A651,BARDONECCHIA,TORINO,PIEMONTE,001022,c_a651
A652,BAREGGIO,MILANO,LOMBARDIA,015012,c_a652
A653,BARENGO,NOVARA,PIEMONTE,003012,c_a653
A655,BARESSA,ORISTANO,SARDEGNA,095012,c_a655
A656,BARETE,AQUILA,ABRUZZO,066008,c_a656
A657,BARGA,LUCCA,TOSCANA,046003,c_a657
A658,BARGAGLI,GENOVA,LIGURIA,010003,c_a658
A660,BARGE,CUNEO,PIEMONTE,004012,c_a660
A661,BARGHE,BRESCIA,LOMBARDIA,017012,c_a661
A662,BARI,BARI,PUGLIA,072006,c_a662
A663,BARI SARDO,NUORO,SARDEGNA,091005,c_a663
A664,BARIANO,BERGAMO,LOMBARDIA,016020,c_a664
A665,BARICELLA,BOLOGNA,EMILIA ROMAGNA,037003,c_a665
A666,BARILE,POTENZA,BASILICATA,076011,c_a666
A667,BARISCIANO,AQUILA,ABRUZZO,066009,c_a667
A668,BARLASSINA,MONZA E DELLA BRIANZA,LOMBARDIA,108005,c_a668
A669,BARLETTA,BARLETTA-ANDRIA-TRANI,PUGLIA,110002,c_a669
A670,BARNI,COMO,LOMBARDIA,013015,c_a670
A671,BAROLO,CUNEO,PIEMONTE,004013,c_a671
A673,BARONE CANAVESE,TORINO,PIEMONTE,001023,c_a673
A674,BARONISSI,SALERNO,CAMPANIA,065013,c_a674
A676,BARRAFRANCA,ENNA,SICILIA,086004,c_a676
A677,BARRALI,SUD SARDEGNA,SARDEGNA,111004,c_a677
A678,BARREA,AQUILA,ABRUZZO,066010,c_a678
A681,BARUMINI,SUD SARDEGNA,SARDEGNA,111005,c_a681
A683,BARZAGO,LECCO,LOMBARDIA,097005,c_a683
A684,BARZANA,BERGAMO,LOMBARDIA,016021,c_a684
A686,BARZANO',LECCO,LOMBARDIA,097006,c_a686
A687,BARZIO,LECCO,LOMBARDIA,097007,c_a687
A689,BASALUZZO,ALESSANDRIA,PIEMONTE,006012,c_a689
A690,BASCAPE',PAVIA,LOMBARDIA,018009,A690_bpe
A691,BASCHI,TERNI,UMBRIA,055007,c_a691
A692,BASCIANO,TERAMO,ABRUZZO,067005,c_a692
A694,BASELGA DI PINE',TRENTO,TRENTINO ALTO ADIGE,022009,c_a694
A696,BASELICE,BENEVENTO,CAMPANIA,062007,c_a696
A697,BASIANO,MILANO,LOMBARDIA,015014,c_a697
A698,BASICO',MESSINA,SICILIA,083006,c_a698
A699,BASIGLIO,MILANO,LOMBARDIA,015015,c_a699
A700,BASILIANO,UDINE,FRIULI VENEZIA GIULIA,030009,c_a700
A701,VASANELLO,VITERBO,LAZIO,056055,C_A701
A702,BASSANO BRESCIANO,BRESCIA,LOMBARDIA,017013,c_a702
A703,BASSANO DEL GRAPPA,VICENZA,VENETO,024012,C_A703
A704,BASSANO ROMANO,VITERBO,LAZIO,056005,c_a704
A705,TRONZANO LAGO MAGGIORE,VARESE,LOMBARDIA,012129,c_a705
A706,BASSANO IN TEVERINA,VITERBO,LAZIO,056006,c_a706
A707,BASSIANO,LATINA,LAZIO,059002,c_a707
A708,BASSIGNANA,ALESSANDRIA,PIEMONTE,006013,c_a708
A709,BASTIA MONDOVI',CUNEO,PIEMONTE,004014,c_a709
A710,BASTIA UMBRA,PERUGIA,UMBRIA,054002,c_a710
A712,BASTIDA PANCARANA,PAVIA,LOMBARDIA,018011,c_a712
A713,BASTIGLIA,MODENA,EMILIA ROMAGNA,036001,c_a713
A714,BATTAGLIA TERME,PADOVA,VENETO,028011,c_a714
A716,BATTIFOLLO,CUNEO,PIEMONTE,004015,c_a716
A717,BATTIPAGLIA,SALERNO,CAMPANIA,065014,c_a717
A718,BATTUDA,PAVIA,LOMBARDIA,018012,c_a718
A719,BAUCINA,PALERMO,SICILIA,082008,c_a719
A720,BOVILLE ERNICA,FROSINONE,LAZIO,060014,c_a720
A721,BAULADU,ORISTANO,SARDEGNA,095013,c_a721
A722,BAUNEI,NUORO,SARDEGNA,091006,c_a722
A725,BAVENO,VERBANO-CUSIO-OSSOLA,PIEMONTE,103008,c_a725
A728,BEDERO VALCUVIA,VARESE,LOMBARDIA,012010,c_elui
A729,BEDIZZOLE,BRESCIA,LOMBARDIA,017014,c_a729
A730,BEDOLLO,TRENTO,TRENTINO ALTO ADIGE,022011,c_a730
A731,BEDONIA,PARMA,EMILIA ROMAGNA,034003,c_a731
A732,BEDULITA,BERGAMO,LOMBARDIA,016022,c_a732
A733,BEE,VERBANO-CUSIO-OSSOLA,PIEMONTE,103009,c_a733
A734,BEINASCO,TORINO,PIEMONTE,001024,c_a734
A735,BEINETTE,CUNEO,PIEMONTE,004016,c_a735
A736,BELCASTRO,CATANZARO,CALABRIA,079009,c_a736
A737,BELFIORE,VERONA,VENETO,023007,c_a737
A738,BELFORTE MONFERRATO,ALESSANDRIA,PIEMONTE,006014,c_a738
A739,BELFORTE DEL CHIENTI,MACERATA,MARCHE,043004,c_a739
A740,BELFORTE ALL'ISAURO,PESARO E URBINO,MARCHE,041005,c_a740
A741,BELGIOIOSO,PAVIA,LOMBARDIA,018013,c_a741
A742,BELGIRATE,VERBANO-CUSIO-OSSOLA,PIEMONTE,103010,c_a742
A743,BELLA,POTENZA,BASILICATA,076012,c_a743
A745,BELLANO,LECCO,LOMBARDIA,097008,c_a745
A746,BELLANTE,TERAMO,ABRUZZO,067006,c_a746
A747,BELLARIA-IGEA MARINA,RIMINI,EMILIA ROMAGNA,099001,c_a747
A749,BELLEGRA,ROMA,LAZIO,058012,c_a749
A750,BELLINO,CUNEO,PIEMONTE,004017,c_a750
A751,BELLINZAGO LOMBARDO,MILANO,LOMBARDIA,015016,c_a751
A752,BELLINZAGO NOVARESE,NOVARA,PIEMONTE,003016,c_a752
A755,BELLONA,CASERTA,CAMPANIA,061007,c_a755
A756,BELLOSGUARDO,SALERNO,CAMPANIA,065015,c_a756
A757,BELLUNO,BELLUNO,VENETO,025006,c_a757
A759,BELLUSCO,MONZA E DELLA BRIANZA,LOMBARDIA,108006,c_a759
A760,BELMONTE PICENO,FERMO,MARCHE,109003,c_a760
A761,BELMONTE DEL SANNIO,ISERNIA,MOLISE,094004,c_a761
A762,BELMONTE CALABRO,COSENZA,CALABRIA,078013,c_a762
A763,BELMONTE CASTELLO,FROSINONE,LAZIO,060013,c_a763
A764,BELMONTE MEZZAGNO,PALERMO,SICILIA,082009,c_a764
A765,BELMONTE IN SABINA,RIETI,LAZIO,057005,c_a765
A766,BELPASSO,CATANIA,SICILIA,087007,c_a766
A768,BELSITO,COSENZA,CALABRIA,078014,c_a768
A769,BELVEDERE OSTRENSE,ANCONA,MARCHE,042005,c_a769
A770,BELVEGLIO,ASTI,PIEMONTE,005008,c_a770
A771,LIZZANO IN BELVEDERE,BOLOGNA,EMILIA ROMAGNA,037033,c_a771
A772,BELVEDERE DI SPINELLO,CROTONE,CALABRIA,101001,c_a772
A773,BELVEDERE MARITTIMO,COSENZA,CALABRIA,078015,c_a773
A774,BELVEDERE LANGHE,CUNEO,PIEMONTE,004018,c_a774
A776,BELVI',NUORO,SARDEGNA,091007,c_A776
A777,BEMA,SONDRIO,LOMBARDIA,014006,c_a777
A778,BENE LARIO,COMO,LOMBARDIA,013021,c_a778
A779,BENE VAGIENNA,CUNEO,PIEMONTE,004019,c_a779
A780,BENESTARE,REGGIO CALABRIA,CALABRIA,080008,c_a780
A781,BENETUTTI,SASSARI,SARDEGNA,090008,c_a781
A782,BENEVELLO,CUNEO,PIEMONTE,004020,c_a782
A783,BENEVENTO,BENEVENTO,CAMPANIA,062008,c_a783
A784,BENNA,BIELLA,PIEMONTE,096003,c_a784
A785,BENTIVOGLIO,BOLOGNA,EMILIA ROMAGNA,037005,c_a785
A786,BERBENNO,BERGAMO,LOMBARDIA,016023,c_a786
A787,BERBENNO DI VALTELLINA,SONDRIO,LOMBARDIA,014007,c_a787
A788,BERCETO,PARMA,EMILIA ROMAGNA,034004,c_a788
A789,BERCHIDDA,SASSARI,SARDEGNA,090009,c_a789
A791,BEREGAZZO CON FIGLIARO,COMO,LOMBARDIA,013022,c_a791
A792,BEREGUARDO,PAVIA,LOMBARDIA,018014,c_a792
A793,BERGAMASCO,ALESSANDRIA,PIEMONTE,006015,c_a793
A794,BERGAMO,BERGAMO,LOMBARDIA,016024,c_a794
A795,BERGANTINO,ROVIGO,VENETO,029006,c_a795
A796,BERGEGGI,SAVONA,LIGURIA,009010,c_a796
A798,BERGOLO,CUNEO,PIEMONTE,004021,c_a798
A799,BERLINGO,BRESCIA,LOMBARDIA,017015,c_a799
A801,BERNALDA,MATERA,BASILICATA,077003,c_a801
A802,BERNAREGGIO,MONZA E DELLA BRIANZA,LOMBARDIA,108007,c_a802
A804,BERNATE TICINO,MILANO,LOMBARDIA,015019,c_a804
A805,BERNEZZO,CUNEO,PIEMONTE,004022,c_a805
A809,BERTINORO,FORLI,EMILIA ROMAGNA,040003,c_a809
A810,BERTIOLO,UDINE,FRIULI VENEZIA GIULIA,030010,c_a810
A811,BERTONICO,LODI,LOMBARDIA,098002,c_a811
A812,BERZANO DI SAN PIETRO,ASTI,PIEMONTE,005009,c_a812
A813,BERZANO DI TORTONA,ALESSANDRIA,PIEMONTE,006016,c_a813
A815,BERZO SAN FERMO,BERGAMO,LOMBARDIA,016025,c_a815
A816,BERZO DEMO,BRESCIA,LOMBARDIA,017016,c_a816
A817,BERZO INFERIORE,BRESCIA,LOMBARDIA,017017,c_a817
A818,BESANA IN BRIANZA,MONZA E DELLA BRIANZA,LOMBARDIA,108008,c_a818
A819,BESANO,VARESE,LOMBARDIA,012011,c_a819
A820,BESATE,MILANO,LOMBARDIA,015022,c_a820
A821,BESENELLO,TRENTO,TRENTINO ALTO ADIGE,022013,c_a821
A823,BESENZONE,PIACENZA,EMILIA ROMAGNA,033003,c_a823
A825,BESNATE,VARESE,LOMBARDIA,012012,c_a825
A826,BESOZZO,VARESE,LOMBARDIA,012013,c_a826
A827,BESSUDE,SASSARI,SARDEGNA,090010,c_a827
A831,BETTOLA,PIACENZA,EMILIA ROMAGNA,033004,c_a831
A832,BETTONA,PERUGIA,UMBRIA,054003,c_a832
A834,BEURA-CARDEZZA,VERBANO-CUSIO-OSSOLA,PIEMONTE,103011,c_a834
A835,BEVAGNA,PERUGIA,UMBRIA,054004,c_a835
A836,BEVERINO,LA SPEZIA,LIGURIA,011003,c_a836
A837,BEVILACQUA,VERONA,VENETO,023008,c_a837
A841,BIANCAVILLA,CATANIA,SICILIA,087008,c_a841
A842,BIANCHI,COSENZA,CALABRIA,078016,c_a842
A843,BIANCO,REGGIO CALABRIA,CALABRIA,080009,c_a843
A844,BIANDRATE,NOVARA,PIEMONTE,003018,c_a844
A845,BIANDRONNO,VARESE,LOMBARDIA,012014,c_a845
A846,BIANZANO,BERGAMO,LOMBARDIA,016026,c_a846
A847,BIANZE',VERCELLI,PIEMONTE,002011,c_a847
A848,BIANZONE,SONDRIO,LOMBARDIA,014008,c_a848
A849,BIASSONO,MONZA E DELLA BRIANZA,LOMBARDIA,108009,c_a849
A850,BIBBIANO,REGGIO EMILIA,EMILIA ROMAGNA,035004,c_a850
A851,BIBBIENA,AREZZO,TOSCANA,051004,c_a851
A852,BIBBONA,LIVORNO,TOSCANA,049001,c_a852
A853,BIBIANA,TORINO,PIEMONTE,001025,c_a853
A854,BICCARI,FOGGIA,PUGLIA,071006,c_a854
A855,BICINICCO,UDINE,FRIULI VENEZIA GIULIA,030011,c_a855
A856,BIDONI',ORISTANO,SARDEGNA,095014,c_a856
A857,BLERA,VITERBO,LAZIO,056007,c_a857
A859,BIELLA,BIELLA,PIEMONTE,096004,c_a859
A861,BIENNO,BRESCIA,LOMBARDIA,017018,C_A861
A863,BIENO,TRENTO,TRENTINO ALTO ADIGE,022015,c_a863
A864,BIENTINA,PISA,TOSCANA,050001,c_a864
A870,BINAGO,COMO,LOMBARDIA,013023,c_a870
A872,BINASCO,MILANO,LOMBARDIA,015024,C_A872
A874,BINETTO,BARI,PUGLIA,072008,c_a874
A876,BIOGLIO,BIELLA,PIEMONTE,096005,c_a876
A877,BIONAZ,AOSTA,VALLE D'AOSTA,007010,c_a877
A878,BIONE,BRESCIA,LOMBARDIA,017019,c_a878
A880,BIRORI,NUORO,SARDEGNA,091008,c_a880
A881,BISACCIA,AVELLINO,CAMPANIA,064011,c_a881
A882,BISACQUINO,PALERMO,SICILIA,082010,c_a882
A883,BISCEGLIE,BARLETTA-ANDRIA-TRANI,PUGLIA,110003,c_a883
A884,BISEGNA,AQUILA,ABRUZZO,066011,c_a884
A885,BISENTI,TERAMO,ABRUZZO,067007,c_a885
A887,BISIGNANO,COSENZA,CALABRIA,078017,c_a887
A889,BISTAGNO,ALESSANDRIA,PIEMONTE,006017,c_a889
A891,BISUSCHIO,VARESE,LOMBARDIA,012015,c_a891
A892,BITETTO,BARI,PUGLIA,072010,c_a892
A893,BITONTO,BARI,PUGLIA,072011,c_a893
A894,BITRITTO,BARI,PUGLIA,072012,c_a894
A895,BITTI,NUORO,SARDEGNA,091009,c_a895
A896,BIVONA,AGRIGENTO,SICILIA,084004,c_a896
A897,BIVONGI,REGGIO CALABRIA,CALABRIA,080010,c_a897
A898,BIZZARONE,COMO,LOMBARDIA,013024,c_a898
A902,BLEGGIO SUPERIORE,TRENTO,TRENTINO ALTO ADIGE,022017,c_a902
A903,BLELLO,BERGAMO,LOMBARDIA,016027,c_a903
A904,BLESSAGNO,COMO,LOMBARDIA,013025,c_a904
A905,BLEVIO,COMO,LOMBARDIA,013026,c_a905
A906,BOARA PISANI,PADOVA,VENETO,028012,c_a906
A909,BOBBIO,PIACENZA,EMILIA ROMAGNA,033005,c_a909
A910,BOBBIO PELLICE,TORINO,PIEMONTE,001026,c_a910
A911,BOCA,NOVARA,PIEMONTE,003019,c_a911
A912,BOCCHIGLIERO,COSENZA,CALABRIA,078018,c_a912
A914,BOCCIOLETO,VERCELLI,PIEMONTE,002014,c_a914
A916,BOCENAGO,TRENTO,TRENTINO ALTO ADIGE,022018,c_a916
A918,BODIO LOMNAGO,VARESE,LOMBARDIA,012016,c_a918
A919,BOFFALORA D'ADDA,LODI,LOMBARDIA,098003,c_a919
A920,BOFFALORA SOPRA TICINO,MILANO,LOMBARDIA,015026,c_a920
A922,BOGLIASCO,GENOVA,LIGURIA,010004,c_a922
A925,BOGNANCO,VERBANO-CUSIO-OSSOLA,PIEMONTE,103012,c_a925
A929,BOGOGNO,NOVARA,PIEMONTE,003021,c_a929
A930,BOJANO,CAMPOBASSO,MOLISE,070003,c_a930
A931,BOISSANO,SAVONA,LIGURIA,009011,c_a931
A932,BOLANO,LA SPEZIA,LIGURIA,011004,c_a932
A937,BOLGARE,BERGAMO,LOMBARDIA,016028,c_a937
A940,BOLLATE,MILANO,LOMBARDIA,015027,c_a940
A941,BOLLENGO,TORINO,PIEMONTE,001027,c_a941
A942,NOVA SIRI,MATERA,BASILICATA,077018,c_a942
A944,BOLOGNA,BOLOGNA,EMILIA ROMAGNA,037006,c_a944
A945,BOLOGNANO,PESCARA,ABRUZZO,068003,c_a945
A946,BOLOGNETTA,PALERMO,SICILIA,082011,c_a946
A947,BOLOGNOLA,MACERATA,MARCHE,043005,c_a947
A948,BOLOTANA,NUORO,SARDEGNA,091010,c_a948
A949,BOLSENA,VITERBO,LAZIO,056008,c_a949
A950,BOLTIERE,BERGAMO,LOMBARDIA,016029,c_a950
A952,BOLZANO,BOLZANO,TRENTINO ALTO ADIGE,021008,c_a952
A953,BOLZANO NOVARESE,NOVARA,PIEMONTE,003022,c_a953
A954,BOLZANO VICENTINO,VICENZA,VENETO,024013,c_a954
A955,BOMARZO,VITERBO,LAZIO,056009,c_a955
A956,BOMBA,CHIETI,ABRUZZO,069006,c_a956
A957,BOMPENSIERE,CALTANISSETTA,SICILIA,085002,c_a957
A958,BOMPIETRO,PALERMO,SICILIA,082012,c_a958
A959,BOMPORTO,MODENA,EMILIA ROMAGNA,036002,c_a959
A960,BONARCADO,ORISTANO,SARDEGNA,095015,c_a960
A961,BONASSOLA,LA SPEZIA,LIGURIA,011005,c_a961
A962,BONATE SOTTO,BERGAMO,LOMBARDIA,016031,c_a962
A963,BONATE SOPRA,BERGAMO,LOMBARDIA,016030,c_a963
A964,BONAVIGO,VERONA,VENETO,023009,c_a964
A965,BONDENO,FERRARA,EMILIA ROMAGNA,038003,c_a965
A968,BONDONE,TRENTO,TRENTINO ALTO ADIGE,022021,c_a968
A970,BONEA,BENEVENTO,CAMPANIA,062009,c_a970
A971,BONEFRO,CAMPOBASSO,MOLISE,070004,c_a971
A972,BONEMERSE,CREMONA,LOMBARDIA,019006,c_a972
A973,BONIFATI,COSENZA,CALABRIA,078019,c_a973
A975,BONITO,AVELLINO,CAMPANIA,064012,c_a975
A976,BONNANARO,SASSARI,SARDEGNA,090011,c_a976
A977,BONO,SASSARI,SARDEGNA,090012,c_a977
A978,BONORVA,SASSARI,SARDEGNA,090013,c_a978
A979,BONVICINO,CUNEO,PIEMONTE,004023,c_a979
A981,BORBONA,RIETI,LAZIO,057006,c_a981
A982,BORCA DI CADORE,BELLUNO,VENETO,025007,c_a982
A983,BORDANO,UDINE,FRIULI VENEZIA GIULIA,030012,c_a983
A984,BORDIGHERA,IMPERIA,LIGURIA,008008,c_a984
A986,BORDOLANO,CREMONA,LOMBARDIA,019007,c_a986
A987,BORE,PARMA,EMILIA ROMAGNA,034005,c_a987
A988,BORETTO,REGGIO EMILIA,EMILIA ROMAGNA,035005,c_a988
A989,BORGARELLO,PAVIA,LOMBARDIA,018015,c_a989
A990,BORGARO TORINESE,TORINO,PIEMONTE,001028,c_a990
A991,BORGETTO,PALERMO,SICILIA,082013,c_a991
A992,BORGHETTO DI VARA,LA SPEZIA,LIGURIA,011006,c_a992
A993,BORGHETTO D'ARROSCIA,IMPERIA,LIGURIA,008009,c_a993
A995,BORGHETTO LODIGIANO,LODI,LOMBARDIA,098004,c_a995
A996,BORGO VELINO,RIETI,LAZIO,057008,c_a996
A998,BORGHETTO DI BORBERA,ALESSANDRIA,PIEMONTE,006018,c_a998
A999,BORGHETTO SANTO SPIRITO,SAVONA,LIGURIA,009012,c_a999
B001,BORGHI,FORLI,EMILIA ROMAGNA,040004,c_b001
B002,BORGIA,CATANZARO,CALABRIA,079011,c_b002
B003,BORGIALLO,TORINO,PIEMONTE,001029,c_b003
B005,BORGIO VEREZZI,SAVONA,LIGURIA,009013,c_b005
B006,BORGO VALSUGANA,TRENTO,TRENTINO ALTO ADIGE,022022,c_b006
B007,BORGO A MOZZANO,LUCCA,TOSCANA,046004,c_b007
B008,BORGOROSE,RIETI,LAZIO,057007,c_b008
B009,BORGO D'ALE,VERCELLI,PIEMONTE,002015,c_b009
B010,BORGO DI TERZO,BERGAMO,LOMBARDIA,016032,c_b010
B012,MOTTEGGIANA,MANTOVA,LOMBARDIA,020037,C_B012
B014,SUARDI,PAVIA,LOMBARDIA,018154,c_b014
B015,BORGOFRANCO D'IVREA,TORINO,PIEMONTE,001030,c_b015
B016,BORGOLAVEZZARO,NOVARA,PIEMONTE,003023,c_b016
B017,BORGO SAN GIOVANNI,LODI,LOMBARDIA,098005,c_b017
B018,BORGOMALE,CUNEO,PIEMONTE,004024,c_b018
B019,BORGOMANERO,NOVARA,PIEMONTE,003024,c_b019
B020,BORGOMARO,IMPERIA,LIGURIA,008010,c_b020
B021,BORGOMASINO,TORINO,PIEMONTE,001031,c_b021
B024,BORGONE SUSA,TORINO,PIEMONTE,001032,c_b024
B025,BORGONOVO VAL TIDONE,PIACENZA,EMILIA ROMAGNA,033006,c_b025
B026,BORGO PACE,PESARO E URBINO,MARCHE,041006,c_b026
B028,BORGO PRIOLO,PAVIA,LOMBARDIA,018016,c_b028
B029,BORGORATTO ALESSANDRINO,ALESSANDRIA,PIEMONTE,006019,c_b029
B030,BORGORATTO MORMOROLO,PAVIA,LOMBARDIA,018017,c_b030
B031,BORGORICCO,PADOVA,VENETO,028013,c_b031
B033,BORGO SAN DALMAZZO,CUNEO,PIEMONTE,004025,c_b033
B034,FIDENZA,PARMA,EMILIA ROMAGNA,034014,c_b034
B035,BORGO SAN GIACOMO,BRESCIA,LOMBARDIA,017020,c_b035
B036,BORGO SAN LORENZO,FIRENZE,TOSCANA,048004,c_b036
B037,BORGO SAN MARTINO,ALESSANDRIA,PIEMONTE,006020,c_b037
B038,BORGO SAN SIRO,PAVIA,LOMBARDIA,018018,c_b038
B040,BORGOSATOLLO,BRESCIA,LOMBARDIA,017021,c_b040
B041,BORGOSESIA,VERCELLI,PIEMONTE,002016,c_b041
B042,BORGO VAL DI TARO,PARMA,EMILIA ROMAGNA,034006,c_b042
B043,BORGO TICINO,NOVARA,PIEMONTE,003025,c_b043
B044,BORGO TOSSIGNANO,BOLOGNA,EMILIA ROMAGNA,037007,c_b044
B046,BORGO VERCELLI,VERCELLI,PIEMONTE,002017,c_b046
B048,BORMIDA,SAVONA,LIGURIA,009014,c_b048
B049,BORMIO,SONDRIO,LOMBARDIA,014009,c_b089
B051,BORNASCO,PAVIA,LOMBARDIA,018019,c_b051
B054,BORNO,BRESCIA,LOMBARDIA,017022,c_b054
B055,BORONEDDU,ORISTANO,SARDEGNA,095016,c_b055
B056,BORORE,NUORO,SARDEGNA,091011,c_b056
B057,BORRELLO,CHIETI,ABRUZZO,069007,c_b057
B058,BORRIANA,BIELLA,PIEMONTE,096006,c_b058
B061,BORSO DEL GRAPPA,TREVISO,VENETO,026004,c_b061
B062,BORTIGALI,NUORO,SARDEGNA,091012,c_b062
B063,BORTIGIADAS,SASSARI,SARDEGNA,090014,c_b063
B064,BORUTTA,SASSARI,SARDEGNA,090015,c_b064
B067,BORZONASCA,GENOVA,LIGURIA,010005,c_b067
B068,BOSA,ORISTANO,SARDEGNA,095079,c_b068
B069,BOSARO,ROVIGO,VENETO,029007,c_b069
B070,BOSCHI SANT'ANNA,VERONA,VENETO,023010,c_b070
B071,BOSCO MARENGO,ALESSANDRIA,PIEMONTE,006021,c_b071
B073,BOSCO CHIESANUOVA,VERONA,VENETO,023011,c_b073
B075,BOSCONERO,TORINO,PIEMONTE,001033,c_b075
B076,BOSCOREALE,NAPOLI,CAMPANIA,063008,c_b076
B077,BOSCOTRECASE,NAPOLI,CAMPANIA,063009,c_b077
B079,BOSIA,CUNEO,PIEMONTE,004026,c_b079
B080,BOSIO,ALESSANDRIA,PIEMONTE,006022,c_b080
B081,BOSISIO PARINI,LECCO,LOMBARDIA,097009,c_b081
B082,BOSNASCO,PAVIA,LOMBARDIA,018020,c_b082
B083,BOSSICO,BERGAMO,LOMBARDIA,016033,c_b083
B084,BOSSOLASCO,CUNEO,PIEMONTE,004027,c_b084
B085,BOTRICELLO,CATANZARO,CALABRIA,079012,c_b085
B086,BOTRUGNO,LECCE,PUGLIA,075009,c_b086
B088,BOTTANUCO,BERGAMO,LOMBARDIA,016034,c_b088
B091,BOTTICINO,BRESCIA,LOMBARDIA,017023,c_b091
B094,BOTTIDDA,SASSARI,SARDEGNA,090016,c_B094
B097,BOVA,REGGIO CALABRIA,CALABRIA,080011,c_b097
B098,BOVALINO,REGGIO CALABRIA,CALABRIA,080012,c_b098
B099,BOVA MARINA,REGGIO CALABRIA,CALABRIA,080013,c_b099
B100,BOVEGNO,BRESCIA,LOMBARDIA,017024,c_b100
B101,BOVES,CUNEO,PIEMONTE,004028,c_b101
B102,BOVEZZO,BRESCIA,LOMBARDIA,017025,c_b102
B104,BOVINO,FOGGIA,PUGLIA,071007,c_b104
B105,BOVISIO-MASCIAGO,MONZA E DELLA BRIANZA,LOMBARDIA,108010,c_b105
B106,BOVOLENTA,PADOVA,VENETO,028014,c_b106
B107,BOVOLONE,VERONA,VENETO,023012,c_b107
B109,BOZZOLE,ALESSANDRIA,PIEMONTE,006023,c_b109
B110,BOZZOLO,MANTOVA,LOMBARDIA,020007,c_b110
B111,BRA,CUNEO,PIEMONTE,004029,c_b111
B112,BRACCA,BERGAMO,LOMBARDIA,016035,c_b112
B114,BRACCIANO,ROMA,LAZIO,058013,c_b114
B115,BRACIGLIANO,SALERNO,CAMPANIA,065016,c_b115
B116,BRAIES,BOLZANO,TRENTINO ALTO ADIGE,021009,c_9gbx
B117,BRALLO DI PREGOLA,PAVIA,LOMBARDIA,018021,c_b117
B118,BRANCALEONE,REGGIO CALABRIA,CALABRIA,080014,c_b118
B120,BRANDICO,BRESCIA,LOMBARDIA,017026,c_b120
B121,BRANDIZZO,TORINO,PIEMONTE,001034,c_b121
B123,BRANZI,BERGAMO,LOMBARDIA,016036,c_b123
B124,BRAONE,BRESCIA,LOMBARDIA,017027,c_b124
B126,BREBBIA,VARESE,LOMBARDIA,012017,c_b126
B128,BREDA DI PIAVE,TREVISO,VENETO,026005,c_b128
B129,CASTELVERDE,CREMONA,LOMBARDIA,019026,c_b129
B132,BREGANZE,VICENZA,VENETO,024014,c_b132
B134,BREGNANO,COMO,LOMBARDIA,013028,c_b134
B137,BREMBATE,BERGAMO,LOMBARDIA,016037,c_b137
B138,BREMBATE DI SOPRA,BERGAMO,LOMBARDIA,016038,c_b138
B141,BREMBIO,LODI,LOMBARDIA,098006,c_b141
B142,BREME,PAVIA,LOMBARDIA,018022,c_b142
B143,BRENDOLA,VICENZA,VENETO,024015,c_b143
B144,BRENNA,COMO,LOMBARDIA,013029,c_b144
B145,BRENNERO,BOLZANO,TRENTINO ALTO ADIGE,021010,c_b145
B149,BRENO,BRESCIA,LOMBARDIA,017028,c_b149
B150,BRENTA,VARESE,LOMBARDIA,012019,c_b150
B152,BRENTINO BELLUNO,VERONA,VENETO,023013,c_b152
B153,BRENTONICO,TRENTO,TRENTINO ALTO ADIGE,022025,c_b153
B154,BRENZONE SUL GARDA,VERONA,VENETO,023014,c_b154
B156,BRESCELLO,REGGIO EMILIA,EMILIA ROMAGNA,035006,c_b156
B157,BRESCIA,BRESCIA,LOMBARDIA,017029,c_b157
B158,BRESIMO,TRENTO,TRENTINO ALTO ADIGE,022026,c_b158
B159,BRESSANA BOTTARONE,PAVIA,LOMBARDIA,018023,c_b159
B160,BRESSANONE,BOLZANO,TRENTINO ALTO ADIGE,021011,c_b160
B161,BRESSANVIDO,VICENZA,VENETO,024016,c_b161
B162,BRESSO,MILANO,LOMBARDIA,015032,c_b162
B166,BREZZO DI BEDERO,VARESE,LOMBARDIA,012020,c_b166
B167,BRIAGLIA,CUNEO,PIEMONTE,004030,c_b167
B169,BRIATICO,VIBO VALENTIA,CALABRIA,102003,c_b169
B171,BRICHERASIO,TORINO,PIEMONTE,001035,c_b171
B172,BRIENNO,COMO,LOMBARDIA,013030,C_B172
B173,BRIENZA,POTENZA,BASILICATA,076013,c_b173
B175,BRIGA ALTA,CUNEO,PIEMONTE,004031,c_b175
B176,BRIGA NOVARESE,NOVARA,PIEMONTE,003026,c_b176
B178,BRIGNANO GERA D'ADDA,BERGAMO,LOMBARDIA,016040,c_b178
B179,BRIGNANO-FRASCATA,ALESSANDRIA,PIEMONTE,006024,c_b179
B180,BRINDISI,BRINDISI,PUGLIA,074001,c_b180
B181,BRINDISI MONTAGNA,POTENZA,BASILICATA,076014,c_b181
B182,BRINZIO,VARESE,LOMBARDIA,012021,c_b182
B183,BRIONA,NOVARA,PIEMONTE,003027,c_b183
B184,BRIONE,BRESCIA,LOMBARDIA,017030,c_b185
B187,BRIOSCO,MONZA E DELLA BRIANZA,LOMBARDIA,108011,c_b187
B188,BRISIGHELLA,RAVENNA,EMILIA ROMAGNA,039004,c_b188
B191,BRISSAGO-VALTRAVAGLIA,VARESE,LOMBARDIA,012022,c_b191
B192,BRISSOGNE,AOSTA,VALLE D'AOSTA,007011,c_b192
B193,BRITTOLI,PESCARA,ABRUZZO,068004,c_b193
B194,BRIVIO,LECCO,LOMBARDIA,097010,c_b194
B195,BROCCOSTELLA,FROSINONE,LAZIO,060015,c_b195
B196,BROGLIANO,VICENZA,VENETO,024017,c_b196
B197,BROGNATURO,VIBO VALENTIA,CALABRIA,102004,c_b197
B198,BROLO,MESSINA,SICILIA,083007,c_b198
B200,BRONDELLO,CUNEO,PIEMONTE,004032,c_b200
B201,BRONI,PAVIA,LOMBARDIA,018024,c_b201
B202,BRONTE,CATANIA,SICILIA,087009,c_b202
B203,BRONZOLO,BOLZANO,TRENTINO ALTO ADIGE,021012,c_b203
B204,BROSSASCO,CUNEO,PIEMONTE,004033,c_b204
B205,BROSSO,TORINO,PIEMONTE,001036,c_b205
B207,BROVELLO-CARPUGNINO,VERBANO-CUSIO-OSSOLA,PIEMONTE,103013,c_b207
B209,BROZOLO,TORINO,PIEMONTE,001037,c_b209
B212,BRUGHERIO,MONZA E DELLA BRIANZA,LOMBARDIA,108012,c_b212
B213,BRUGINE,PADOVA,VENETO,028015,c_b213
B214,BRUGNATO,LA SPEZIA,LIGURIA,011007,c_b214
B215,BRUGNERA,PORDENONE,FRIULI VENEZIA GIULIA,093007,c_b215
B216,BRUINO,TORINO,PIEMONTE,001038,c_b216
B217,BRUMANO,BERGAMO,LOMBARDIA,016041,c_b217
B218,BRUNATE,COMO,LOMBARDIA,013032,c_b218
B219,BRUNELLO,VARESE,LOMBARDIA,012023,c_b219
B220,BRUNICO,BOLZANO,TRENTINO ALTO ADIGE,021013,c_b220
B221,BRUNO,ASTI,PIEMONTE,005010,c_b221
B223,BRUSAPORTO,BERGAMO,LOMBARDIA,016042,c_b223
B225,BRUSASCO,TORINO,PIEMONTE,001039,c_b225
B227,BRUSCIANO,NAPOLI,CAMPANIA,063010,c_b227
B228,BRUSIMPIANO,VARESE,LOMBARDIA,012024,c_b228
B229,BRUSNENGO,BIELLA,PIEMONTE,096007,c_b229
B230,BRUSSON,AOSTA,VALLE D'AOSTA,007012,c_b230
B232,BRUZOLO,TORINO,PIEMONTE,001040,c_b232
B234,BRUZZANO ZEFFIRIO,REGGIO CALABRIA,CALABRIA,080015,c_b234
B235,BUBBIANO,MILANO,LOMBARDIA,015035,c_b235
B236,BUBBIO,ASTI,PIEMONTE,005011,c_bu
B237,BUCCHERI,SIRACUSA,SICILIA,089003,c_b237
B238,BUCCHIANICO,CHIETI,ABRUZZO,069008,c_b238
B239,BUCCIANO,BENEVENTO,CAMPANIA,062010,c_b239
B240,BUCCINASCO,MILANO,LOMBARDIA,015036,c_b240
B242,BUCCINO,SALERNO,CAMPANIA,065017,c_b242
B243,BUCINE,AREZZO,TOSCANA,051005,c_b243
B246,BUDDUSO',SASSARI,SARDEGNA,090017,cdb_ot
B247,BUDOIA,PORDENONE,FRIULI VENEZIA GIULIA,093008,c_b247
B248,BUDONI,SASSARI,SARDEGNA,090091,c_b248
B249,BUDRIO,BOLOGNA,EMILIA ROMAGNA,037008,c_b249
B250,BUGGERRU,SUD SARDEGNA,SARDEGNA,111006,c_b250
B251,BUGGIANO,PISTOIA,TOSCANA,047003,c_b251
B255,BUGLIO IN MONTE,SONDRIO,LOMBARDIA,014010,c_b255
B256,BUGNARA,AQUILA,ABRUZZO,066012,c_b256
B258,BUGUGGIATE,VARESE,LOMBARDIA,012025,c_b258
B259,BUJA,UDINE,FRIULI VENEZIA GIULIA,030013,c_b259
B261,BULCIAGO,LECCO,LOMBARDIA,097011,c_b261
B262,BULGAROGRASSO,COMO,LOMBARDIA,013034,c_b262
B264,BULTEI,SASSARI,SARDEGNA,090018,c_b264
B265,BULZI,SASSARI,SARDEGNA,090019,c_b265
B266,BUONABITACOLO,SALERNO,CAMPANIA,065018,c_b266
B267,BUONALBERGO,BENEVENTO,CAMPANIA,062011,c_b267
B268,MONTEBELLO SUL SANGRO,CHIETI,ABRUZZO,069009,c_h566
B269,BUONCONVENTO,SIENA,TOSCANA,052003,c_b269
B270,BUONVICINO,COSENZA,CALABRIA,078020,c_l747
B272,BURAGO DI MOLGORA,MONZA E DELLA BRIANZA,LOMBARDIA,108013,c_b272
B274,BURCEI,SUD SARDEGNA,SARDEGNA,111007,c_b274
B275,BURGIO,AGRIGENTO,SICILIA,084005,c_b275
B276,BURGOS,SASSARI,SARDEGNA,090020,c_b276
B278,BURIASCO,TORINO,PIEMONTE,001041,c_b278
B279,BUROLO,TORINO,PIEMONTE,001042,c_b279
B280,BURONZO,VERCELLI,PIEMONTE,002021,c_b280
B281,BUSACHI,ORISTANO,SARDEGNA,095017,c_b281
B282,BUSALLA,GENOVA,LIGURIA,010006,c_b282
B284,BUSANO,TORINO,PIEMONTE,001043,c_b284
B285,BUSCA,CUNEO,PIEMONTE,004034,c_b285
B286,BUSCATE,MILANO,LOMBARDIA,015038,c_b286
B287,BUSCEMI,SIRACUSA,SICILIA,089004,c_b287
B288,BUSETO PALIZZOLO,TRAPANI,SICILIA,081002,c_b288
B289,BUSNAGO,MONZA E DELLA BRIANZA,LOMBARDIA,108051,c_b289
B292,BUSSERO,MILANO,LOMBARDIA,015040,c_b292
B293,BUSSETO,PARMA,EMILIA ROMAGNA,034007,c_b293
B294,BUSSI SUL TIRINO,PESCARA,ABRUZZO,068005,c_b294
B295,BUSSO,CAMPOBASSO,MOLISE,070005,c_b295
B296,BUSSOLENGO,VERONA,VENETO,023015,c_b296
B297,BUSSOLENO,TORINO,PIEMONTE,001044,c_b297
B300,BUSTO ARSIZIO,VARESE,LOMBARDIA,012026,c_b300
B301,BUSTO GAROLFO,MILANO,LOMBARDIA,015041,c_b301
B302,BUTERA,CALTANISSETTA,SICILIA,085003,c_b302
B303,BUTI,PISA,TOSCANA,050002,c_b303
B304,BUTTAPIETRA,VERONA,VENETO,023016,c_b304
B305,BUTTIGLIERA ALTA,TORINO,PIEMONTE,001045,c_b305
B306,BUTTIGLIERA D'ASTI,ASTI,PIEMONTE,005012,c_B306
B309,BUTTRIO,UDINE,FRIULI VENEZIA GIULIA,030014,c_b309
B310,SAN PAOLO D'ARGON,BERGAMO,LOMBARDIA,016189,c_b310
B311,CABELLA LIGURE,ALESSANDRIA,PIEMONTE,006025,c_b311
B312,CASTELLO CABIAGLIO,VARESE,LOMBARDIA,012043,c_b312
B313,CABIATE,COMO,LOMBARDIA,013035,c_b313
B314,CABRAS,ORISTANO,SARDEGNA,095018,c_b314
B315,CACCAMO,PALERMO,SICILIA,082014,c_b315
B317,POGGIO SANNITA,ISERNIA,MOLISE,094037,c_b317
B319,CACCURI,CROTONE,CALABRIA,101002,c_b319
B326,CADEGLIANO-VICONAGO,VARESE,LOMBARDIA,012027,c_b326
B328,CADELBOSCO DI SOPRA,REGGIO EMILIA,EMILIA ROMAGNA,035008,c_b328
B332,CADEO,PIACENZA,EMILIA ROMAGNA,033007,c_b332
B335,CADERZONE TERME,TRENTO,TRENTINO ALTO ADIGE,022029,c_1k21
B345,CADONEGHE,PADOVA,VENETO,028016,c_b345
B346,CADORAGO,COMO,LOMBARDIA,013036,c_b346
B349,CAERANO DI SAN MARCO,TREVISO,VENETO,026006,c_b349
B350,CAFASSE,TORINO,PIEMONTE,001046,c_b350
B351,CAGGIANO,SALERNO,CAMPANIA,065019,c_b351
B352,CAGLI,PESARO E URBINO,MARCHE,041007,c_b352
B354,CAGLIARI,CITTA' METROPOLITANA DI CAGLIARI,SARDEGNA,092009,c_b354
B355,CAGLIO,COMO,LOMBARDIA,013037,c_b355
B357,CAGNANO VARANO,FOGGIA,PUGLIA,071008,c_b357
B358,CAGNANO AMITERNO,AQUILA,ABRUZZO,066013,c_b358
B361,CAIANELLO,CASERTA,CAMPANIA,061008,c_b361
B362,CAIAZZO,CASERTA,CAMPANIA,061009,c_b362
B364,CAINES,BOLZANO,TRENTINO ALTO ADIGE,021014,c_b364
B365,CAINO,BRESCIA,LOMBARDIA,017031,c_b365
B366,CAIOLO,SONDRIO,LOMBARDIA,014011,c_b366
B367,CAIRANO,AVELLINO,CAMPANIA,064013,c_b367
B368,CAIRATE,VARESE,LOMBARDIA,012029,c_b368
B369,CAIRO MONTENOTTE,SAVONA,LIGURIA,009015,cb369
B371,CAIVANO,NAPOLI,CAMPANIA,063011,c_b371
B374,CALABRITTO,AVELLINO,CAMPANIA,064014,c_b374
B375,CALALZO DI CADORE,BELLUNO,VENETO,025008,c_b375
B376,CALAMANDRANA,ASTI,PIEMONTE,005013,c_b376
B377,CALAMONACI,AGRIGENTO,SICILIA,084006,c_b377
B378,CALANGIANUS,SASSARI,SARDEGNA,090021,c_b378
B379,CALANNA,REGGIO CALABRIA,CALABRIA,080016,c_b379
B380,CALASCA-CASTIGLIONE,VERBANO-CUSIO-OSSOLA,PIEMONTE,103014,c_b380
B381,CALASCIBETTA,ENNA,SICILIA,086005,c_b381
B382,CALASCIO,AQUILA,ABRUZZO,066014,c_b382
B383,CALASETTA,SUD SARDEGNA,SARDEGNA,111008,c_b383
B384,CALATABIANO,CATANIA,SICILIA,087010,c_b384
B385,CALATAFIMI SEGESTA,TRAPANI,SICILIA,081003,c_b385
B387,LUNGAVILLA,PAVIA,LOMBARDIA,018084,c_b387
B388,CALCATA,VITERBO,LAZIO,056010,c_b388
B389,CALCERANICA AL LAGO,TRENTO,TRENTINO ALTO ADIGE,022032,c_b389
B390,CALCI,PISA,TOSCANA,050003,c_b390
B391,CALCIANO,MATERA,BASILICATA,077004,c_b391
B392,CALCINAIA,PISA,TOSCANA,050004,c_b392
B393,CALCINATE,BERGAMO,LOMBARDIA,016043,c_b393
B394,CALCINATO,BRESCIA,LOMBARDIA,017032,c_b394
B395,CALCIO,BERGAMO,LOMBARDIA,016044,c_b395
B396,CALCO,LECCO,LOMBARDIA,097012,c_b396
B397,CALDARO SULLA STRADA DEL VINO,BOLZANO,TRENTINO ALTO ADIGE,021015,c_b397
B398,CALDAROLA,MACERATA,MARCHE,043006,c_b398
B399,CALDERARA DI RENO,BOLOGNA,EMILIA ROMAGNA,037009,c_b399
B400,CALDES,TRENTO,TRENTINO ALTO ADIGE,022033,c_b400
B402,CALDIERO,VERONA,VENETO,023017,c_b402
B403,CALDOGNO,VICENZA,VENETO,024018,c_b403
B404,CALDONAZZO,TRENTO,TRENTINO ALTO ADIGE,022034,c_b404
B405,CALENDASCO,PIACENZA,EMILIA ROMAGNA,033008,c_b405
B406,CALENZANO,FIRENZE,TOSCANA,048005,c_b406
B408,CALESTANO,PARMA,EMILIA ROMAGNA,034008,c_b408
B409,CALICE LIGURE,SAVONA,LIGURIA,009016,c_b409
B410,CALICE AL CORNOVIGLIO,LA SPEZIA,LIGURIA,011008,c_b410
B413,CALIMERA,LECCE,PUGLIA,075010,c_b413
B415,CALITRI,AVELLINO,CAMPANIA,064015,c_b415
B416,CALIZZANO,SAVONA,LIGURIA,009017,c_b416
B417,CALLABIANA,BIELLA,PIEMONTE,096008,cb417
B418,CALLIANO MONFERRATO,ASTI,PIEMONTE,005014,c_b418
B419,CALLIANO,TRENTO,TRENTINO ALTO ADIGE,022035,c_b419
B423,CALOLZIOCORTE,LECCO,LOMBARDIA,097013,c_b423
B424,CALOPEZZATI,COSENZA,CALABRIA,078021,c_b424
B425,CALOSSO,ASTI,PIEMONTE,005015,c_b425
B426,CALOVETO,COSENZA,CALABRIA,078022,c_b426
B427,CALTABELLOTTA,AGRIGENTO,SICILIA,084007,c_b427
B428,CALTAGIRONE,CATANIA,SICILIA,087011,c_b428
B429,CALTANISSETTA,CALTANISSETTA,SICILIA,085004,c_b429
B430,CALTAVUTURO,PALERMO,SICILIA,082015,c_b430
B431,CALTIGNAGA,NOVARA,PIEMONTE,003030,c_b431
B432,CALTO,ROVIGO,VENETO,029008,B432
B433,CALTRANO,VICENZA,VENETO,024019,c_b433
B434,CALUSCO D'ADDA,BERGAMO,LOMBARDIA,016046,c_b434
B435,CALUSO,TORINO,PIEMONTE,001047,c_b435
B436,CALVAGESE DELLA RIVIERA,BRESCIA,LOMBARDIA,017033,c_b436
B437,CALVANICO,SALERNO,CAMPANIA,065020,c_b437
B439,CALVATONE,CREMONA,LOMBARDIA,019009,c_b439
B440,CALVELLO,POTENZA,BASILICATA,076015,c_b440
B441,CALVENE,VICENZA,VENETO,024020,c_b441
B442,CALVENZANO,BERGAMO,LOMBARDIA,016047,c_b442
B443,CALVERA,POTENZA,BASILICATA,076016,c_b443
B444,CALVI,BENEVENTO,CAMPANIA,062012,c_b444
B445,CALVI RISORTA,CASERTA,CAMPANIA,061010,c_b445
B446,CALVI DELL'UMBRIA,TERNI,UMBRIA,055008,c_b446
B447,CALVIGNANO,PAVIA,LOMBARDIA,018025,c_b447
B448,CALVIGNASCO,MILANO,LOMBARDIA,015042,c_b448
B450,CALVISANO,BRESCIA,LOMBARDIA,017034,c_b450
B452,CALVIZZANO,NAPOLI,CAMPANIA,063012,c_b452
B453,CAMAGNA MONFERRATO,ALESSANDRIA,PIEMONTE,006026,c_b453
B455,CAMAIORE,LUCCA,TOSCANA,046005,c_b455
B457,CAMANDONA,BIELLA,PIEMONTE,096009,c_b457
B460,CAMASTRA,AGRIGENTO,SICILIA,084008,c_b460
B461,CAMBIAGO,MILANO,LOMBARDIA,015044,c_b461
B462,CAMBIANO,TORINO,PIEMONTE,001048,c_b462
B463,CAMBIASCA,VERBANO-CUSIO-OSSOLA,PIEMONTE,103015,c_b463
B465,CAMBURZANO,BIELLA,PIEMONTE,096010,c_b465
B466,SANT'ELENA SANNITA,ISERNIA,MOLISE,094047,c_b466
B467,CAMERANA,CUNEO,PIEMONTE,004035,c_b467
B468,CAMERANO,ANCONA,MARCHE,042006,c_b468
B469,CAMERANO CASASCO,ASTI,PIEMONTE,005016,c_b469
B470,CAMERATA PICENA,ANCONA,MARCHE,042007,c_b470
B471,CAMERATA CORNELLO,BERGAMO,LOMBARDIA,016048,c_b471
B472,CAMERATA NUOVA,ROMA,LAZIO,058014,c_b472
B473,CAMERI,NOVARA,PIEMONTE,003032,c_b473
B474,CAMERINO,MACERATA,MARCHE,043007,c_b474
B476,CAMEROTA,SALERNO,CAMPANIA,065021,c_b476
B477,CAMIGLIANO,CASERTA,CAMPANIA,061011,C_B477
B481,CAMINI,REGGIO CALABRIA,CALABRIA,080017,c_b481
B482,CAMINO,ALESSANDRIA,PIEMONTE,006027,c_b482
B483,CAMINO AL TAGLIAMENTO,UDINE,FRIULI VENEZIA GIULIA,030015,c_b483
B484,CAMISANO,CREMONA,LOMBARDIA,019010,c_b484
B485,CAMISANO VICENTINO,VICENZA,VENETO,024021,c_b485
B486,CAMMARATA,AGRIGENTO,SICILIA,084009,c_b486
B490,CAMOGLI,GENOVA,LIGURIA,010007,c_b490
B491,CHAMOIS,AOSTA,VALLE D'AOSTA,007016,c_b491
B492,CAMPAGNA,SALERNO,CAMPANIA,065022,c_b492
B493,CAMPAGNA LUPIA,VENEZIA,VENETO,027002,c_b493
B494,CASTEL CAMPAGNANO,CASERTA,CAMPANIA,061023,c_b494
B496,CAMPAGNANO DI ROMA,ROMA,LAZIO,058015,c_b496
B497,CAMPAGNATICO,GROSSETO,TOSCANA,053002,c_b497
B498,CAMPAGNOLA CREMASCA,CREMONA,LOMBARDIA,019011,c_b498
B499,CAMPAGNOLA EMILIA,REGGIO EMILIA,EMILIA ROMAGNA,035009,c_b499
B500,CAMPANA,COSENZA,CALABRIA,078023,c_b500
B501,CAMPARADA,MONZA E DELLA BRIANZA,LOMBARDIA,108014,c_b501
B502,CAMPEGINE,REGGIO EMILIA,EMILIA ROMAGNA,035010,c_b502
B504,CAMPELLO SUL CLITUNNO,PERUGIA,UMBRIA,054005,c_b504
B505,CAMPERTOGNO,VERCELLI,PIEMONTE,002025,c_b505
B506,CAMPI SALENTINA,LECCE,PUGLIA,075011,c_b506
B507,CAMPI BISENZIO,FIRENZE,TOSCANA,048006,c_b507
B509,CAMPIGLIA MARITTIMA,LIVORNO,TOSCANA,049002,c_b509
B510,VALPRATO SOANA,TORINO,PIEMONTE,001288,c_b510
B511,CAMPIGLIA DEI BERICI,VICENZA,VENETO,024022,c_b511
B512,CAMPIGLIONE FENILE,TORINO,PIEMONTE,001049,c_b512
B513,CAMPIONE D'ITALIA,COMO,LOMBARDIA,013040,c_b513
B514,CAMPITELLO DI FASSA,TRENTO,TRENTINO ALTO ADIGE,022036,c_b514
B515,CAMPLI,TERAMO,ABRUZZO,067008,c_b515
B516,CAMPO CALABRO,REGGIO CALABRIA,CALABRIA,080018,c_b516
B519,CAMPOBASSO,CAMPOBASSO,MOLISE,070006,c_b519
B520,CAMPOBELLO DI LICATA,AGRIGENTO,SICILIA,084010,c_b520
B521,CAMPOBELLO DI MAZARA,TRAPANI,SICILIA,081004,c_b521
B522,CAMPOCHIARO,CAMPOBASSO,MOLISE,070007,c_b522
B524,CAMPODARSEGO,PADOVA,VENETO,028017,c_b524
B525,CAMPODENNO,TRENTO,TRENTINO ALTO ADIGE,022037,c_b525
B526,CAMPO DI GIOVE,AQUILA,ABRUZZO,066015,c_b526
B527,CAMPODIMELE,LATINA,LAZIO,059003,c_b527
B528,CAMPODIPIETRA,CAMPOBASSO,MOLISE,070008,c_b528
B529,CAMPO DI TRENS,BOLZANO,TRENTINO ALTO ADIGE,021016,c_b529
B530,CAMPODOLCINO,SONDRIO,LOMBARDIA,014012,c_b530
B531,CAMPODORO,PADOVA,VENETO,028018,c_b531
B532,CAMPOFELICE DI ROCCELLA,PALERMO,SICILIA,082017,c_b532
B533,CAMPOFELICE DI FITALIA,PALERMO,SICILIA,082016,c_b533
B534,CAMPOFILONE,FERMO,MARCHE,109004,c_b534
B535,CAMPOFIORITO,PALERMO,SICILIA,082018,c_l9516b
B536,CAMPOFORMIDO,UDINE,FRIULI VENEZIA GIULIA,030016,c_b536
B537,CAMPOFRANCO,CALTANISSETTA,SICILIA,085005,c_b537
B538,CAMPO LIGURE,GENOVA,LIGURIA,010008,c_b538
B539,CAMPOGALLIANO,MODENA,EMILIA ROMAGNA,036003,c_b539
B540,CHAMPORCHER,AOSTA,VALLE D'AOSTA,007018,c_b540
B541,CAMPOLATTARO,BENEVENTO,CAMPANIA,062013,c_b541
B542,CAMPOLI DEL MONTE TABURNO,BENEVENTO,CAMPANIA,062014,c_b542A
B543,CAMPOLI APPENNINO,FROSINONE,LAZIO,060016,c_b543
B544,CAMPOLIETO,CAMPOBASSO,MOLISE,070009,c_b544
B546,CAMPOLONGO MAGGIORE,VENEZIA,VENETO,027003,c_b546
B549,CAMPOMAGGIORE,POTENZA,BASILICATA,076017,c_b549
B550,CAMPOMARINO,CAMPOBASSO,MOLISE,070010,c_b550
B551,CAMPOMORONE,GENOVA,LIGURIA,010009,c_b551
B553,CAMPO NELL'ELBA,LIVORNO,TOSCANA,049003,c_b553
B554,CAMPONOGARA,VENEZIA,VENETO,027004,c_b554
B555,CAMPORA,SALERNO,CAMPANIA,065023,c_b555
B556,CAMPOREALE,PALERMO,SICILIA,082019,c_b556
B557,CAMPORGIANO,LUCCA,TOSCANA,046006,c_b557
B559,CAMPOROSSO,IMPERIA,LIGURIA,008011,c_b560
B561,CAMPOROTONDO ETNEO,CATANIA,SICILIA,087012,c_b561
B562,CAMPOROTONDO DI FIASTRONE,MACERATA,MARCHE,043008,c_b562
B563,CAMPOSAMPIERO,PADOVA,VENETO,028019,c_b563
B564,CAMPO SAN MARTINO,PADOVA,VENETO,028020,c_b564
B565,CAMPOSANO,NAPOLI,CAMPANIA,063013,c_b565
B566,CAMPOSANTO,MODENA,EMILIA ROMAGNA,036004,c_b566
B567,CAMPOSPINOSO ALBAREDO,PAVIA,LOMBARDIA,018026,c_b567
B569,CAMPOTOSTO,AQUILA,ABRUZZO,066016,c_b569
B570,CAMPO TURES,BOLZANO,TRENTINO ALTO ADIGE,021017,c_b570
B572,CAMUGNANO,BOLOGNA,EMILIA ROMAGNA,037010,c_b572
B573,CANALE,CUNEO,PIEMONTE,004037,c_b573
B574,CANALE D'AGORDO,BELLUNO,VENETO,025023,c_b574
B576,CANALE MONTERANO,ROMA,LAZIO,058016,c_b576
B577,CANAL SAN BOVO,TRENTO,TRENTINO ALTO ADIGE,022038,c_b577
B578,CANARO,ROVIGO,VENETO,029009,c_b578
B579,CANAZEI,TRENTO,TRENTINO ALTO ADIGE,022039,c_b579
B580,CANCELLARA,POTENZA,BASILICATA,076018,c_b580
B581,CANCELLO ED ARNONE,CASERTA,CAMPANIA,061012,c_b581
B582,CANDA,ROVIGO,VENETO,029010,c_b582
B584,CANDELA,FOGGIA,PUGLIA,071009,c_b584
B586,CANDELO,BIELLA,PIEMONTE,096012,c_b586
B587,CANDIA LOMELLINA,PAVIA,LOMBARDIA,018027,c_b587
B588,CANDIA CANAVESE,TORINO,PIEMONTE,001050,c_b588
B589,CANDIANA,PADOVA,VENETO,028021,c_b589
B590,CANDIDA,AVELLINO,CAMPANIA,064016,c_b590
B591,CANDIDONI,REGGIO CALABRIA,CALABRIA,080019,c_b591
B592,CANDIOLO,TORINO,PIEMONTE,001051,c_b592
B593,CANEGRATE,MILANO,LOMBARDIA,015046,c_b593
B594,CANELLI,ASTI,PIEMONTE,005017,c_b594
B595,ORVINIO,RIETI,LAZIO,057047,c_b595
B597,CANEPINA,VITERBO,LAZIO,056011,c_b597
B598,CANEVA,PORDENONE,FRIULI VENEZIA GIULIA,093009,c_b598
B602,CANICATTI',AGRIGENTO,SICILIA,084011,c_b602
B603,CANICATTINI BAGNI,SIRACUSA,SICILIA,089005,c_b603
B604,CANINO,VITERBO,LAZIO,056012,c_b604
B605,CANISCHIO,TORINO,PIEMONTE,001052,C_B605
B606,CANISTRO,AQUILA,ABRUZZO,066017,c_b606
B607,CANNA,COSENZA,CALABRIA,078024,c_b607
B608,CANNALONGA,SALERNO,CAMPANIA,065024,c_b608
B609,CANNARA,PERUGIA,UMBRIA,054006,c_b609
B610,CANNERO RIVIERA,VERBANO-CUSIO-OSSOLA,PIEMONTE,103016,c_b610
B612,CANNETO SULL'OGLIO,MANTOVA,LOMBARDIA,020008,c_b612
B613,CANNETO PAVESE,PAVIA,LOMBARDIA,018029,c_b613
B615,CANNOBIO,VERBANO-CUSIO-OSSOLA,PIEMONTE,103017,c_b615
B616,CANNOLE,LECCE,PUGLIA,075012,c_b616
B617,CANOLO,REGGIO CALABRIA,CALABRIA,080020,c_b617
B618,CANONICA D'ADDA,BERGAMO,LOMBARDIA,016049,c_b618
B619,CANOSA DI PUGLIA,BARLETTA-ANDRIA-TRANI,PUGLIA,110004,c_b619
B620,CANOSA SANNITA,CHIETI,ABRUZZO,069010,c_b620
B621,CANOSIO,CUNEO,PIEMONTE,004038,C_B621
B624,CANSANO,AQUILA,ABRUZZO,066018,c_b624
B626,CANTAGALLO,PRATO,TOSCANA,100001,c_b626
B627,CANTALICE,RIETI,LAZIO,057009,c_b627
B628,CANTALUPA,TORINO,PIEMONTE,001053,c_b628
B629,CANTALUPO LIGURE,ALESSANDRIA,PIEMONTE,006028,c_b629
B630,CANTALUPO NEL SANNIO,ISERNIA,MOLISE,094005,c_b630
B631,CANTALUPO IN SABINA,RIETI,LAZIO,057010,c_b631
B632,MANDELA,ROMA,LAZIO,058053,c_b632
B633,CANTARANA,ASTI,PIEMONTE,005018,c_b633
B634,CANTELLO,VARESE,LOMBARDIA,012030,c_b634
B635,CANTERANO,ROMA,LAZIO,058017,c_b635
B636,CANTIANO,PESARO E URBINO,MARCHE,041008,c_b636
B637,CANTOIRA,TORINO,PIEMONTE,001054,c_b637
B639,CANTU',COMO,LOMBARDIA,013041,c_b639
B640,CANZANO,TERAMO,ABRUZZO,067009,c_b640
B641,CANZO,COMO,LOMBARDIA,013042,c_b641
B642,CAORLE,VENEZIA,VENETO,027005,c_b642
B643,CAORSO,PIACENZA,EMILIA ROMAGNA,033010,c_b643
B644,CAPACCIO PAESTUM,SALERNO,CAMPANIA,065025,c_b644
B645,CAPACI,PALERMO,SICILIA,082020,c_b645
B646,CAPALBIO,GROSSETO,TOSCANA,053003,c_b646
B647,CAPANNOLI,PISA,TOSCANA,050005,c_b647
B648,CAPANNORI,LUCCA,TOSCANA,046007,c_b648
B649,CAPENA,ROMA,LAZIO,058018,c_b649
B650,CAPERGNANICA,CREMONA,LOMBARDIA,019012,c_b650
B651,CAPESTRANO,AQUILA,ABRUZZO,066019,c_b651
B653,CAPIAGO INTIMIANO,COMO,LOMBARDIA,013043,c_b653
B655,CAPISTRANO,VIBO VALENTIA,CALABRIA,102005,c_b655
B656,CAPISTRELLO,AQUILA,ABRUZZO,066020,c_b656
B658,CAPITIGNANO,AQUILA,ABRUZZO,066021,c_b658
B660,CAPIZZI,MESSINA,SICILIA,083008,c_b660
B661,CAPIZZONE,BERGAMO,LOMBARDIA,016050,c_b661
B662,PONTE NELLE ALPI,BELLUNO,VENETO,025040,c_b662
B663,CAPODIMONTE,VITERBO,LAZIO,056013,c_b663
B664,CAPO DI PONTE,BRESCIA,LOMBARDIA,017035,c_b664
B666,CAPO D'ORLANDO,MESSINA,SICILIA,083009,c_b666
B667,CAPODRISE,CASERTA,CAMPANIA,061013,c_b667
B669,CAPOLIVERI,LIVORNO,TOSCANA,049004,c_b669
B670,CAPOLONA,AREZZO,TOSCANA,051006,c_b670
B671,CAPONAGO,MONZA E DELLA BRIANZA,LOMBARDIA,108052,c_b671
B672,CAPORCIANO,AQUILA,ABRUZZO,066022,c_b672
B674,CAPOSELE,AVELLINO,CAMPANIA,064017,c_b674
B675,CAPOTERRA,CITTA' METROPOLITANA DI CAGLIARI,SARDEGNA,092011,c_b675
B676,CAPOVALLE,BRESCIA,LOMBARDIA,017036,c_b676
B677,CAPPADOCIA,AQUILA,ABRUZZO,066023,c_b677
B678,CAPPELLA MAGGIORE,TREVISO,VENETO,026007,c_b678
B679,CAPPELLA CANTONE,CREMONA,LOMBARDIA,019013,c_l164
B680,CAPPELLA DE' PICENARDI,CREMONA,LOMBARDIA,019014,c_b680
B681,CAPPELLE SUL TAVO,PESCARA,ABRUZZO,068006,c_b681
B682,CAPRACOTTA,ISERNIA,MOLISE,094006,c_b682
B684,CAPRAIA E LIMITE,FIRENZE,TOSCANA,048008,c_b684
B685,CAPRAIA ISOLA,LIVORNO,TOSCANA,049005,c_b685
B686,CAPRALBA,CREMONA,LOMBARDIA,019015,c_b686
B687,CAPRANICA PRENESTINA,ROMA,LAZIO,058019,c_b687
B688,CAPRANICA,VITERBO,LAZIO,056014,c_b688
B689,MARZABOTTO,BOLOGNA,EMILIA ROMAGNA,037036,c_b689
B690,CAPRARICA DI LECCE,LECCE,PUGLIA,075013,c_b690
B691,CAPRAROLA,VITERBO,LAZIO,056015,c_b691
B692,CAPRAUNA,CUNEO,PIEMONTE,004039,c_b692
B693,CAPRESE MICHELANGELO,AREZZO,TOSCANA,051007,c_b693
B694,CAPREZZO,VERBANO-CUSIO-OSSOLA,PIEMONTE,103018,c_b694
B695,CAPRI LEONE,MESSINA,SICILIA,083010,c_b695
B696,CAPRI,NAPOLI,CAMPANIA,063014,c_b696
B697,CAPRIANA,TRENTO,TRENTINO ALTO ADIGE,022040,c_b697
B698,CAPRIANO DEL COLLE,BRESCIA,LOMBARDIA,017037,c_b698
B701,CAPRIATA D'ORBA,ALESSANDRIA,PIEMONTE,006029,c_b701
B703,CAPRIATE SAN GERVASIO,BERGAMO,LOMBARDIA,016051,c_b703
B704,CAPRIATI A VOLTURNO,CASERTA,CAMPANIA,061014,c_b704
B705,CAPRIE,TORINO,PIEMONTE,001055,c_B705
B706,CAPRIGLIA IRPINA,AVELLINO,CAMPANIA,064018,c_b706
B707,CAPRIGLIO,ASTI,PIEMONTE,005019,c_b707
B708,CAPRILE,BIELLA,PIEMONTE,096013,c_b708
B709,CAPRINO VERONESE,VERONA,VENETO,023018,c_b709
B710,CAPRINO BERGAMASCO,BERGAMO,LOMBARDIA,016052,c_b710
B711,CAPRIOLO,BRESCIA,LOMBARDIA,017038,c_b711
B712,CAPRIVA DEL FRIULI,GORIZIA,FRIULI VENEZIA GIULIA,031001,c_b712
B715,CAPUA,CASERTA,CAMPANIA,061015,c_b715
B716,CAPURSO,BARI,PUGLIA,072014,c_b716
B717,CARAFFA DI CATANZARO,CATANZARO,CALABRIA,079017,c_b717
B718,CARAFFA DEL BIANCO,REGGIO CALABRIA,CALABRIA,080021,c_b718
B719,CARAGLIO,CUNEO,PIEMONTE,004040,c_b719
B720,CARAMAGNA PIEMONTE,CUNEO,PIEMONTE,004041,c_b720
B722,CARAMANICO TERME,PESCARA,ABRUZZO,068007,c_b722
B724,CARAPELLE,FOGGIA,PUGLIA,071010,c_b724
B725,CARAPELLE CALVISIO,AQUILA,ABRUZZO,066024,c_b725
B726,CARASCO,GENOVA,LIGURIA,010010,c_b726
B727,CARASSAI,ASCOLI PICENO,MARCHE,044010,c_b727
B729,CARATE BRIANZA,MONZA E DELLA BRIANZA,LOMBARDIA,108015,c_b729
B730,CARATE URIO,COMO,LOMBARDIA,013044,c_b730
B731,CARAVAGGIO,BERGAMO,LOMBARDIA,016053,c_b731
B732,CARAVATE,VARESE,LOMBARDIA,012031,c_b732
B733,CARAVINO,TORINO,PIEMONTE,001056,c_b733
B734,CARAVONICA,IMPERIA,LIGURIA,008012,c_b734
B735,CARBOGNANO,VITERBO,LAZIO,056016,c_b735
B736,CARBONARA SCRIVIA,ALESSANDRIA,PIEMONTE,006030,c_b736
B738,VILLASIMIUS,SUD SARDEGNA,SARDEGNA,111105,c_b738
B740,CARBONARA DI NOLA,NAPOLI,CAMPANIA,063015,c_b740
B741,CARBONARA AL TICINO,PAVIA,LOMBARDIA,018030,c_b741
B742,CARBONATE,COMO,LOMBARDIA,013045,c_b742
B743,CARBONE,POTENZA,BASILICATA,076019,c_b743
B744,CARBONERA,TREVISO,VENETO,026008,c_b744
B745,CARBONIA,SUD SARDEGNA,SARDEGNA,111009,c_b745
B748,CARCARE,SAVONA,LIGURIA,009018,c_b748
B752,CARCOFORO,VERCELLI,PIEMONTE,002029,c_b752
B754,CARDANO AL CAMPO,VARESE,LOMBARDIA,012032,c_b754
B755,CARDE',CUNEO,PIEMONTE,004042,c_b755
B756,CARDETO,REGGIO CALABRIA,CALABRIA,080022,c_b756
B758,CARDINALE,CATANZARO,CALABRIA,079018,c_b758
B759,CARDITO,NAPOLI,CAMPANIA,063016,c_b759
B760,CAREGGINE,LUCCA,TOSCANA,046008,c_b760
B762,CAREMA,TORINO,PIEMONTE,001057,c_b762
B763,CARENNO,LECCO,LOMBARDIA,097014,c_b763
B765,CARENTINO,ALESSANDRIA,PIEMONTE,006031,c_b765
B766,CARERI,REGGIO CALABRIA,CALABRIA,080023,c_b766
B767,CARESANA,VERCELLI,PIEMONTE,002030,c_b767
B768,CARESANABLOT,VERCELLI,PIEMONTE,002031,c_b768
B769,CAREZZANO,ALESSANDRIA,PIEMONTE,006032,c_b769
B771,CARFIZZI,CROTONE,CALABRIA,101003,c_b771
B772,CARGEGHE,SASSARI,SARDEGNA,090022,c_b772
B774,CARIATI,COSENZA,CALABRIA,078025,c_b774
B776,CARIFE,AVELLINO,CAMPANIA,064019,c_b776
B777,CARIGNANO,TORINO,PIEMONTE,001058,c_b777
B778,CARIMATE,COMO,LOMBARDIA,013046,c_b778
B779,CARINARO,CASERTA,CAMPANIA,061016,c_b779
B780,CARINI,PALERMO,SICILIA,082021,c_b780
B781,CARINOLA,CASERTA,CAMPANIA,061017,C_B781
B782,CARISIO,VERCELLI,PIEMONTE,002032,c_b782
B783,CARISOLO,TRENTO,TRENTINO ALTO ADIGE,022042,c_b783
B784,CARLANTINO,FOGGIA,PUGLIA,071011,c_b784
B785,CARLAZZO,COMO,LOMBARDIA,013047,c_b785
B787,CARLENTINI,SIRACUSA,SICILIA,089006,c_b787
B788,CARLINO,UDINE,FRIULI VENEZIA GIULIA,030018,c_b788
B789,CARLOFORTE,SUD SARDEGNA,SARDEGNA,111010,c_b789
B790,CARLOPOLI,CATANZARO,CALABRIA,079020,c_b790
B791,CARMAGNOLA,TORINO,PIEMONTE,001059,c_b791
B792,CARMIANO,LECCE,PUGLIA,075014,c_b792
B794,CARMIGNANO,PRATO,TOSCANA,100002,c_b794
B795,CARMIGNANO DI BRENTA,PADOVA,VENETO,028023,c_b795
B796,CARNAGO,VARESE,LOMBARDIA,012033,c_b796
B798,CARNATE,MONZA E DELLA BRIANZA,LOMBARDIA,108016,c_b798
B799,CORNEDO ALL'ISARCO,BOLZANO,TRENTINO ALTO ADIGE,021023,c_b799
B801,CAROBBIO DEGLI ANGELI,BERGAMO,LOMBARDIA,016055,c_b801
B802,CAROLEI,COSENZA,CALABRIA,078026,c_i642
B803,CARONA,BERGAMO,LOMBARDIA,016056,c_b803
B804,CARONIA,MESSINA,SICILIA,083011,c_b804
B805,CARONNO PERTUSELLA,VARESE,LOMBARDIA,012034,c_b805
B807,CARONNO VARESINO,VARESE,LOMBARDIA,012035,c_b807
B808,CAROSINO,TARANTO,PUGLIA,073002,c_b808
B809,CAROVIGNO,BRINDISI,PUGLIA,074002,c_b809
B810,CAROVILLI,ISERNIA,MOLISE,094007,c_b810
B812,CARPANETO PIACENTINO,PIACENZA,EMILIA ROMAGNA,033011,c_b812
B813,CARPANZANO,COSENZA,CALABRIA,078027,c_b813
B816,CARPEGNA,PESARO E URBINO,MARCHE,041009,c_b816
B817,CARPENEDOLO,BRESCIA,LOMBARDIA,017039,c_b817
B818,CARPENETO,ALESSANDRIA,PIEMONTE,006033,c_b818
B819,CARPI,MODENA,EMILIA ROMAGNA,036005,c_b819
B820,CARPIANO,MILANO,LOMBARDIA,015050,c_b820
B822,CARPIGNANO SALENTINO,LECCE,PUGLIA,075015,c_b822
B823,CARPIGNANO SESIA,NOVARA,PIEMONTE,003036,C_B823
B824,CURA CARPIGNANO,PAVIA,LOMBARDIA,018060,c_b824
B825,CARPINETI,REGGIO EMILIA,EMILIA ROMAGNA,035011,c_b825
B826,CARPINETO SINELLO,CHIETI,ABRUZZO,069011,c_b826
B827,CARPINETO DELLA NORA,PESCARA,ABRUZZO,068008,c_k7sn
B828,CARPINETO ROMANO,ROMA,LAZIO,058020,c_b828
B829,CARPINO,FOGGIA,PUGLIA,071012,c_b829
B830,CARPINONE,ISERNIA,MOLISE,094008,c_b830
B832,CARRARA,MASSA-CARRARA,TOSCANA,045003,c_b832
B835,CARRE',VICENZA,VENETO,024024,c_b835
B836,CARREGA LIGURE,ALESSANDRIA,PIEMONTE,006034,c_b836
B838,CARRO,LA SPEZIA,LIGURIA,011009,c_b838
B839,CARRODANO,LA SPEZIA,LIGURIA,011010,c_b839
B840,CARROSIO,ALESSANDRIA,PIEMONTE,006035,c_b840
B841,CARRU',CUNEO,PIEMONTE,004043,c_b841
B842,CARSOLI,AQUILA,ABRUZZO,066025,c_b842
B844,CARTIGLIANO,VICENZA,VENETO,024025,c_b844
B845,CARTIGNANO,CUNEO,PIEMONTE,004044,c_b845
B846,CARTOCETO,PESARO E URBINO,MARCHE,041010,c_b846
B847,CARTOSIO,ALESSANDRIA,PIEMONTE,006036,c_b847
B848,CARTURA,PADOVA,VENETO,028026,c_b848
B850,CARUGATE,MILANO,LOMBARDIA,015051,c_b850
B851,CARUGO,COMO,LOMBARDIA,013048,c_b851
B853,CARUNCHIO,CHIETI,ABRUZZO,069012,c_b853
B854,CARVICO,BERGAMO,LOMBARDIA,016057,c_b854
B856,CARZANO,TRENTO,TRENTINO ALTO ADIGE,022043,c_b856
B857,CASABONA,CROTONE,CALABRIA,101004,c_b857
B858,CASACALENDA,CAMPOBASSO,MOLISE,070011,c_b858
B859,CASACANDITELLA,CHIETI,ABRUZZO,069013,c_b859
B860,CASAGIOVE,CASERTA,CAMPANIA,061018,c_b860
B861,CASALANGUIDA,CHIETI,ABRUZZO,069014,c_b861
B862,CASALATTICO,FROSINONE,LAZIO,060017,c_b862
B864,CASALBELTRAME,NOVARA,PIEMONTE,003037,c_b864
B865,CASALBORDINO,CHIETI,ABRUZZO,069015,c_b865
B866,CASALBORE,AVELLINO,CAMPANIA,064020,c_b866
B867,CASALBORGONE,TORINO,PIEMONTE,001060,c_b867
B868,CASALBUONO,SALERNO,CAMPANIA,065026,c_b868
B869,CASALBUTTANO ED UNITI,CREMONA,LOMBARDIA,019016,c_b869
B870,CASAL CERMELLI,ALESSANDRIA,PIEMONTE,006037,c_b870
B871,CASALCIPRANO,CAMPOBASSO,MOLISE,070012,c_b871
B872,CASAL DI PRINCIPE,CASERTA,CAMPANIA,061019,c_b872
B873,CASALDUNI,BENEVENTO,CAMPANIA,062015,c_b873
B875,CASALE LITTA,VARESE,LOMBARDIA,012036,c_b875
B876,CASALE CORTE CERRO,VERBANO-CUSIO-OSSOLA,PIEMONTE,103019,c_b876
B877,CASALE DI SCODOSIA,PADOVA,VENETO,028027,c_b877
B878,CASALE MARITTIMO,PISA,TOSCANA,050006,c_b878
B879,CASALE SUL SILE,TREVISO,VENETO,026009,c_b879
B880,CASALECCHIO DI RENO,BOLOGNA,EMILIA ROMAGNA,037011,c_b880
B881,CASALE CREMASCO-VIDOLASCO,CREMONA,LOMBARDIA,019017,c_b881
B882,CASALEGGIO BOIRO,ALESSANDRIA,PIEMONTE,006038,c_b882
B883,CASALEGGIO NOVARA,NOVARA,PIEMONTE,003039,c_b883
B885,CASALE MONFERRATO,ALESSANDRIA,PIEMONTE,006039,c_b885
B886,CASALEONE,VERONA,VENETO,023019,c_b886
B887,CASALETTO LODIGIANO,LODI,LOMBARDIA,098008,c_b887
B888,CASALETTO SPARTANO,SALERNO,CAMPANIA,065027,c_b888
B889,CASALETTO CEREDANO,CREMONA,LOMBARDIA,019018,c_b889
B890,CASALETTO DI SOPRA,CREMONA,LOMBARDIA,019019,c_b890
B891,CASALETTO VAPRIO,CREMONA,LOMBARDIA,019020,c_b891
B892,CASALFIUMANESE,BOLOGNA,EMILIA ROMAGNA,037012,c_b892
B893,CASALGRANDE,REGGIO EMILIA,EMILIA ROMAGNA,035012,c_b893
B894,CASALGRASSO,CUNEO,PIEMONTE,004045,c_b894
B895,CASAL VELINO,SALERNO,CAMPANIA,065028,c_b895
B896,CASALINCONTRADA,CHIETI,ABRUZZO,069016,c_b896
B897,CASALINO,NOVARA,PIEMONTE,003040,c_b897
B898,CASALMAGGIORE,CREMONA,LOMBARDIA,019021,c_b898
B899,CASALMAIOCCO,LODI,LOMBARDIA,098009,c_b899
B900,CASALMORANO,CREMONA,LOMBARDIA,019022,c_b900
B901,CASALMORO,MANTOVA,LOMBARDIA,020010,c_b901
B902,CASALNOCETO,ALESSANDRIA,PIEMONTE,006040,c_b902
B903,VILLAPIANA,COSENZA,CALABRIA,078154,c_b903
B904,CASALNUOVO MONTEROTARO,FOGGIA,PUGLIA,071013,c_b904
B905,CASALNUOVO DI NAPOLI,NAPOLI,CAMPANIA,063017,c_b905
B906,SAN PAOLO ALBANESE,POTENZA,BASILICATA,076020,c_b906
B907,CASALOLDO,MANTOVA,LOMBARDIA,020011,c_b907
B910,CASALPUSTERLENGO,LODI,LOMBARDIA,098010,c_b910
B911,CASALROMANO,MANTOVA,LOMBARDIA,020012,c_b911
B912,CASALSERUGO,PADOVA,VENETO,028028,c_b912
B914,POZZAGLIO ED UNITI,CREMONA,LOMBARDIA,019077,c_b916
B915,TRINITAPOLI,BARLETTA-ANDRIA-TRANI,PUGLIA,110010,c_b915
B916,CASALUCE,CASERTA,CAMPANIA,061020,c_b9
B917,CASALVECCHIO DI PUGLIA,FOGGIA,PUGLIA,071014,c_b917
B918,CASALVECCHIO SICULO,MESSINA,SICILIA,083012,c_b918
B919,CASALVIERI,FROSINONE,LAZIO,060018,c_b919
B920,CASALVOLONE,NOVARA,PIEMONTE,003041,c_b920
B921,CASALZUIGNO,VARESE,LOMBARDIA,012037,c_b921
B922,CASAMARCIANO,NAPOLI,CAMPANIA,063018,c_b922
B923,CASAMASSIMA,BARI,PUGLIA,072015,c_b923
B924,CASAMICCIOLA TERME,NAPOLI,CAMPANIA,063019,c_b924
B925,CASANDRINO,NAPOLI,CAMPANIA,063020,c_b925
B927,CASANOVA LERRONE,SAVONA,LIGURIA,009019,c_b927
B928,CASANOVA ELVO,VERCELLI,PIEMONTE,002033,c_b928
B929,CASANOVA LONATI,PAVIA,LOMBARDIA,018031,c_b929
B932,CASAPE,ROMA,LAZIO,058021,c_b932
B933,CASAPINTA,BIELLA,PIEMONTE,096014,c_b933w
B934,CASAPROTA,RIETI,LAZIO,057011,c_b934
B935,CASAPULLA,CASERTA,CAMPANIA,061021,c_b935
B936,CASARANO,LECCE,PUGLIA,075016,c_b936
B937,CASARGO,LECCO,LOMBARDIA,097015,c_b937
B938,CASARILE,MILANO,LOMBARDIA,015055,c_b938
B939,CASARZA LIGURE,GENOVA,LIGURIA,010011,c_b939
B940,CASARSA DELLA DELIZIA,PORDENONE,FRIULI VENEZIA GIULIA,093010,c_b940
B941,CASASCO,ALESSANDRIA,PIEMONTE,006041,c_b941
B943,CASATENOVO,LECCO,LOMBARDIA,097016,c_b943
B945,CASATISMA,PAVIA,LOMBARDIA,018032,c_b945
B946,CASAVATORE,NAPOLI,CAMPANIA,063021,c_b946
B947,CASAZZA,BERGAMO,LOMBARDIA,016058,c_b947
B948,CASCIA,PERUGIA,UMBRIA,054007,c_b948
B949,CASCIAGO,VARESE,LOMBARDIA,012038,c_b949
B950,CASCINA,PISA,TOSCANA,050008,c_b950
B952,SAN GIACOMO VERCELLESE,VERCELLI,PIEMONTE,002035,c_b952
B953,CASCINETTE D'IVREA,TORINO,PIEMONTE,001061,c_b953
B954,CASEI GEROLA,PAVIA,LOMBARDIA,018033,c_b954
B955,CASELETTE,TORINO,PIEMONTE,001062,c_b955
B956,CASELLA,GENOVA,LIGURIA,010012,c_b956
B958,CASELLE LURANI,LODI,LOMBARDIA,098012,c_b958
B959,CASELLE IN PITTARI,SALERNO,CAMPANIA,065029,c_b959
B960,CASELLE TORINESE,TORINO,PIEMONTE,001063,c_b960
B961,CASELLE LANDI,LODI,LOMBARDIA,098011,c_b961
B962,SCANDICCI,FIRENZE,TOSCANA,048041,c_b962
B963,CASERTA,CASERTA,CAMPANIA,061022,c_b963
B965,CASIER,TREVISO,VENETO,026010,c_b965
B966,CASIGNANA,REGGIO CALABRIA,CALABRIA,080024,c_b966
B967,CASINA,REGGIO EMILIA,EMILIA ROMAGNA,035013,c_b967
B968,CASTELSILANO,CROTONE,CALABRIA,101005,c_b968
B969,CASTEL DI CASIO,BOLOGNA,EMILIA ROMAGNA,037015,c_b969
B971,CASIRATE D'ADDA,BERGAMO,LOMBARDIA,016059,c_b971
B974,CASLINO D'ERBA,COMO,LOMBARDIA,013052,c_b974
B977,CASNATE CON BERNATE,COMO,LOMBARDIA,013053,c_b977
B978,CASNIGO,BERGAMO,LOMBARDIA,016060,c_b978
B979,CASOLA IN LUNIGIANA,MASSA-CARRARA,TOSCANA,045004,c_b979
B980,CASOLA DI NAPOLI,NAPOLI,CAMPANIA,063022,c_b980
B982,CASOLA VALSENIO,RAVENNA,EMILIA ROMAGNA,039005,c_b982
B984,CASOLE D'ELSA,SIENA,TOSCANA,052004,c_b984
B985,CASOLI,CHIETI,ABRUZZO,069017,C_B985
B987,CASORATE SEMPIONE,VARESE,LOMBARDIA,012039,c_b987
B988,CASORATE PRIMO,PAVIA,LOMBARDIA,018034,c_b988
B989,CASOREZZO,MILANO,LOMBARDIA,015058,c_b989
B990,CASORIA,NAPOLI,CAMPANIA,063023,c_b990
B991,CASORZO MONFERRATO,ASTI,PIEMONTE,005020,c_b991
B993,CASPOGGIO,SONDRIO,LOMBARDIA,014013,c_b933
B994,CASSACCO,UDINE,FRIULI VENEZIA GIULIA,030019,c_b994
B996,CASSAGO BRIANZA,LECCO,LOMBARDIA,097017,c_b996
B997,CASSANO IRPINO,AVELLINO,CAMPANIA,064021,c_b997
B998,CASSANO DELLE MURGE,BARI,PUGLIA,072016,c_b998
B999,CASSANO VALCUVIA,VARESE,LOMBARDIA,012041,c_b999
C002,CASSANO ALL'IONIO,COSENZA,CALABRIA,078029,c_c002
C003,CASSANO D'ADDA,MILANO,LOMBARDIA,015059,c_c003
C004,CASSANO MAGNAGO,VARESE,LOMBARDIA,012040,c_c004
C006,CASSARO,SIRACUSA,SICILIA,089007,c_c006
C007,CASSIGLIO,BERGAMO,LOMBARDIA,016061,c_c007
C013,PERO,MILANO,LOMBARDIA,015170,c_c013
C014,CASSINA DE' PECCHI,MILANO,LOMBARDIA,015060,c_c014
C020,CASSINA RIZZARDI,COMO,LOMBARDIA,013055,c_c020
C022,CASSINASCO,ASTI,PIEMONTE,005021,c_c022
C024,CASSINA VALSASSINA,LECCO,LOMBARDIA,097018,c_c024
C027,CASSINE,ALESSANDRIA,PIEMONTE,006043,c_c027
C030,CASSINELLE,ALESSANDRIA,PIEMONTE,006044,c_c030
C033,CASSINETTA DI LUGAGNANO,MILANO,LOMBARDIA,015061,c_c033
C034,CASSINO,FROSINONE,LAZIO,060019,c_c034
C037,CASSOLA,VICENZA,VENETO,024026,c_c037
C038,CASSOLNOVO,PAVIA,LOMBARDIA,018035,c_c038
C040,CASTEL CASTAGNA,TERAMO,ABRUZZO,067010,c_c040
C041,CASTAGNARO,VERONA,VENETO,023020,c_c041
C044,CASTAGNETO CARDUCCI,LIVORNO,TOSCANA,049006,c_c044
C045,CASTAGNETO PO,TORINO,PIEMONTE,001064,c_c045
C046,CASTAGNITO,CUNEO,PIEMONTE,004046,c_c046
C047,CASTAGNOLE MONFERRATO,ASTI,PIEMONTE,005023,c_c047
C048,CASTAGNOLE PIEMONTE,TORINO,PIEMONTE,001065,c_c048
C049,CASTAGNOLE DELLE LANZE,ASTI,PIEMONTE,005022,c_c049
C050,CASTANA,PAVIA,LOMBARDIA,018036,c_c050
C051,CASTELL'UMBERTO,MESSINA,SICILIA,083014,c_c051
C052,CASTANO PRIMO,MILANO,LOMBARDIA,015062,c_c052
C053,CASTEGGIO,PAVIA,LOMBARDIA,018037,c_c053
C055,CASTEGNATO,BRESCIA,LOMBARDIA,017040,c_c055
C057,CASTELBALDO,PADOVA,VENETO,028029,c_c057
C058,CASTEL BARONIA,AVELLINO,CAMPANIA,064022,c_c058
C059,CASTELBELFORTE,MANTOVA,LOMBARDIA,020013,c_c059
C060,CASTELBELLINO,ANCONA,MARCHE,042008,c_c060
C062,CASTELBELLO-CIARDES,BOLZANO,TRENTINO ALTO ADIGE,021018,c_c062
C063,CASTELBIANCO,SAVONA,LIGURIA,009020,c_92rb
C064,CASTEL BOGLIONE,ASTI,PIEMONTE,005024,c_c064
C065,CASTEL BOLOGNESE,RAVENNA,EMILIA ROMAGNA,039006,c_c065
C066,CASTELBOTTACCIO,CAMPOBASSO,MOLISE,070013,c_c066
C067,CASTELBUONO,PALERMO,SICILIA,082022,c_c067
C069,CASTELCIVITA,SALERNO,CAMPANIA,065030,c_c069
C070,SERVIGLIANO,FERMO,MARCHE,109038,c_c070
C072,CASTELCOVATI,BRESCIA,LOMBARDIA,017041,c_c072
C073,CASTELCUCCO,TREVISO,VENETO,026011,c_c073
C074,CASTELDACCIA,PALERMO,SICILIA,082023,c_c074
C075,CASTEL D'AIANO,BOLOGNA,EMILIA ROMAGNA,037013,c_c075
C076,CASTEL D'ARIO,MANTOVA,LOMBARDIA,020014,c_c076
C078,CASTEL D'AZZANO,VERONA,VENETO,023021,C_C078
C079,CASTELLI CALEPIO,BERGAMO,LOMBARDIA,016062,c_c079
C080,CASTELDELCI,RIMINI,EMILIA ROMAGNA,099021,c_c080
C081,CASTELDELFINO,CUNEO,PIEMONTE,004047,c_c081
C082,CASTEL DEL GIUDICE,ISERNIA,MOLISE,094009,c_c082
C083,CASTEL DEL MONTE,AQUILA,ABRUZZO,066026,c_c083
C085,CASTEL DEL PIANO,GROSSETO,TOSCANA,053004,C_C085
C086,CASTEL DEL RIO,BOLOGNA,EMILIA ROMAGNA,037014,c_c086
C089,CASTELDIDONE,CREMONA,LOMBARDIA,019023,c_c089
C090,CASTEL DI IERI,AQUILA,ABRUZZO,066027,c_c090
C091,CASTEL DI IUDICA,CATANIA,SICILIA,087013,c_c091
C093,CASTEL DI LAMA,ASCOLI PICENO,MARCHE,044011,c_c093
C094,CASTEL DI LUCIO,MESSINA,SICILIA,083013,c_c094
C096,CASTEL DI SANGRO,AQUILA,ABRUZZO,066028,c_c096
C097,CASTEL DI SASSO,CASERTA,CAMPANIA,061024,c_C097
C098,CASTEL DI TORA,RIETI,LAZIO,057013,c_c098
C100,CASTELFIDARDO,ANCONA,MARCHE,042010,c_c100
C101,CASTELFIORENTINO,FIRENZE,TOSCANA,048010,c_c101
C102,CASTEL FOCOGNANO,AREZZO,TOSCANA,051008,c_c102
C104,CASTELFORTE,LATINA,LAZIO,059004,c_c104
C105,CASTELFRANCI,AVELLINO,CAMPANIA,064023,c_c105
C106,CASTELFRANCO IN MISCANO,BENEVENTO,CAMPANIA,062016,c_c106
C107,CASTELFRANCO EMILIA,MODENA,EMILIA ROMAGNA,036006,c_c107
C108,CASTROLIBERO,COSENZA,CALABRIA,078031,c_m202
C110,CASTEL VITTORIO,IMPERIA,LIGURIA,008015,c_h460
C111,CASTELFRANCO VENETO,TREVISO,VENETO,026012,c_c111
C113,CASTELFRANCO DI SOTTO,PISA,TOSCANA,050009,c_c113
C114,CASTEL FRENTANO,CHIETI,ABRUZZO,069018,c_c114
C115,CASTEL GABBIANO,CREMONA,LOMBARDIA,019024,c_c115
C116,CASTEL GANDOLFO,ROMA,LAZIO,058022,c_c116
C117,CASTEL GIORGIO,TERNI,UMBRIA,055009,c_c117
C118,CASTEL GOFFREDO,MANTOVA,LOMBARDIA,020015,c_c118
C119,CASTELGOMBERTO,VICENZA,VENETO,024028,c_c119
C120,CASTELGRANDE,POTENZA,BASILICATA,076021,c_c120
C121,CASTEL GUELFO DI BOLOGNA,BOLOGNA,EMILIA ROMAGNA,037016,c_c121
C122,CASTELGUGLIELMO,ROVIGO,VENETO,029011,c_c122
C123,CASTELGUIDONE,CHIETI,ABRUZZO,069019,c_c123
C125,CASTELLABATE,SALERNO,CAMPANIA,065031,c_c125
C126,CASTELLAFIUME,AQUILA,ABRUZZO,066029,c_c126
C127,CASTELL'ALFERO,ASTI,PIEMONTE,005025,c_c127
C128,CASTELLALTO,TERAMO,ABRUZZO,067011,c_c128
C129,CASTELLAMMARE DI STABIA,NAPOLI,CAMPANIA,063024,c_c129
C130,CASTELLAMMARE DEL GOLFO,TRAPANI,SICILIA,081005,c_c130
C133,CASTELLAMONTE,TORINO,PIEMONTE,001066,c_c133
C134,CASTELLANA GROTTE,BARI,PUGLIA,072017,c_c134
C135,CASTELLANA SICULA,PALERMO,SICILIA,082024,c_c135
C136,CASTELLANETA,TARANTO,PUGLIA,073003,c_c136
C137,CASTELLANIA COPPI,ALESSANDRIA,PIEMONTE,006045,c_c137
C139,CASTELLANZA,VARESE,LOMBARDIA,012042,c_c139
C141,CASTELLARANO,REGGIO EMILIA,EMILIA ROMAGNA,035014,c_c141
C142,CASTELLAR GUIDOBONO,ALESSANDRIA,PIEMONTE,006046,c_c142
C143,CASTELLARO,IMPERIA,LIGURIA,008014,c_c143
C145,CASTELL'ARQUATO,PIACENZA,EMILIA ROMAGNA,033012,c_c145
C147,CASTELL'AZZARA,GROSSETO,TOSCANA,053005,c_c147
C148,CASTELLAZZO BORMIDA,ALESSANDRIA,PIEMONTE,006047,c_c148
C149,CASTELLAZZO NOVARESE,NOVARA,PIEMONTE,003042,c_c149
C152,CASTELLEONE DI SUASA,ANCONA,MARCHE,042011,c_c152
C153,CASTELLEONE,CREMONA,LOMBARDIA,019025,c_c153
C154,CASTELLERO,ASTI,PIEMONTE,005026,c_c154
C155,CASTELLETTO CERVO,BIELLA,PIEMONTE,096015,c_c155
C156,CASTELLETTO D'ERRO,ALESSANDRIA,PIEMONTE,006048,c_c156
C157,CASTELLETTO DI BRANDUZZO,PAVIA,LOMBARDIA,018038,c_c157
C158,CASTELLETTO D'ORBA,ALESSANDRIA,PIEMONTE,006049,c_c158
C160,CASTELLETTO MERLI,ALESSANDRIA,PIEMONTE,006050,c_c160
C161,CASTELLETTO MOLINA,ASTI,PIEMONTE,005027,c_c161
C162,CASTELLETTO MONFERRATO,ALESSANDRIA,PIEMONTE,006051,c_c162
C165,CASTELLETTO STURA,CUNEO,PIEMONTE,004049,c_c165
C166,CASTELLETTO SOPRA TICINO,NOVARA,PIEMONTE,003043,c_c166
C167,CASTELLETTO UZZONE,CUNEO,PIEMONTE,004050,c_c167
C169,CASTELLI,TERAMO,ABRUZZO,067012,c_c169
C172,CASTELLINA IN CHIANTI,SIENA,TOSCANA,052005,c_c172
C173,CASTELLINALDO D'ALBA,CUNEO,PIEMONTE,004051,c_c173
C174,CASTELLINA MARITTIMA,PISA,TOSCANA,050010,c_c174
C175,CASTELLINO DEL BIFERNO,CAMPOBASSO,MOLISE,070014,c_c175
C176,CASTELLINO TANARO,CUNEO,PIEMONTE,004052,c_c176
C177,CASTELLIRI,FROSINONE,LAZIO,060020,c_c177
C178,CASTELLO DEL MATESE,CASERTA,CAMPANIA,061025,c_c178
C181,CASTELVECCANA,VARESE,LOMBARDIA,012045,c_c181
C183,CASTEL CONDINO,TRENTO,TRENTINO ALTO ADIGE,022045,c_c183
C184,CASTELLO D'AGOGNA,PAVIA,LOMBARDIA,018039,c_c184
C185,CASTELLO D'ARGILE,BOLOGNA,EMILIA ROMAGNA,037017,c_c185
C186,CASTELLO DELL'ACQUA,SONDRIO,LOMBARDIA,014014,c_c186
C187,CASTELLO DI BRIANZA,LECCO,LOMBARDIA,097019,c_c187
C188,CASTELLO DI CISTERNA,NAPOLI,CAMPANIA,063025,c_c188
C189,CASTELLO-MOLINA DI FIEMME,TRENTO,TRENTINO ALTO ADIGE,022047,c_c194
C190,CASTELLO DI GODEGO,TREVISO,VENETO,026013,c_c190
C194,CASTELLO TESINO,TRENTO,TRENTINO ALTO ADIGE,022048,c_rlzv
C195,CASTELLUCCHIO,MANTOVA,LOMBARDIA,020016,c_c195
C197,CASTELMAURO,CAMPOBASSO,MOLISE,070015,c_c197
C198,CASTELLUCCIO DEI SAURI,FOGGIA,PUGLIA,071015,c_c198
C199,CASTELLUCCIO INFERIORE,POTENZA,BASILICATA,076022,c_c199
C200,CASTELVERRINO,ISERNIA,MOLISE,094013,c_c200
C201,CASTELLUCCIO SUPERIORE,POTENZA,BASILICATA,076023,c_c201
C202,CASTELLUCCIO VALMAGGIORE,FOGGIA,PUGLIA,071016,c_c202
C203,CASTEL MADAMA,ROMA,LAZIO,058023,c_c203
C204,CASTEL MAGGIORE,BOLOGNA,EMILIA ROMAGNA,037019,c_c204
C205,CASTELMAGNO,CUNEO,PIEMONTE,004053,c_c205
C206,CASTELMARTE,COMO,LOMBARDIA,013058,c_c206
C207,CASTELMASSA,ROVIGO,VENETO,029012,c_c207
C208,CASTEL MELLA,BRESCIA,LOMBARDIA,017042,c_c208
C209,CASTELMEZZANO,POTENZA,BASILICATA,076024,c_c209
C210,CASTELMOLA,MESSINA,SICILIA,083015,c_c210
C211,CASTEL MORRONE,CASERTA,CAMPANIA,061026,c_c211
C213,CASTELNOVETTO,PAVIA,LOMBARDIA,018040,c_c213
C214,CASTELNUOVO DI CEVA,CUNEO,PIEMONTE,004054,c_c214
C215,CASTELNOVO BARIANO,ROVIGO,VENETO,029013,c_c215
C216,CASTELNUOVO,TRENTO,TRENTINO ALTO ADIGE,022049,c_c225lr
C217,CASTELNOVO DEL FRIULI,PORDENONE,FRIULI VENEZIA GIULIA,093011,c_c217
C218,CASTELNOVO DI SOTTO,REGGIO EMILIA,EMILIA ROMAGNA,035015,c_c218
C219,CASTELNOVO NE' MONTI,REGGIO EMILIA,EMILIA ROMAGNA,035016,c_c219
C220,CASTELNUOVO BOZZENTE,COMO,LOMBARDIA,013059,c_c220
C222,CASTELNUOVO DELLA DAUNIA,FOGGIA,PUGLIA,071017,c_c222
C223,CASTELNUOVO PARANO,FROSINONE,LAZIO,060021,c_c223
C224,CASTELNUOVO DI FARFA,RIETI,LAZIO,057014,c_c224
C225,CASTELNUOVO DEL GARDA,VERONA,VENETO,023022,c_c225
C226,CASTELNUOVO BELBO,ASTI,PIEMONTE,005029,c_c226
C227,CASTELNUOVO BERARDENGA,SIENA,TOSCANA,052006,c_c227
C228,CASTELNUOVO BOCCA D'ADDA,LODI,LOMBARDIA,098013,c_c228
C229,CASTELNUOVO BORMIDA,ALESSANDRIA,PIEMONTE,006052,c_c229
C230,CASTELNUOVO CALCEA,ASTI,PIEMONTE,005030,c_c230
C231,CASTELNUOVO CILENTO,SALERNO,CAMPANIA,065032,c_c231
C232,CASTELNUOVO DON BOSCO,ASTI,PIEMONTE,005031,c_c232
C235,CASTELNUOVO DI CONZA,SALERNO,CAMPANIA,065033,c_c235
C236,CASTELNUOVO DI GARFAGNANA,LUCCA,TOSCANA,046009,c_c236
C237,CASTELNUOVO DI PORTO,ROMA,LAZIO,058024,c_c237
C240,CASTELNUOVO MAGRA,LA SPEZIA,LIGURIA,011011,c_c240
C241,CASTELNUOVO NIGRA,TORINO,PIEMONTE,001067,c_c241
C242,CASTELNUOVO RANGONE,MODENA,EMILIA ROMAGNA,036007,c_c242
C243,CASTELNUOVO SCRIVIA,ALESSANDRIA,PIEMONTE,006053,c_c243
C244,CASTELNUOVO DI VAL DI CECINA,PISA,TOSCANA,050011,c_c244
C245,CASTELPAGANO,BENEVENTO,CAMPANIA,062017,c_c245
C246,CASTELPETROSO,ISERNIA,MOLISE,094010,c_c246
C247,CASTELPIZZUTO,ISERNIA,MOLISE,094011,c_c247
C248,CASTELPLANIO,ANCONA,MARCHE,042012,c_c248
C250,CASTELPOTO,BENEVENTO,CAMPANIA,062018,c_c250
C251,CASTELRAIMONDO,MACERATA,MARCHE,043009,c_c251
C252,CASTEL RITALDI,PERUGIA,UMBRIA,054008,c_c252
C253,CASTEL ROCCHERO,ASTI,PIEMONTE,005032,c_c253
C254,CASTELROTTO,BOLZANO,TRENTINO ALTO ADIGE,021019,c_c254
C255,CASTEL ROZZONE,BERGAMO,LOMBARDIA,016063,c_c255
C259,CASTEL SAN GIORGIO,SALERNO,CAMPANIA,065034,c_c259
C261,CASTEL SAN GIOVANNI,PIACENZA,EMILIA ROMAGNA,033013,c_c261
C262,CASTEL SAN LORENZO,SALERNO,CAMPANIA,065035,c_c262
C263,CASTEL SAN NICCOLO',AREZZO,TOSCANA,051010,c_c263
C265,CASTEL SAN PIETRO TERME,BOLOGNA,EMILIA ROMAGNA,037020,c_c265
C266,CASTEL SAN PIETRO ROMANO,ROMA,LAZIO,058025,c_c266
C267,CASTELSANTANGELO SUL NERA,MACERATA,MARCHE,043010,c_c267
C268,CASTEL SANT'ANGELO,RIETI,LAZIO,057015,c_c268
C269,CASTEL SANT'ELIA,VITERBO,LAZIO,056017,c_c269
C270,CASTEL SAN VINCENZO,ISERNIA,MOLISE,094012,c_c270
C271,CASTELSARACENO,POTENZA,BASILICATA,076025,c_c271
C272,CASTELSARDO,SASSARI,SARDEGNA,090023,c_c272
C273,CASTELSEPRIO,VARESE,LOMBARDIA,012044,c_c273
C274,CASTELSPINA,ALESSANDRIA,PIEMONTE,006054,c_c274
C275,CASTELTERMINI,AGRIGENTO,SICILIA,084012,c_c275
C276,CASTELVECCHIO DI ROCCA BARBENA,SAVONA,LIGURIA,009021,c_c276
C278,CASTELVECCHIO CALVISIO,AQUILA,ABRUZZO,066030,c_c278
C279,CASTELVECCHIO SUBEQUO,AQUILA,ABRUZZO,066031,c_c279
C280,CASTELVENERE,BENEVENTO,CAMPANIA,062019,c_c280
C282,VERRES,AOSTA,VALLE D'AOSTA,007073,c_c282
C283,CASTELVETERE SUL CALORE,AVELLINO,CAMPANIA,064024,c_c283
C284,CASTELVETERE IN VAL FORTORE,BENEVENTO,CAMPANIA,062020,c_c284
C285,CAULONIA,REGGIO CALABRIA,CALABRIA,080025,c_c285
C286,CASTELVETRANO,TRAPANI,SICILIA,081006,c_c286
C287,CASTELVETRO DI MODENA,MODENA,EMILIA ROMAGNA,036008,c_c287
C288,CASTELVETRO PIACENTINO,PIACENZA,EMILIA ROMAGNA,033014,c_c288
C289,CASTEL VISCARDO,TERNI,UMBRIA,055010,c_c289
C290,CASTELVISCONTI,CREMONA,LOMBARDIA,019027,c_c290
C291,CASTEL VOLTURNO,CASERTA,CAMPANIA,061027,c_c291
C292,CASTENASO,BOLOGNA,EMILIA ROMAGNA,037021,c_c292
C293,CASTENEDOLO,BRESCIA,LOMBARDIA,017043,c_c293
C294,CHATILLON,AOSTA,VALLE D'AOSTA,007020,c_c294
C296,CASTIGLIONE DEI PEPOLI,BOLOGNA,EMILIA ROMAGNA,037022,c_c296
C297,CASTIGLIONE DI SICILIA,CATANIA,SICILIA,087014,c_c297
C298,CASTIGLIONE MESSER MARINO,CHIETI,ABRUZZO,069020,c_c298
C300,CASTIGLIONE OLONA,VARESE,LOMBARDIA,012046,c_c300
C301,CASTIGLIONE COSENTINO,COSENZA,CALABRIA,078030,c_c301
C302,CASTIGLIONE CHIAVARESE,GENOVA,LIGURIA,010013,c_c302
C303,CASTIGLIONE DI GARFAGNANA,LUCCA,TOSCANA,046010,c_c303
C304,CASTIGLIONE D'ADDA,LODI,LOMBARDIA,098014,C_C304
C306,CASTIGLIONE DEL GENOVESI,SALERNO,CAMPANIA,065036,C_C306
C307,CASTIGLIONE TORINESE,TORINO,PIEMONTE,001068,c_c307
C308,CASTIGLIONE A CASAURIA,PESCARA,ABRUZZO,068009,c_c308
C309,CASTIGLIONE DEL LAGO,PERUGIA,UMBRIA,054009,c_c309
C310,CASTIGLIONE DELLA PESCAIA,GROSSETO,TOSCANA,053006,c_c310
C311,COLLEDARA,TERAMO,ABRUZZO,067018,c_c311
C312,CASTIGLIONE DELLE STIVIERE,MANTOVA,LOMBARDIA,020017,c_c312
C313,CASTIGLIONE D'ORCIA,SIENA,TOSCANA,052007,c_c313
C314,CASTIGLIONE FALLETTO,CUNEO,PIEMONTE,004055,c_c314
C315,CASTIGLIONE IN TEVERINA,VITERBO,LAZIO,056018,c_c315
C316,CASTIGLIONE MESSER RAIMONDO,TERAMO,ABRUZZO,067013,c_c316
C317,CASTIGLIONE TINELLA,CUNEO,PIEMONTE,004056,c_c317
C318,CASTIGLION FIBOCCHI,AREZZO,TOSCANA,051011,c_c318
C319,CASTIGLION FIORENTINO,AREZZO,TOSCANA,051012,c_c319
C321,CASTIGNANO,ASCOLI PICENO,MARCHE,044012,c_c321
C322,CASTILENTI,TERAMO,ABRUZZO,067014,c_c322
C323,CASTINO,CUNEO,PIEMONTE,004057,c_c323
C324,CASTIONE DELLA PRESOLANA,BERGAMO,LOMBARDIA,016064,c_c324
C325,CASTIONE ANDEVENNO,SONDRIO,LOMBARDIA,014015,c_c325
C327,CASTIONS DI STRADA,UDINE,FRIULI VENEZIA GIULIA,030020,c_c327
C329,CASTIRAGA VIDARDO,LODI,LOMBARDIA,098015,c_c329
C330,CASTO,BRESCIA,LOMBARDIA,017044,c_l406
C331,CASTORANO,ASCOLI PICENO,MARCHE,044013,c_c331
C332,CASTREZZATO,BRESCIA,LOMBARDIA,017045,c_c332
C334,CASTRI DI LECCE,LECCE,PUGLIA,075017,c_c334
C335,CASTRIGNANO DE' GRECI,LECCE,PUGLIA,075018,c_c335
C336,CASTRIGNANO DEL CAPO,LECCE,PUGLIA,075019,c_c336
C337,CASTRO,BERGAMO,LOMBARDIA,016065,c_c337
C338,CASTRO DEI VOLSCI,FROSINONE,LAZIO,060023,c_c338
C339,CASTROCARO TERME E TERRA DEL SOLE,FORLI,EMILIA ROMAGNA,040005,c_c339
C340,CASTROCIELO,FROSINONE,LAZIO,060022,c_c340
C341,CASTROFILIPPO,AGRIGENTO,SICILIA,084013,c_c341
C342,ENNA,ENNA,SICILIA,086009,c_c342
C343,CASTRONNO,VARESE,LOMBARDIA,012047,c_c343
C344,CASTRONOVO DI SICILIA,PALERMO,SICILIA,082025,c_c344
C345,CASTRONUOVO DI SANT'ANDREA,POTENZA,BASILICATA,076026,c_csapz
C346,CASTROPIGNANO,CAMPOBASSO,MOLISE,070016,c_c346
C347,CASTROREALE,MESSINA,SICILIA,083016,c_c347
C348,CASTROREGIO,COSENZA,CALABRIA,078032,c_c348
C349,CASTROVILLARI,COSENZA,CALABRIA,078033,c_c349
C351,CATANIA,CATANIA,SICILIA,087015,c_c351
C352,CATANZARO,CATANZARO,CALABRIA,079023,c_c352
C353,CATENANUOVA,ENNA,SICILIA,086006,c_c353
C354,CATIGNANO,PESCARA,ABRUZZO,068010,c_c354
C356,CATTOLICA ERACLEA,AGRIGENTO,SICILIA,084014,c_c356
C357,CATTOLICA,RIMINI,EMILIA ROMAGNA,099002,c_c357
C359,CAUTANO,BENEVENTO,CAMPANIA,062021,c_c359
C360,CAVA MANARA,PAVIA,LOMBARDIA,018041,c_c360
C361,CAVA DE' TIRRENI,SALERNO,CAMPANIA,065037,c_c361
C363,CAVAGLIA',BIELLA,PIEMONTE,096016,c_c363
C364,CAVAGLIETTO,NOVARA,PIEMONTE,003044,c_c364
C365,CAVAGLIO D'AGOGNA,NOVARA,PIEMONTE,003045,c_c365
C369,CAVAGNOLO,TORINO,PIEMONTE,001069,c_c369
C370,CAVAION VERONESE,VERONA,VENETO,023023,c_c370
C372,CAVALESE,TRENTO,TRENTINO ALTO ADIGE,022050,c_c372
C375,CAVALLERLEONE,CUNEO,PIEMONTE,004058,c_c375
C376,CAVALLERMAGGIORE,CUNEO,PIEMONTE,004059,c_c376
C377,CAVALLINO,LECCE,PUGLIA,075020,c_c377
C378,CAVALLIRIO,NOVARA,PIEMONTE,003047,c_c378
C380,CAVARENO,TRENTO,TRENTINO ALTO ADIGE,022051,c_c380
C381,CAVARGNA,COMO,LOMBARDIA,013062,c_c381
C382,CAVARIA CON PREMEZZO,VARESE,LOMBARDIA,012048,c_c382
C383,CAVARZERE,VENEZIA,VENETO,027006,c_c383
C384,CAVASO DEL TOMBA,TREVISO,VENETO,026014,c_c384
C385,CAVASSO NUOVO,PORDENONE,FRIULI VENEZIA GIULIA,093012,c_c385
C387,CAVATORE,ALESSANDRIA,PIEMONTE,006055,c_c387
C388,JESOLO,VENEZIA,VENETO,027019,c_c388
C389,CAVAZZO CARNICO,UDINE,FRIULI VENEZIA GIULIA,030021,c_c389
C390,CAVE,ROMA,LAZIO,058026,c_c390
C392,CAVEDAGO,TRENTO,TRENTINO ALTO ADIGE,022052,c_dez8
C393,CAVEDINE,TRENTO,TRENTINO ALTO ADIGE,022053,c_c393
C394,CAVENAGO D'ADDA,LODI,LOMBARDIA,098017,c_c394
C395,CAVENAGO DI BRIANZA,MONZA E DELLA BRIANZA,LOMBARDIA,108017,c_c395
C396,CAVERNAGO,BERGAMO,LOMBARDIA,016066,c_c396
C398,CAVEZZO,MODENA,EMILIA ROMAGNA,036009,c_c398
C400,CAVIZZANA,TRENTO,TRENTINO ALTO ADIGE,022054,c_c400
C404,CAVOUR,TORINO,PIEMONTE,001070,c_c404
C405,CAVRIAGO,REGGIO EMILIA,EMILIA ROMAGNA,035017,c_c405
C406,CAVRIANA,MANTOVA,LOMBARDIA,020018,c_c406
C407,CAVRIGLIA,AREZZO,TOSCANA,051013,c_c407
C408,CAZZAGO SAN MARTINO,BRESCIA,LOMBARDIA,017046,c_c408
C409,CAZZAGO BRABBIA,VARESE,LOMBARDIA,012049,c_c409
C410,CAZZANO SANT'ANDREA,BERGAMO,LOMBARDIA,016067,c_c410
C412,CAZZANO DI TRAMIGNA,VERONA,VENETO,023024,c_c412
C413,CECCANO,FROSINONE,LAZIO,060024,c_c413
C414,CECIMA,PAVIA,LOMBARDIA,018042,c_c414
C415,CECINA,LIVORNO,TOSCANA,049007,c_c415
C417,CEDEGOLO,BRESCIA,LOMBARDIA,017047,c_c417
C418,CEDRASCO,SONDRIO,LOMBARDIA,014016,c_c418
C420,CEFALA' DIANA,PALERMO,SICILIA,082026,c_c420
C421,CEFALU',PALERMO,SICILIA,082027,c_c421
C422,CEGGIA,VENEZIA,VENETO,027007,c_c422
C424,CEGLIE MESSAPICA,BRINDISI,PUGLIA,074003,c_c424
C426,CELANO,AQUILA,ABRUZZO,066032,c_c426
C428,CELENZA SUL TRIGNO,CHIETI,ABRUZZO,069021,c_c428
C429,CELENZA VALFORTORE,FOGGIA,PUGLIA,071018,c_c429
C430,CELICO,COSENZA,CALABRIA,078034,c_c430
C432,CELLA MONTE,ALESSANDRIA,PIEMONTE,006056,c_c432
C435,CELLA DATI,CREMONA,LOMBARDIA,019028,c_c435
C436,CELLAMARE,BARI,PUGLIA,072018,c_c436
C437,CELLARA,COSENZA,CALABRIA,078035,c_c437
C438,CELLARENGO,ASTI,PIEMONTE,005033,c_c438
C439,CELLATICA,BRESCIA,LOMBARDIA,017048,c_c439
C440,CELLE ENOMONDO,ASTI,PIEMONTE,005034,c_c440
C441,CELLE DI MACRA,CUNEO,PIEMONTE,004060,c_c441
C442,CELLE DI SAN VITO,FOGGIA,PUGLIA,071019,c_c442
C443,CELLE LIGURE,SAVONA,LIGURIA,009022,c_c443
C444,CELLE DI BULGHERIA,SALERNO,CAMPANIA,065038,c_c444
C446,CELLENO,VITERBO,LAZIO,056019,c_c446
C447,CELLERE,VITERBO,LAZIO,056020,c_c447
C448,CELLINO SAN MARCO,BRINDISI,PUGLIA,074004,c_c448
C449,CELLINO ATTANASIO,TERAMO,ABRUZZO,067015,c_3rhm
C453,CENADI,CATANZARO,CALABRIA,079024,c_c453
C456,CENATE SOPRA,BERGAMO,LOMBARDIA,016068,c_c456
C457,CENATE SOTTO,BERGAMO,LOMBARDIA,016069,c_c457
C458,CENCENIGHE AGORDINO,BELLUNO,VENETO,025010,c_c458
C459,CENE,BERGAMO,LOMBARDIA,016070,c_c459
C461,CENESELLI,ROVIGO,VENETO,029014,c_c461
C463,CENGIO,SAVONA,LIGURIA,009023,c_c463
C466,CENTALLO,CUNEO,PIEMONTE,004061,c_c466
C469,CENTO,FERRARA,EMILIA ROMAGNA,038004,c_c469
C470,CENTOLA,SALERNO,CAMPANIA,065039,c_c470
C471,CENTURIPE,ENNA,SICILIA,086007,c_c471
C472,CENTRACHE,CATANZARO,CALABRIA,079025,c_c472
C474,CEPAGATTI,PESCARA,ABRUZZO,068011,c_c474
C476,CEPPALONI,BENEVENTO,CAMPANIA,062022,c_c476
C478,CEPPO MORELLI,VERBANO-CUSIO-OSSOLA,PIEMONTE,103021,c_c478
C479,CEPRANO,FROSINONE,LAZIO,060025,c_c479
C480,CERAMI,ENNA,SICILIA,086008,c_c480
C481,CERANESI,GENOVA,LIGURIA,010014,c_c481
C482,CERANO D'INTELVI,COMO,LOMBARDIA,013063,C_C482
C483,CERANO,NOVARA,PIEMONTE,003049,c_c483
C484,CERANOVA,PAVIA,LOMBARDIA,018043,c_c484
C485,CERASO,SALERNO,CAMPANIA,065040,c_c485
C486,CERCEMAGGIORE,CAMPOBASSO,MOLISE,070017,c_c486
C487,CERCENASCO,TORINO,PIEMONTE,001071,c_c487
C488,CERCEPICCOLA,CAMPOBASSO,MOLISE,070018,c_c488
C489,CERCHIARA DI CALABRIA,COSENZA,CALABRIA,078036,c_c489
C492,CERCHIO,AQUILA,ABRUZZO,066033,c_c492
C493,CERCINO,SONDRIO,LOMBARDIA,014017,c_c493
C494,CERCIVENTO,UDINE,FRIULI VENEZIA GIULIA,030022,c_c494
C495,CERCOLA,NAPOLI,CAMPANIA,063026,c_c495
C496,CERDA,PALERMO,SICILIA,082028,c_c496
C497,CERES,TORINO,PIEMONTE,001072,c_c497
C498,CEREA,VERONA,VENETO,023025,c_c498
C500,CEREGNANO,ROVIGO,VENETO,029015,c_c500
C501,CERENZIA,CROTONE,CALABRIA,101006,c_c501
C502,CERESARA,MANTOVA,LOMBARDIA,020019,c_c502
C503,CERESETO,ALESSANDRIA,PIEMONTE,006057,c_c503
C504,CERESOLE ALBA,CUNEO,PIEMONTE,004062,c_c504
C505,CERESOLE REALE,TORINO,PIEMONTE,001073,c_c505
C506,CERETE,BERGAMO,LOMBARDIA,016071,c_c506
C507,CERRETO GRUE,ALESSANDRIA,PIEMONTE,006058,c_c507
C508,CERETTO LOMELLINA,PAVIA,LOMBARDIA,018044,c_c508
C509,CERGNAGO,PAVIA,LOMBARDIA,018045,c_c509
C510,CERIALE,SAVONA,LIGURIA,009024,c_c510
C511,CERIANA,IMPERIA,LIGURIA,008016,c_c511
C512,CERIANO LAGHETTO,MONZA E DELLA BRIANZA,LOMBARDIA,108018,c_c512
C513,CERIGNALE,PIACENZA,EMILIA ROMAGNA,033015,c_c513
C514,CERIGNOLA,FOGGIA,PUGLIA,071020,C_C514
C515,CERISANO,COSENZA,CALABRIA,078037,c_c515
C516,CERMENATE,COMO,LOMBARDIA,013064,c_c516
C517,CERMIGNANO,TERAMO,ABRUZZO,067016,c_c517
C518,CERRETO LAZIALE,ROMA,LAZIO,058027,c_c518
C520,CERNOBBIO,COMO,LOMBARDIA,013065,c_c520
C521,CERNUSCO LOMBARDONE,LECCO,LOMBARDIA,097020,c_c521
C523,CERNUSCO SUL NAVIGLIO,MILANO,LOMBARDIA,015070,c_c523
C524,CERRETO D'ESI,ANCONA,MARCHE,042013,c_c524
C525,CERRETO SANNITA,BENEVENTO,CAMPANIA,062023,c_c525
C527,CERRETO DI SPOLETO,PERUGIA,UMBRIA,054010,c_c527
C528,CERRETO D'ASTI,ASTI,PIEMONTE,005035,c_c528
C529,CERRETO GUIDI,FIRENZE,TOSCANA,048011,c_c529
C530,CERRETTO LANGHE,CUNEO,PIEMONTE,004063,c_c530
C531,CERRINA MONFERRATO,ALESSANDRIA,PIEMONTE,006059,c_c531
C532,CERRIONE,BIELLA,PIEMONTE,096018,c_c532
C533,CERRO TANARO,ASTI,PIEMONTE,005036,c_c533
C534,CERRO AL VOLTURNO,ISERNIA,MOLISE,094014,c_c534
C536,CERRO AL LAMBRO,MILANO,LOMBARDIA,015071,c_c536
C537,CERRO MAGGIORE,MILANO,LOMBARDIA,015072,c_c537
C538,CERRO VERONESE,VERONA,VENETO,023026,c_c538
C539,CERSOSIMO,POTENZA,BASILICATA,076027,c_c539
C540,CERTALDO,FIRENZE,TOSCANA,048012,c_c540
C541,CERTOSA DI PAVIA,PAVIA,LOMBARDIA,018046,c_c541
C542,CERVA,CATANZARO,CALABRIA,079027,c_c542
C543,CERVARA DI ROMA,ROMA,LAZIO,058028,c_c543
C544,CERVARESE SANTA CROCE,PADOVA,VENETO,028030,c_c544
C545,CERVARO,FROSINONE,LAZIO,060026,c_c545
C547,CERVASCA,CUNEO,PIEMONTE,004064,c_c547
C548,CERVATTO,VERCELLI,PIEMONTE,002041,c_c548
C549,CERVENO,BRESCIA,LOMBARDIA,017049,c_8ogv
C550,CERVERE,CUNEO,PIEMONTE,004065,c_c550
C551,CERVESINA,PAVIA,LOMBARDIA,018047,c_c551
C552,CERVETERI,ROMA,LAZIO,058029,c_c552
C553,CERVIA,RAVENNA,EMILIA ROMAGNA,039007,c_c553
C554,CERVICATI,COSENZA,CALABRIA,078038,c_c554
C555,CERVIGNANO D'ADDA,LODI,LOMBARDIA,098018,c_c555
C556,CERVIGNANO DEL FRIULI,UDINE,FRIULI VENEZIA GIULIA,030023,c_c556
C557,CERVINARA,AVELLINO,CAMPANIA,064025,c_c557
C558,CERVINO,CASERTA,CAMPANIA,061028,C_C558
C559,CERVO,IMPERIA,LIGURIA,008017,c_c559
C560,CERZETO,COSENZA,CALABRIA,078039,c_c560
C561,CESA,CASERTA,CAMPANIA,061029,c_c561
C563,CESANA BRIANZA,LECCO,LOMBARDIA,097021,c_c563
C564,CESANA TORINESE,TORINO,PIEMONTE,001074,c_c564
C565,CESANO BOSCONE,MILANO,LOMBARDIA,015074,c_c565
C566,CESANO MADERNO,MONZA E DELLA BRIANZA,LOMBARDIA,108019,c_c566
C567,CESARA,VERBANO-CUSIO-OSSOLA,PIEMONTE,103022,c_c567
C568,CESARO',MESSINA,SICILIA,083017,c_c568
C569,CESATE,MILANO,LOMBARDIA,015076,c_c569
C573,CESENA,FORLI,EMILIA ROMAGNA,040007,c_c573
C574,CESENATICO,FORLI,EMILIA ROMAGNA,040008,c_c574
C576,CESINALI,AVELLINO,CAMPANIA,064026,c_c576
C577,CESIOMAGGIORE,BELLUNO,VENETO,025011,c_c577
C578,CESIO,IMPERIA,LIGURIA,008018,c_c578
C580,CESSALTO,TREVISO,VENETO,026015,c_c580
C581,CESSANITI,VIBO VALENTIA,CALABRIA,102006,c_c581
C582,CESSAPALOMBO,MACERATA,MARCHE,043011,c_c582
C583,CESSOLE,ASTI,PIEMONTE,005037,c_c583
C584,CETARA,SALERNO,CAMPANIA,065041,c_c584
C585,CETO,BRESCIA,LOMBARDIA,017050,c_c585
C587,CETONA,SIENA,TOSCANA,052008,c_c587
C588,CETRARO,COSENZA,CALABRIA,078040,c_c588
C589,CEVA,CUNEO,PIEMONTE,004066,c_c589
C591,CEVO,BRESCIA,LOMBARDIA,017051,c_c591
C593,CHALLAND-SAINT-ANSELME,AOSTA,VALLE D'AOSTA,007013,c_c593
C594,CHALLAND-SAINT-VICTOR,AOSTA,VALLE D'AOSTA,007014,c_c594
C595,CHAMBAVE,AOSTA,VALLE D'AOSTA,007015,c_c595
C596,CHAMPDEPRAZ,AOSTA,VALLE D'AOSTA,007017,c_c596
C598,CHARVENSOD,AOSTA,VALLE D'AOSTA,007019,c_c598
C599,CHERASCO,CUNEO,PIEMONTE,004067,c_c599
C600,CHEREMULE,SASSARI,SARDEGNA,090024,c_c600
C604,CHIALAMBERTO,TORINO,PIEMONTE,001075,c_c604
C605,CHIAMPO,VICENZA,VENETO,024029,c_c605
C606,CHIANCHE,AVELLINO,CAMPANIA,064027,c_c606
C608,CHIANCIANO TERME,SIENA,TOSCANA,052009,c_c608
C609,CHIANNI,PISA,TOSCANA,050012,c_c609
C610,CHIANOCCO,TORINO,PIEMONTE,001076,c_c610
C612,CHIARAMONTE GULFI,RAGUSA,SICILIA,088002,c_c612
C613,CHIARAMONTI,SASSARI,SARDEGNA,090025,c_c613
C614,CHIARANO,TREVISO,VENETO,026016,c_c614
C615,CHIARAVALLE,ANCONA,MARCHE,042014,c_c615
C616,CHIARAVALLE CENTRALE,CATANZARO,CALABRIA,079029,c_c616
C618,CHIARI,BRESCIA,LOMBARDIA,017052,c_c618
C619,CHIAROMONTE,POTENZA,BASILICATA,076028,c_c619
C620,CHIAUCI,ISERNIA,MOLISE,094015,c_c620
C621,CHIAVARI,GENOVA,LIGURIA,010015,c_c621
C623,CHIAVENNA,SONDRIO,LOMBARDIA,014018,c_c623
C624,CHIAVERANO,TORINO,PIEMONTE,001077,c_c624
C625,CHIENES,BOLZANO,TRENTINO ALTO ADIGE,021021,c_c625
C627,CHIERI,TORINO,PIEMONTE,001078,c_c627
C628,CHIESA IN VALMALENCO,SONDRIO,LOMBARDIA,014019,c_c628
C629,CHIESANUOVA,TORINO,PIEMONTE,001079,c_c629
C630,CHIES D'ALPAGO,BELLUNO,VENETO,025012,c_c630
C631,CHIESINA UZZANESE,PISTOIA,TOSCANA,047022,c_c631
C632,CHIETI,CHIETI,ABRUZZO,069022,c_c632
C633,CHIEUTI,FOGGIA,PUGLIA,071021,c_c633
C634,CHIEVE,CREMONA,LOMBARDIA,019029,c_c634
C635,CHIGNOLO D'ISOLA,BERGAMO,LOMBARDIA,016072,C_C635
C637,CHIGNOLO PO,PAVIA,LOMBARDIA,018048,c_c637
C638,CHIOGGIA,VENEZIA,VENETO,027008,c_c638
C639,CHIOMONTE,TORINO,PIEMONTE,001080,c_c639
C640,CHIONS,PORDENONE,FRIULI VENEZIA GIULIA,093013,c_c640
C641,CHIOPRIS VISCONE,UDINE,FRIULI VENEZIA GIULIA,030024,c_c641
C648,CHITIGNANO,AREZZO,TOSCANA,051014,c_c648
C649,CHIUDUNO,BERGAMO,LOMBARDIA,016073,c_c649
C650,CHIUPPANO,VICENZA,VENETO,024030,c_c650
C651,CHIURO,SONDRIO,LOMBARDIA,014020,c_c651
C652,CHIUSA,BOLZANO,TRENTINO ALTO ADIGE,021022,c_c652
C653,CHIUSA DI PESIO,CUNEO,PIEMONTE,004068,c_c653
C654,CHIUSA SCLAFANI,PALERMO,SICILIA,082029,c_c654
C655,CHIUSA DI SAN MICHELE,TORINO,PIEMONTE,001081,c_c655
C656,CHIUSAFORTE,UDINE,FRIULI VENEZIA GIULIA,030025,c_c656
C657,CHIUSANICO,IMPERIA,LIGURIA,008019,c_c657
C658,CHIUSANO D'ASTI,ASTI,PIEMONTE,005038,c_c658
C659,CHIUSANO DI SAN DOMENICO,AVELLINO,CAMPANIA,064028,c_c659
C660,CHIUSAVECCHIA,IMPERIA,LIGURIA,008020,c_c660
C661,CHIUSDINO,SIENA,TOSCANA,052010,c_c661
C662,CHIUSI,SIENA,TOSCANA,052011,c_c662
C663,CHIUSI DELLA VERNA,AREZZO,TOSCANA,051015,c_c663
C665,CHIVASSO,TORINO,PIEMONTE,001082,c_c665
C668,CIANCIANA,AGRIGENTO,SICILIA,084015,c_c668
C669,CANOSSA,REGGIO EMILIA,EMILIA ROMAGNA,035018,c_c669
C670,CROCETTA DEL MONTELLO,TREVISO,VENETO,026025,c_c670
C672,CIBIANA DI CADORE,BELLUNO,VENETO,025013,c_c672
C673,CICAGNA,GENOVA,LIGURIA,010016,c_c673
C674,CICALA,CATANZARO,CALABRIA,079030,c_c674
C675,CICCIANO,NAPOLI,CAMPANIA,063027,c_c675
C676,CICERALE,SALERNO,CAMPANIA,065042,c_c676
C677,CICILIANO,ROMA,LAZIO,058030,c_m095
C678,CICOGNOLO,CREMONA,LOMBARDIA,019030,c_c678
C679,CICONIO,TORINO,PIEMONTE,001083,c_c679
C680,CIGLIANO,VERCELLI,PIEMONTE,002042,c_c680
C681,CIGLIE',CUNEO,PIEMONTE,004069,c_c681
C684,CIGOGNOLA,PAVIA,LOMBARDIA,018049,c_c684
C685,CIGOLE,BRESCIA,LOMBARDIA,017053,c_c685
C686,CILAVEGNA,PAVIA,LOMBARDIA,018050,c_c686
C689,CIMADOLMO,TREVISO,VENETO,026017,c_c689
C691,CIMBERGO,BRESCIA,LOMBARDIA,017054,c_c691
C695,CIMINA',REGGIO CALABRIA,CALABRIA,080026,c_c695
C696,CIMINNA,PALERMO,SICILIA,082030,c_c696
C697,CIMITILE,NAPOLI,CAMPANIA,063028,c_c697
C698,TAVERNOLE SUL MELLA,BRESCIA,LOMBARDIA,017183,c_c698
C699,CIMOLAIS,PORDENONE,FRIULI VENEZIA GIULIA,093014,c_c699
C700,CIMONE,TRENTO,TRENTINO ALTO ADIGE,022058,c_c700
C701,CINAGLIO,ASTI,PIEMONTE,005039,c_c701
C702,CINETO ROMANO,ROMA,LAZIO,058031,c_c702
C703,CINGIA DE' BOTTI,CREMONA,LOMBARDIA,019031,c_c703
C704,CINGOLI,MACERATA,MARCHE,043012,c_c704
C705,CINIGIANO,GROSSETO,TOSCANA,053007,c_c705
C707,CINISELLO BALSAMO,MILANO,LOMBARDIA,015077,c_c707
C708,CINISI,PALERMO,SICILIA,082031,c_c708
C709,CINO,SONDRIO,LOMBARDIA,014021,c_c709
C710,CINQUEFRONDI,REGGIO CALABRIA,CALABRIA,080027,c_c710
C711,CINTANO,TORINO,PIEMONTE,001084,c_c711
C712,CINTE TESINO,TRENTO,TRENTINO ALTO ADIGE,022059,c_c712
C713,CINTO EUGANEO,PADOVA,VENETO,028031,c_c713
C714,CINTO CAOMAGGIORE,VENEZIA,VENETO,027009,c_c714
C715,CINZANO,TORINO,PIEMONTE,001085,c_c715
C716,CIORLANO,CASERTA,CAMPANIA,061030,c_c716
C717,SANTA MARIA DEL CEDRO,COSENZA,CALABRIA,078132,c_c717
C718,CIPRESSA,IMPERIA,LIGURIA,008021,c_h957
C719,CIRCELLO,BENEVENTO,CAMPANIA,062024,c_c719
C722,CIRIE',TORINO,PIEMONTE,001086,c_c722
C723,CIRIGLIANO,MATERA,BASILICATA,077005,c_c723
C724,CIRIMIDO,COMO,LOMBARDIA,013068,c_c724
C725,CIRO',CROTONE,CALABRIA,101007,c_c725
C726,CIRO' MARINA,CROTONE,CALABRIA,101008,c_c726
C727,CIS,TRENTO,TRENTINO ALTO ADIGE,022060,c_c727
C728,CISANO BERGAMASCO,BERGAMO,LOMBARDIA,016074,c_c728
C729,CISANO SUL NEVA,SAVONA,LIGURIA,009025,c_c729
C730,CISERANO,BERGAMO,LOMBARDIA,016075,c_c730
C732,CISLAGO,VARESE,LOMBARDIA,012050,c_c732
C733,CISLIANO,MILANO,LOMBARDIA,015078,c_c733
C735,CISON DI VALMARINO,TREVISO,VENETO,026018,c_c735
C738,CISSONE,CUNEO,PIEMONTE,004070,c_c738
C739,CISTERNA D'ASTI,ASTI,PIEMONTE,005040,c_c739
C740,CISTERNA DI LATINA,LATINA,LAZIO,059005,c_c740
C741,CISTERNINO,BRINDISI,PUGLIA,074005,c_c741
C742,CITERNA,PERUGIA,UMBRIA,054011,c_c742
C743,CITTADELLA,PADOVA,VENETO,028032,c_c743
C744,CITTA' DELLA PIEVE,PERUGIA,UMBRIA,054012,c_c744
C745,CITTA' DI CASTELLO,PERUGIA,UMBRIA,054013,c_c745
C746,CITTADUCALE,RIETI,LAZIO,057016,c_c746
C747,CITTANOVA,REGGIO CALABRIA,CALABRIA,080028,c_c747
C749,CITTAREALE,RIETI,LAZIO,057017,c_c749
C750,CITTA' SANT'ANGELO,PESCARA,ABRUZZO,068012,c_c750
C751,CITTIGLIO,VARESE,LOMBARDIA,012051,c_c751
C752,CIVATE,LECCO,LOMBARDIA,097022,c_c752
C755,CIVEZZA,IMPERIA,LIGURIA,008022,c_c755
C756,CIVEZZANO,TRENTO,TRENTINO ALTO ADIGE,022061,c_c756
C757,CIVIASCO,VERCELLI,PIEMONTE,002043,c_c757
C758,CIVIDALE DEL FRIULI,UDINE,FRIULI VENEZIA GIULIA,030026,c_c758
C759,CIVIDATE AL PIANO,BERGAMO,LOMBARDIA,016076,c_c759
C760,CIVIDATE CAMUNO,BRESCIA,LOMBARDIA,017055,c_c760
C763,CIVITA,COSENZA,CALABRIA,078041,c_c763
C764,CIVITACAMPOMARANO,CAMPOBASSO,MOLISE,070019,c_c764
C765,CIVITA CASTELLANA,VITERBO,LAZIO,056021,c_c765
C766,CIVITA D'ANTINO,AQUILA,ABRUZZO,066034,c_c766
C767,LANUVIO,ROMA,LAZIO,058050,c_c767
C768,CIVITALUPARELLA,CHIETI,ABRUZZO,069023,c_c768
C769,CIVITANOVA DEL SANNIO,ISERNIA,MOLISE,094016,c_c769
C770,CIVITANOVA MARCHE,MACERATA,MARCHE,043013,c_c770
C771,CIVITAQUANA,PESCARA,ABRUZZO,068013,c_c771
C772,DURONIA,CAMPOBASSO,MOLISE,070022,c_c772
C773,CIVITAVECCHIA,ROMA,LAZIO,058032,c_c773
C774,CIVITELLA IN VAL DI CHIANA,AREZZO,TOSCANA,051016,c_c774
C776,CIVITELLA MESSER RAIMONDO,CHIETI,ABRUZZO,069024,c_c776
C777,CIVITELLA DI ROMAGNA,FORLI,EMILIA ROMAGNA,040009,c_c777
C778,CIVITELLA ALFEDENA,AQUILA,ABRUZZO,066035,c_c778
C779,CIVITELLA CASANOVA,PESCARA,ABRUZZO,068014,c_c779
C780,CIVITELLA D'AGLIANO,VITERBO,LAZIO,056022,c_c780
C781,CIVITELLA DEL TRONTO,TERAMO,ABRUZZO,067017,c_c781
C782,CIVITELLA PAGANICO,GROSSETO,TOSCANA,053008,c_c782
C783,CIVITELLA ROVETO,AQUILA,ABRUZZO,066036,c_c783
C784,CIVITELLA SAN PAOLO,ROMA,LAZIO,058033,c_c784
C785,CIVO,SONDRIO,LOMBARDIA,014022,c_c785
C787,CLAINO CON OSTENO,COMO,LOMBARDIA,013071,c_c787
C789,UBIALE CLANEZZO,BERGAMO,LOMBARDIA,016221,c_c789
C790,CLAUT,PORDENONE,FRIULI VENEZIA GIULIA,093015,c_c790
C791,CLAUZETTO,PORDENONE,FRIULI VENEZIA GIULIA,093016,c_c791
C792,CLAVESANA,CUNEO,PIEMONTE,004071,c_c792
C793,CLAVIERE,TORINO,PIEMONTE,001087,c_c793
C794,CLES,TRENTO,TRENTINO ALTO ADIGE,022062,c_c794
C795,CLETO,COSENZA,CALABRIA,078042,c_c795
C796,CLIVIO,VARESE,LOMBARDIA,012052,c_c796
C800,CLUSONE,BERGAMO,LOMBARDIA,016077,c_c800
C801,COASSOLO TORINESE,TORINO,PIEMONTE,001088,c_c801
C803,COAZZE,TORINO,PIEMONTE,001089,c_c803
C804,COAZZOLO,ASTI,PIEMONTE,005041,c_c804
C806,COCCAGLIO,BRESCIA,LOMBARDIA,017056,c_c806
C807,COCCONATO,ASTI,PIEMONTE,005042,c_c807
C810,COCQUIO-TREVISAGO,VARESE,LOMBARDIA,012053,c_c810
C811,COCULLO,AQUILA,ABRUZZO,066037,c_c811
C812,CODEVIGO,PADOVA,VENETO,028033,c_c812
C813,CODEVILLA,PAVIA,LOMBARDIA,018051,c_c813
C814,CODIGORO,FERRARA,EMILIA ROMAGNA,038005,c_c814
C815,CODOGNE',TREVISO,VENETO,026019,c_c815
C816,CODOGNO,LODI,LOMBARDIA,098019,c_c816
C817,CODROIPO,UDINE,FRIULI VENEZIA GIULIA,030027,c_c817
C818,CODRONGIANOS,SASSARI,SARDEGNA,090026,c_c818
C819,COGGIOLA,BIELLA,PIEMONTE,096019,c_c819
C820,COGLIATE,MONZA E DELLA BRIANZA,LOMBARDIA,108020,C_C820
C821,COGNE,AOSTA,VALLE D'AOSTA,007021,c_c821
C823,COGOLETO,GENOVA,LIGURIA,010017,c_c823
C824,COGOLLO DEL CENGIO,VICENZA,VENETO,024032,c_c824
C826,COGORNO,GENOVA,LIGURIA,010018,c_c826
C829,COLAZZA,NOVARA,PIEMONTE,003051,c_c829
C835,COLERE,BERGAMO,LOMBARDIA,016078,c_c835
C836,COLFELICE,FROSINONE,LAZIO,060027,c_c836
C838,COLI,PIACENZA,EMILIA ROMAGNA,033016,c_c838
C839,COLICO,LECCO,LOMBARDIA,097023,c_c839
C841,COLLALTO SABINO,RIETI,LAZIO,057018,c_c841
C844,COLLARMELE,AQUILA,ABRUZZO,066038,c_c844
C845,COLLAZZONE,PERUGIA,UMBRIA,054014,c_c845
C846,COLLE SANNITA,BENEVENTO,CAMPANIA,062025,c_c846
C847,COLLE DI VAL D'ELSA,SIENA,TOSCANA,052012,c_c847
C848,COLLE UMBERTO,TREVISO,VENETO,026020,c_c848
C850,COLLEBEATO,BRESCIA,LOMBARDIA,017057,c_c850
C851,COLLE BRIANZA,LECCO,LOMBARDIA,097024,c_c851
C852,COLLECCHIO,PARMA,EMILIA ROMAGNA,034009,c_c852
C853,COLLECORVINO,PESCARA,ABRUZZO,068015,c_c853
C854,COLLE D'ANCHISE,CAMPOBASSO,MOLISE,070020,c_c854
C855,COLLEDIMACINE,CHIETI,ABRUZZO,069025,c_c855
C856,COLLEDIMEZZO,CHIETI,ABRUZZO,069026,c_c856
C857,COLLE DI TORA,RIETI,LAZIO,057019,c_c857
C858,COLLEFERRO,ROMA,LAZIO,058034,c_c858
C859,COLLEGIOVE,RIETI,LAZIO,057020,c_c859
C860,COLLEGNO,TORINO,PIEMONTE,001090,c_c860
C862,COLLELONGO,AQUILA,ABRUZZO,066039,c_c862
C864,COLLEPARDO,FROSINONE,LAZIO,060028,c_c864
C865,COLLEPASSO,LECCE,PUGLIA,075021,c_c865
C866,COLLEPIETRO,AQUILA,ABRUZZO,066040,c_c866
C867,COLLERETTO CASTELNUOVO,TORINO,PIEMONTE,001091,c_c867
C868,COLLERETTO GIACOSA,TORINO,PIEMONTE,001092,c_c868
C869,COLLESALVETTI,LIVORNO,TOSCANA,049008,c_c869
C870,COLLE SAN MAGNO,FROSINONE,LAZIO,060029,c_c870
C871,COLLESANO,PALERMO,SICILIA,082032,c_c871
C872,COLLE SANTA LUCIA,BELLUNO,VENETO,025014,c_c872
C875,COLLETORTO,CAMPOBASSO,MOLISE,070021,c_c875
C876,COLLEVECCHIO,RIETI,LAZIO,057021,c_c876
C877,COLLI DEL TRONTO,ASCOLI PICENO,MARCHE,044014,c_c877
C878,COLLI A VOLTURNO,ISERNIA,MOLISE,094017,c_c878
C879,COLLIANO,SALERNO,CAMPANIA,065043,c_c879
C880,COLLI SUL VELINO,RIETI,LAZIO,057022,c_c880
C882,COLLINAS,SUD SARDEGNA,SARDEGNA,111012,c_c882
C883,COLLIO,BRESCIA,LOMBARDIA,017058,c_c883
C884,COLLOBIANO,VERCELLI,PIEMONTE,002045,c_c884
C885,COLLOREDO DI MONTE ALBANO,UDINE,FRIULI VENEZIA GIULIA,030028,c_c885
C886,COLMURANO,MACERATA,MARCHE,043014,c_c886
C888,COLOBRARO,MATERA,BASILICATA,077006,c_c888
C890,COLOGNA VENETA,VERONA,VENETO,023027,C_C890
C893,COLOGNE,BRESCIA,LOMBARDIA,017059,c_c893
C894,COLOGNO AL SERIO,BERGAMO,LOMBARDIA,016079,c_c894
C895,COLOGNO MONZESE,MILANO,LOMBARDIA,015081,c_c895
C897,COLOGNOLA AI COLLI,VERONA,VENETO,023028,c_c897
C900,COLONNA,ROMA,LAZIO,058035,c_c900
C901,COLONNELLA,TERAMO,ABRUZZO,067019,c_c972
C902,COLONNO,COMO,LOMBARDIA,013074,c_c902
C903,COLORINA,SONDRIO,LOMBARDIA,014023,c_c903
C904,COLORNO,PARMA,EMILIA ROMAGNA,034010,c_c904
C905,COLOSIMI,COSENZA,CALABRIA,078043,c_c905
C908,COLTURANO,MILANO,LOMBARDIA,015082,c_c908
C910,COLZATE,BERGAMO,LOMBARDIA,016080,c_c910
C911,COMABBIO,VARESE,LOMBARDIA,012054,c_c911
C912,COMACCHIO,FERRARA,EMILIA ROMAGNA,038006,c_c912
C914,COMANO,MASSA-CARRARA,TOSCANA,045005,c_c915
C917,COMAZZO,LODI,LOMBARDIA,098020,c_c917
C918,COMEGLIANS,UDINE,FRIULI VENEZIA GIULIA,030029,c_c918
C919,SANTO STEFANO DI CADORE,BELLUNO,VENETO,025050,c_c919
C920,COMELICO SUPERIORE,BELLUNO,VENETO,025015,c_c920
C922,COMERIO,VARESE,LOMBARDIA,012055,c_c922
C925,COMEZZANO-CIZZAGO,BRESCIA,LOMBARDIA,017060,c_c925
C926,COMIGNAGO,NOVARA,PIEMONTE,003052,c_c926
C927,COMISO,RAGUSA,SICILIA,088003,C_C927
C928,COMITINI,AGRIGENTO,SICILIA,084016,c_c928
C929,COMIZIANO,NAPOLI,CAMPANIA,063029,c_c929
C930,COMMESSAGGIO,MANTOVA,LOMBARDIA,020020,c_c930
C931,COMMEZZADURA,TRENTO,TRENTINO ALTO ADIGE,022064,c_c931
C933,COMO,COMO,LOMBARDIA,013075,C_C933
C934,COMPIANO,PARMA,EMILIA ROMAGNA,034011,c_c934
C935,COMUNANZA,ASCOLI PICENO,MARCHE,044015,c_c935
C936,VALSOLDA,COMO,LOMBARDIA,013234,c_c936
C937,COMUN NUOVO,BERGAMO,LOMBARDIA,016081,c_c937
C938,CONA,VENEZIA,VENETO,027010,c_c938
C939,CONCA DELLA CAMPANIA,CASERTA,CAMPANIA,061031,c_c939
C940,CONCA DEI MARINI,SALERNO,CAMPANIA,065044,c_c940
C941,CONCA CASALE,ISERNIA,MOLISE,094018,c_c941
C943,CONCAMARISE,VERONA,VENETO,023029,C_C943
C946,CONCERVIANO,RIETI,LAZIO,057023,c_c946
C948,CONCESIO,BRESCIA,LOMBARDIA,017061,c_c948
C950,CONCORDIA SAGITTARIA,VENEZIA,VENETO,027011,c_c950
C951,CONCORDIA SULLA SECCHIA,MODENA,EMILIA ROMAGNA,036010,c_c951
C952,CONCOREZZO,MONZA E DELLA BRIANZA,LOMBARDIA,108021,c_c952
C954,CONDOFURI,REGGIO CALABRIA,CALABRIA,080029,c_c954
C955,CONDOVE,TORINO,PIEMONTE,001093,c_c955
C956,CONDRO',MESSINA,SICILIA,083018,c_c956
C957,CONEGLIANO,TREVISO,VENETO,026021,c_c957
C958,CONFIENZA,PAVIA,LOMBARDIA,018052,c_c958
C959,CONFIGNI,RIETI,LAZIO,057024,c_c959
C960,CONFLENTI,CATANZARO,CALABRIA,079033,c_c960
C962,CONIOLO,ALESSANDRIA,PIEMONTE,006060,c_c962
C963,CONSELICE,RAVENNA,EMILIA ROMAGNA,039008,c_c963
C964,CONSELVE,PADOVA,VENETO,028034,c_c964
C968,CONTESSA ENTELLINA,PALERMO,SICILIA,082033,c_c968
C969,CONTIGLIANO,RIETI,LAZIO,057025,c_c969
C971,CONTRADA,AVELLINO,CAMPANIA,064029,c_c971
C972,CONTROGUERRA,TERAMO,ABRUZZO,067020,c_c9722
C973,CONTRONE,SALERNO,CAMPANIA,065045,c_c973
C974,CONTURSI TERME,SALERNO,CAMPANIA,065046,c_c974
C975,CONVERSANO,BARI,PUGLIA,072019,c_c975
C976,CONZA DELLA CAMPANIA,AVELLINO,CAMPANIA,064030,c_c976
C977,CONZANO,ALESSANDRIA,PIEMONTE,006061,c_c977
C978,COPERTINO,LECCE,PUGLIA,075022,c_c978
C979,COPIANO,PAVIA,LOMBARDIA,018053,c_c979
C980,COPPARO,FERRARA,EMILIA ROMAGNA,038007,c_c980
C982,CORANA,PAVIA,LOMBARDIA,018054,c_c982
C983,CORATO,BARI,PUGLIA,072020,c_c983
C984,CORBARA,SALERNO,CAMPANIA,065047,c_c984
C986,CORBETTA,MILANO,LOMBARDIA,015085,c_c986
C987,CORBOLA,ROVIGO,VENETO,029017,c_c987
C988,CORCHIANO,VITERBO,LAZIO,056023,c_c988
C990,CORCIANO,PERUGIA,UMBRIA,054015,c_c990
C991,CORDENONS,PORDENONE,FRIULI VENEZIA GIULIA,093017,c_c991
C992,CORDIGNANO,TREVISO,VENETO,026022,c_c992
C993,CORDOVADO,PORDENONE,FRIULI VENEZIA GIULIA,093018,c_c993
C995,COREGLIA LIGURE,GENOVA,LIGURIA,010019,c_c995
C996,COREGLIA ANTELMINELLI,LUCCA,TOSCANA,046011,c_c996
C998,CORENO AUSONIO,FROSINONE,LAZIO,060030,c_c998
C999,CORFINIO,AQUILA,ABRUZZO,066041,c_m090
D003,CORI,LATINA,LAZIO,059006,c_d003
D004,CORIANO,RIMINI,EMILIA ROMAGNA,099003,c_d004
D006,CORIGLIANO D'OTRANTO,LECCE,PUGLIA,075023,c_d006
D007,CORINALDO,ANCONA,MARCHE,042015,c_d007
D008,CORIO,TORINO,PIEMONTE,001094,c_d008
D009,CORLEONE,PALERMO,SICILIA,082034,c_d009
D010,CORLETO PERTICARA,POTENZA,BASILICATA,076029,c_d010
D011,CORLETO MONFORTE,SALERNO,CAMPANIA,065048,c_d011
D012,COURMAYEUR,AOSTA,VALLE D'AOSTA,007022,c_d012
D013,CORMANO,MILANO,LOMBARDIA,015086,c_d013
D014,CORMONS,GORIZIA,FRIULI VENEZIA GIULIA,031002,C_d014
D015,CORNA IMAGNA,BERGAMO,LOMBARDIA,016082,c_d015
D016,CORNALBA,BERGAMO,LOMBARDIA,016249,c_d016
D018,CORNAREDO,MILANO,LOMBARDIA,015087,c_d018
D019,CORNATE D'ADDA,MONZA E DELLA BRIANZA,LOMBARDIA,108053,c_d019
D020,CORNEDO VICENTINO,VICENZA,VENETO,024034,c_d020
D021,CORNEGLIANO LAUDENSE,LODI,LOMBARDIA,098021,c_d021
D022,CORNELIANO D'ALBA,CUNEO,PIEMONTE,004072,c_d022
D024,TARQUINIA,VITERBO,LAZIO,056050,c_d024
D026,CORNIGLIO,PARMA,EMILIA ROMAGNA,034012,c_d026
D027,CORNO DI ROSAZZO,UDINE,FRIULI VENEZIA GIULIA,030030,c_d027
D028,CORNO GIOVINE,LODI,LOMBARDIA,098022,c_d028
D029,CORNOVECCHIO,LODI,LOMBARDIA,098023,c_d029
D030,CORNUDA,TREVISO,VENETO,026023,c_d030
D033,MORIMONDO,MILANO,LOMBARDIA,015150,c_d033
D037,CORREGGIO,REGGIO EMILIA,EMILIA ROMAGNA,035020,c_d037
D038,CORREZZANA,MONZA E DELLA BRIANZA,LOMBARDIA,108022,c_d038
D040,CORREZZOLA,PADOVA,VENETO,028035,c_d040
D041,CORRIDO,COMO,LOMBARDIA,013077,c_d041
D042,CORRIDONIA,MACERATA,MARCHE,043015,c_d042
D043,CORROPOLI,TERAMO,ABRUZZO,067021,c_d043
D044,CORSANO,LECCE,PUGLIA,075024,c_d044
D045,CORSICO,MILANO,LOMBARDIA,015093,c_d045
D046,CORSIONE,ASTI,PIEMONTE,005044,c_d046
D048,CORTACCIA SULLA STRADA DEL VINO,BOLZANO,TRENTINO ALTO ADIGE,021024,c_d048
D049,CORTALE,CATANZARO,CALABRIA,079034,c_d049
D050,CORTANDONE,ASTI,PIEMONTE,005045,c_d050
D051,CORTANZE,ASTI,PIEMONTE,005046,c_d051
D052,CORTAZZONE,ASTI,PIEMONTE,005047,c_d052
D054,CORTE BRUGNATELLA,PIACENZA,EMILIA ROMAGNA,033017,c_0res
D056,CORTE DE' CORTESI CON CIGNONE,CREMONA,LOMBARDIA,019032,c_d056
D057,CORTE DE' FRATI,CREMONA,LOMBARDIA,019033,c_d057
D058,CORTE FRANCA,BRESCIA,LOMBARDIA,017062,c_d058
D061,CORTEMAGGIORE,PIACENZA,EMILIA ROMAGNA,033018,c_d061
D062,CORTEMILIA,CUNEO,PIEMONTE,004073,c_d062
D064,CORTENO GOLGI,BRESCIA,LOMBARDIA,017063,c_d064
D065,CORTENOVA,LECCO,LOMBARDIA,097025,c_d065
D066,CORTENUOVA,BERGAMO,LOMBARDIA,016083,c_d066
D068,CORTE PALASIO,LODI,LOMBARDIA,098024,c_d068
D072,CORTIGLIONE,ASTI,PIEMONTE,005048,c_d072
D075,CORTINA SULLA STRADA DEL VINO,BOLZANO,TRENTINO ALTO ADIGE,021025,c_d075
D076,CORTINO,TERAMO,ABRUZZO,067022,c_d076
D077,CORTONA,AREZZO,TOSCANA,051017,c_d077
D078,CORVARA,PESCARA,ABRUZZO,068016,c_d078
D079,CORVARA IN BADIA,BOLZANO,TRENTINO ALTO ADIGE,021026,c_d079
D081,CORVINO SAN QUIRICO,PAVIA,LOMBARDIA,018057,c_d081
D082,CORZANO,BRESCIA,LOMBARDIA,017064,c_d082
D085,COSEANO,UDINE,FRIULI VENEZIA GIULIA,030031,c_d085
D086,COSENZA,COSENZA,CALABRIA,078045,c_d086
D087,COSIO D'ARROSCIA,IMPERIA,LIGURIA,008023,c_d087
D088,COSIO VALTELLINO,SONDRIO,LOMBARDIA,014024,c_d088
D089,COSOLETO,REGGIO CALABRIA,CALABRIA,080030,c_d089
D092,COSSANO CANAVESE,TORINO,PIEMONTE,001095,c_d092
D093,COSSANO BELBO,CUNEO,PIEMONTE,004074,c_d093
D094,COSSATO,BIELLA,PIEMONTE,096020,c_d094
D095,COSSERIA,SAVONA,LIGURIA,009026,c_d095
D096,COSSIGNANO,ASCOLI PICENO,MARCHE,044016,c_d096
D099,COSSOGNO,VERBANO-CUSIO-OSSOLA,PIEMONTE,103023,c_d099
D100,COSSOINE,SASSARI,SARDEGNA,090027,c_d100
D101,COSSOMBRATO,ASTI,PIEMONTE,005049,c_d101
D102,COSTA VESCOVATO,ALESSANDRIA,PIEMONTE,006062,c_d102
D103,COSTA VALLE IMAGNA,BERGAMO,LOMBARDIA,016085,c_d103
D105,COSTA DI ROVIGO,ROVIGO,VENETO,029018,c_d105
D107,COSTABISSARA,VICENZA,VENETO,024035,c_d107
D108,COSTACCIARO,PERUGIA,UMBRIA,054016,c_d108
D109,COSTA DE' NOBILI,PAVIA,LOMBARDIA,018058,c_d109
D110,COSTA DI MEZZATE,BERGAMO,LOMBARDIA,016084,c_d110
D111,COSTA SERINA,BERGAMO,LOMBARDIA,016247,c_d111
D112,COSTA MASNAGA,LECCO,LOMBARDIA,097026,c_d112
D113,COSTANZANA,VERCELLI,PIEMONTE,002047,c_d113
D114,COSTARAINERA,IMPERIA,LIGURIA,008024,c_d114
D117,COSTA VOLPINO,BERGAMO,LOMBARDIA,016086,c_d117
D118,COSTERMANO SUL GARDA,VERONA,VENETO,023030,c_d118
D119,COSTIGLIOLE D'ASTI,ASTI,PIEMONTE,005050,c_d119
D120,COSTIGLIOLE SALUZZO,CUNEO,PIEMONTE,004075,c_d120
D121,COTIGNOLA,RAVENNA,EMILIA ROMAGNA,039009,C_D121
D122,CROTONE,CROTONE,CALABRIA,101010,c_d122
D123,COTRONEI,CROTONE,CALABRIA,101009,c_d123
D124,COTTANELLO,RIETI,LAZIO,057026,c_d124
D126,COVO,BERGAMO,LOMBARDIA,016087,c_d126
D127,COZZO,PAVIA,LOMBARDIA,018059,c_d127
D128,CRACO,MATERA,BASILICATA,077007,c_d128
D131,CRANDOLA VALSASSINA,LECCO,LOMBARDIA,097027,c_d131
D132,CRAVAGLIANA,VERCELLI,PIEMONTE,002048,c_d132
D133,CRAVANZANA,CUNEO,PIEMONTE,004076,c_d133
D134,CRAVEGGIA,VERBANO-CUSIO-OSSOLA,PIEMONTE,103024,c_d134
D136,CREAZZO,VICENZA,VENETO,024036,c_d136
D137,CRECCHIO,CHIETI,ABRUZZO,069027,c_d137
D139,CREDARO,BERGAMO,LOMBARDIA,016088,c_d139
D141,CREDERA RUBBIANO,CREMONA,LOMBARDIA,019034,c_d141
D142,CREMA,CREMONA,LOMBARDIA,019035,c_d142
D143,CREMELLA,LECCO,LOMBARDIA,097028,c_d143
D144,CREMENAGA,VARESE,LOMBARDIA,012056,c_h173
D145,CREMENO,LECCO,LOMBARDIA,097029,c_d145
D147,CREMIA,COMO,LOMBARDIA,013083,c_d147
D149,CREMOLINO,ALESSANDRIA,PIEMONTE,006063,c_d149
D150,CREMONA,CREMONA,LOMBARDIA,019036,c_d150
D151,CREMOSANO,CREMONA,LOMBARDIA,019037,c_d151
D154,CRESCENTINO,VERCELLI,PIEMONTE,002049,c_d154
D156,CRESPADORO,VICENZA,VENETO,024037,c_d156
D159,CRESPIATICA,LODI,LOMBARDIA,098025,c_d159
D161,CRESPINO,ROVIGO,VENETO,029019,c_d161
D162,CRESSA,NOVARA,PIEMONTE,003055,c_d162
D165,CREVACUORE,BIELLA,PIEMONTE,096021,c_d165
D166,CREVALCORE,BOLOGNA,EMILIA ROMAGNA,037024,c_d166
D168,CREVOLADOSSOLA,VERBANO-CUSIO-OSSOLA,PIEMONTE,103025,c_d168
D170,CRISPANO,NAPOLI,CAMPANIA,063030,c_d170
D171,CRISPIANO,TARANTO,PUGLIA,073004,c_d171
D172,CRISSOLO,CUNEO,PIEMONTE,004077,c_d172
D175,CROCEFIESCHI,GENOVA,LIGURIA,010020,c_d175
D177,CRODO,VERBANO-CUSIO-OSSOLA,PIEMONTE,103026,c_d177
D179,CROGNALETO,TERAMO,ABRUZZO,067023,c_d179
D180,CROPALATI,COSENZA,CALABRIA,078046,c_d180
D181,CROPANI,CATANZARO,CALABRIA,079036,c_d181
D184,CROSIA,COSENZA,CALABRIA,078047,c_d184
D185,CROSIO DELLA VALLE,VARESE,LOMBARDIA,012057,c_d185
D186,CROTTA D'ADDA,CREMONA,LOMBARDIA,019038,c_d186
D187,CROVA,VERCELLI,PIEMONTE,002052,c_d187
D188,CROVIANA,TRENTO,TRENTINO ALTO ADIGE,022068,c_d188
D189,CRUCOLI,CROTONE,CALABRIA,101011,c_d189
D192,CUASSO AL MONTE,VARESE,LOMBARDIA,012058,c_d192
D193,VERONELLA,VERONA,VENETO,023092,c_d193
D195,CUCCARO VETERE,SALERNO,CAMPANIA,065049,c_d195
D196,CUCCIAGO,COMO,LOMBARDIA,013084,c_d196
D197,CUCEGLIO,TORINO,PIEMONTE,001096,c_d197
D198,CUGGIONO,MILANO,LOMBARDIA,015096,c_d198
D199,CUGLIATE-FABIASCO,VARESE,LOMBARDIA,012059,c_d199
D200,CUGLIERI,ORISTANO,SARDEGNA,095019,c_d200
D201,CUGNOLI,PESCARA,ABRUZZO,068017,c_d201
D202,CUMIANA,TORINO,PIEMONTE,001097,c_d202
D203,CUMIGNANO SUL NAVIGLIO,CREMONA,LOMBARDIA,019039,c_d203
D204,CUNARDO,VARESE,LOMBARDIA,012060,c_d204
D205,CUNEO,CUNEO,PIEMONTE,004078,c_d205
D207,CUNICO,ASTI,PIEMONTE,005051,c_d207
D208,CUORGNE',TORINO,PIEMONTE,001098,c_d208
D209,CUPELLO,CHIETI,ABRUZZO,069028,c_d209
D210,CUPRA MARITTIMA,ASCOLI PICENO,MARCHE,044017,c_d210
D211,CUPRAMONTANA,ANCONA,MARCHE,042016,c_d211
D214,CURCURIS,ORISTANO,SARDEGNA,095077,c_d214
D216,CUREGGIO,NOVARA,PIEMONTE,003058,c_d216
D217,CURIGLIA CON MONTEVIASCO,VARESE,LOMBARDIA,012061,c_d217
D218,CURINGA,CATANZARO,CALABRIA,079039,c_d218
D219,CURINO,BIELLA,PIEMONTE,096023,c_d219
D221,CURNO,BERGAMO,LOMBARDIA,016089,c_d221
D222,CURON VENOSTA,BOLZANO,TRENTINO ALTO ADIGE,021027,c_d222
D223,CURSI,LECCE,PUGLIA,075025,c_d223
D226,CURTAROLO,PADOVA,VENETO,028036,c_d226
D227,CURTATONE,MANTOVA,LOMBARDIA,020021,c_d227
D228,CURTI,CASERTA,CAMPANIA,061032,c_d228
D229,CUSAGO,MILANO,LOMBARDIA,015097,c_d229
D230,CUSANO MUTRI,BENEVENTO,CAMPANIA,062026,c_d230
D231,CUSANO MILANINO,MILANO,LOMBARDIA,015098,c_d231
D232,CUSINO,COMO,LOMBARDIA,013085,c_d232
D233,CUSIO,BERGAMO,LOMBARDIA,016090,c_d233
D234,CUSTONACI,TRAPANI,SICILIA,081007,c_d234
D236,CUTRO,CROTONE,CALABRIA,101012,c_d236
D237,CUTROFIANO,LECCE,PUGLIA,075026,c_d237
D238,CUVEGLIO,VARESE,LOMBARDIA,012062,c_d238a
D239,CUVIO,VARESE,LOMBARDIA,012063,c_d238
D244,DAIRAGO,MILANO,LOMBARDIA,015099,c_d244
D245,DALMINE,BERGAMO,LOMBARDIA,016091,c_d245
D246,DAMBEL,TRENTO,TRENTINO ALTO ADIGE,022071,c_d246
D247,DANTA DI CADORE,BELLUNO,VENETO,025017,c_d247
D251,DARFO BOARIO TERME,BRESCIA,LOMBARDIA,017065,c_d251
D253,DASA',VIBO VALENTIA,CALABRIA,102007,c_d253
D255,DAVAGNA,GENOVA,LIGURIA,010021,c_d255
D256,DAVERIO,VARESE,LOMBARDIA,012064,c_d256
D257,DAVOLI,CATANZARO,CALABRIA,079042,c_d257
D258,DAZIO,SONDRIO,LOMBARDIA,014025,c_d258
D259,DECIMOMANNU,CITTA' METROPOLITANA DI CAGLIARI,SARDEGNA,092015,c_d259
D260,DECIMOPUTZU,SUD SARDEGNA,SARDEGNA,111013,c_d260
D261,DECOLLATURA,CATANZARO,CALABRIA,079043,c_d261
D264,DEGO,SAVONA,LIGURIA,009027,c_d264
D265,DEIVA MARINA,LA SPEZIA,LIGURIA,011012,c_d265
D266,DELEBIO,SONDRIO,LOMBARDIA,014026,c_d266
D267,DELIA,CALTANISSETTA,SICILIA,085006,c_d267
D268,DELIANUOVA,REGGIO CALABRIA,CALABRIA,080031,c_d268
D269,DELICETO,FOGGIA,PUGLIA,071022,c_d269
D270,DELLO,BRESCIA,LOMBARDIA,017066,c_d270
D271,DEMONTE,CUNEO,PIEMONTE,004079,c_d271
D272,DENICE,ALESSANDRIA,PIEMONTE,006065,c_d272
D273,DENNO,TRENTO,TRENTINO ALTO ADIGE,022074,c_d273
D277,DERNICE,ALESSANDRIA,PIEMONTE,006066,c_d277
D278,DEROVERE,CREMONA,LOMBARDIA,019040,c_d278
D279,DERUTA,PERUGIA,UMBRIA,054017,c_d279
D280,DERVIO,LECCO,LOMBARDIA,097030,c_d280
D281,DESANA,VERCELLI,PIEMONTE,002054,c_d281
D284,DESENZANO DEL GARDA,BRESCIA,LOMBARDIA,017067,c_d284
D286,DESIO,MONZA E DELLA BRIANZA,LOMBARDIA,108023,c_d286
D287,DESULO,NUORO,SARDEGNA,091016,c_d287
D289,DIAMANTE,COSENZA,CALABRIA,078048,C_D289
D290,SCIGLIANO,COSENZA,CALABRIA,078139,c_d290
D291,DIANO D'ALBA,CUNEO,PIEMONTE,004080,c_d291
D292,TEGGIANO,SALERNO,CAMPANIA,065146,c_d292
D293,DIANO ARENTINO,IMPERIA,LIGURIA,008025,c_d293
D296,DIANO CASTELLO,IMPERIA,LIGURIA,008026,c_d296
D297,DIANO MARINA,IMPERIA,LIGURIA,008027,c_d297
D298,DIANO SAN PIETRO,IMPERIA,LIGURIA,008028,c_d298
D299,DICOMANO,FIRENZE,TOSCANA,048013,c_d299
D300,DIGNANO,UDINE,FRIULI VENEZIA GIULIA,030032,c_d300
D303,DINAMI,VIBO VALENTIA,CALABRIA,102008,c_d303
D304,DIPIGNANO,COSENZA,CALABRIA,078049,c_d304
D305,DISO,LECCE,PUGLIA,075027,c_d305
D309,DIVIGNANO,NOVARA,PIEMONTE,003060,c_d309
D310,DIZZASCO,COMO,LOMBARDIA,013087,c_d310
D311,DOBBIACO,BOLZANO,TRENTINO ALTO ADIGE,021028,c_d311
D312,DOBERDO' DEL LAGO,GORIZIA,FRIULI VENEZIA GIULIA,031003,c_d312
D314,DOGLIANI,CUNEO,PIEMONTE,004081,c_d314
D315,DOGLIOLA,CHIETI,ABRUZZO,069029,c_d315
D316,DOGNA,UDINE,FRIULI VENEZIA GIULIA,030033,c_d316
D317,DOLCE',VERONA,VENETO,023031,c_d317
D318,DOLCEACQUA,IMPERIA,LIGURIA,008029,c_d318
D319,DOLCEDO,IMPERIA,LIGURIA,008030,c_0319
D321,DOLEGNA DEL COLLIO,GORIZIA,FRIULI VENEZIA GIULIA,031004,c_d321
D323,DOLIANOVA,SUD SARDEGNA,SARDEGNA,111014,c_d323
D324,SAN DORLIGO DELLA VALLE,TRIESTE,FRIULI VENEZIA GIULIA,032004,c_d324
D325,DOLO,VENEZIA,VENETO,027012,c_d325
D327,DOLZAGO,LECCO,LOMBARDIA,097031,c_d327
D328,DOMANICO,COSENZA,CALABRIA,078050,c_d328
D329,DOMASO,COMO,LOMBARDIA,013089,c_d329
D330,DOMEGGE DI CADORE,BELLUNO,VENETO,025018,c_d330
D331,DOMICELLA,AVELLINO,CAMPANIA,064031,c_d331
D332,DOMODOSSOLA,VERBANO-CUSIO-OSSOLA,PIEMONTE,103028,c_d332
D333,DOMUS DE MARIA,SUD SARDEGNA,SARDEGNA,111015,c_d333
D334,DOMUSNOVAS,SUD SARDEGNA,SARDEGNA,111016,c_d334
D338,DONNAS,AOSTA,VALLE D'AOSTA,007023,c_d338
D339,DONATO,BIELLA,PIEMONTE,096024,c_d339
D341,DONGO,COMO,LOMBARDIA,013090,c_d341
D344,DONORI,SUD SARDEGNA,SARDEGNA,111017,c_d344
D345,DORGALI,NUORO,SARDEGNA,091017,c_d345
D346,DORIO,LECCO,LOMBARDIA,097032,c_d346
D347,DORMELLETTO,NOVARA,PIEMONTE,003062,c_d347
D348,DORNO,PAVIA,LOMBARDIA,018061,c_d348
D350,DORZANO,BIELLA,PIEMONTE,096025,c_d350
D351,DOSOLO,MANTOVA,LOMBARDIA,020022,c_d351
D352,DOSSENA,BERGAMO,LOMBARDIA,016092,c_d352
D355,DOSSO DEL LIRO,COMO,LOMBARDIA,013092,c_d355
D356,DOUES,AOSTA,VALLE D'AOSTA,007024,c_d356
D357,DOVADOLA,FORLI,EMILIA ROMAGNA,040011,c_d357
D358,DOVERA,CREMONA,LOMBARDIA,019041,c_d358
D360,DOZZA,BOLOGNA,EMILIA ROMAGNA,037025,c_d360
D361,DRAGONI,CASERTA,CAMPANIA,061033,c_d361
D364,DRAPIA,VIBO VALENTIA,CALABRIA,102009,c_d364
D365,DRENA,TRENTO,TRENTINO ALTO ADIGE,022078,c_d365
D366,DRENCHIA,UDINE,FRIULI VENEZIA GIULIA,030034,c_d366
D367,DRESANO,MILANO,LOMBARDIA,015101,c_d367
D371,DRO,TRENTO,TRENTINO ALTO ADIGE,022079,c_d371
D372,DRONERO,CUNEO,PIEMONTE,004082,c_d372
D373,DRUENTO,TORINO,PIEMONTE,001099,c_kz5n
D374,DRUOGNO,VERBANO-CUSIO-OSSOLA,PIEMONTE,103029,c_d374
D376,DUALCHI,NUORO,SARDEGNA,091018,c_d376
D377,DUBINO,SONDRIO,LOMBARDIA,014027,c_d377
D379,DUEVILLE,VICENZA,VENETO,024038,c_d379
D380,DUGENTA,BENEVENTO,CAMPANIA,062027,c_d380
D383,DUINO-AURISINA,TRIESTE,FRIULI VENEZIA GIULIA,032001,c_d383
D384,DUMENZA,VARESE,LOMBARDIA,012065,c_d384
D385,DUNO,VARESE,LOMBARDIA,012066,c_d385
D386,DURAZZANO,BENEVENTO,CAMPANIA,062028,c_d386
D388,DUSINO SAN MICHELE,ASTI,PIEMONTE,005052,c_d388
D390,EBOLI,SALERNO,CAMPANIA,065050,c_d390
D391,EDOLO,BRESCIA,LOMBARDIA,017068,c_d391
D392,EGNA,BOLZANO,TRENTINO ALTO ADIGE,021029,c_d392
D394,ELICE,PESCARA,ABRUZZO,068018,C_d394
D395,ELINI,NUORO,SARDEGNA,091019,c_d395
D398,ELLO,LECCO,LOMBARDIA,097033,c_d398
D399,ELMAS,CITTA' METROPOLITANA DI CAGLIARI,SARDEGNA,092108,c_d399
D401,ELVA,CUNEO,PIEMONTE,004083,c_d401
D402,EMARESE,AOSTA,VALLE D'AOSTA,007025,c_d402
D403,EMPOLI,FIRENZE,TOSCANA,048014,c_d403
D406,ENDINE GAIANO,BERGAMO,LOMBARDIA,016093,c_d406
D407,ENEGO,VICENZA,VENETO,024039,c_d407
D408,ENEMONZO,UDINE,FRIULI VENEZIA GIULIA,030035,c_d408
D410,ENTRACQUE,CUNEO,PIEMONTE,004084,c_d410
D411,ENTRATICO,BERGAMO,LOMBARDIA,016094,c_d411
D412,ENVIE,CUNEO,PIEMONTE,004085,c_d412
D414,EPISCOPIA,POTENZA,BASILICATA,076030,c_d414
D415,ERACLEA,VENEZIA,VENETO,027013,c_d415
D416,ERBA,COMO,LOMBARDIA,013095,c_d416
D419,ERBE',VERONA,VENETO,023032,c_d419
D420,ERBEZZO,VERONA,VENETO,023033,c_d420
D421,ERBUSCO,BRESCIA,LOMBARDIA,017069,c_d421
D422,ERCHIE,BRINDISI,PUGLIA,074006,c_d422
D423,ERICE,TRAPANI,SICILIA,081008,c_d423
D424,ERLI,SAVONA,LIGURIA,009028,c_d424
D426,ERTO E CASSO,PORDENONE,FRIULI VENEZIA GIULIA,093019,c_d426
D428,ERVE,LECCO,LOMBARDIA,097034,c_d428
D429,ESANATOGLIA,MACERATA,MARCHE,043016,c_d429
D430,ESCALAPLANO,SUD SARDEGNA,SARDEGNA,111018,c_d430
D431,ESCOLCA,SUD SARDEGNA,SARDEGNA,111019,c_d431
D433,EXILLES,TORINO,PIEMONTE,001100,c_d433
D434,ESINE,BRESCIA,LOMBARDIA,017070,c_d434
D436,ESINO LARIO,LECCO,LOMBARDIA,097035,c_d436
D440,ESPERIA,FROSINONE,LAZIO,060031,c_d440
D441,ESPORLATU,SASSARI,SARDEGNA,090028,c_d441
D442,ESTE,PADOVA,VENETO,028037,c_d442
D443,ESTERZILI,SUD SARDEGNA,SARDEGNA,111020,c_d443
D444,ETROUBLES,AOSTA,VALLE D'AOSTA,007026,c_d444
D445,EUPILIO,COMO,LOMBARDIA,013097,c_d445
D447,FABBRICA CURONE,ALESSANDRIA,PIEMONTE,006067,c_d447
D450,FABBRICO,REGGIO EMILIA,EMILIA ROMAGNA,035021,c_d450
D451,FABRIANO,ANCONA,MARCHE,042017,c_d451
D452,FABRICA DI ROMA,VITERBO,LAZIO,056024,c_d452
D453,FABRIZIA,VIBO VALENTIA,CALABRIA,102010,c_d453
D454,FABRO,TERNI,UMBRIA,055011,c_d454
D455,FAEDIS,UDINE,FRIULI VENEZIA GIULIA,030036,c_d455
D456,FAEDO VALTELLINO,SONDRIO,LOMBARDIA,014028,c_d456
D458,FAENZA,RAVENNA,EMILIA ROMAGNA,039010,c_d458
D459,FAETO,FOGGIA,PUGLIA,071023,C_D459
D461,FAGAGNA,UDINE,FRIULI VENEZIA GIULIA,030037,c_d461
D462,FAGGETO LARIO,COMO,LOMBARDIA,013098,c_d462
D463,FAGGIANO,TARANTO,PUGLIA,073005,c_d463
D464,FAGNANO CASTELLO,COSENZA,CALABRIA,078051,c_d464
D465,FAGNANO ALTO,AQUILA,ABRUZZO,066042,c_d465
D467,FAGNANO OLONA,VARESE,LOMBARDIA,012067,c_d467
D468,FAI DELLA PAGANELLA,TRENTO,TRENTINO ALTO ADIGE,022081,c_d468
D469,FAICCHIO,BENEVENTO,CAMPANIA,062029,c_d469
D470,FALCADE,BELLUNO,VENETO,025019,c_d470
D471,FALCIANO DEL MASSICO,CASERTA,CAMPANIA,061101,c_d471
D472,FALCONARA MARITTIMA,ANCONA,MARCHE,042018,c_d472
D473,FALCONARA ALBANESE,COSENZA,CALABRIA,078052,c_d473
D474,FALCONE,MESSINA,SICILIA,083019,c_d474
D475,FALERIA,VITERBO,LAZIO,056025,c_d475
D476,FALERNA,CATANZARO,CALABRIA,079047,c_d476
D477,FALERONE,FERMO,MARCHE,109005,c_d477
D480,FALLO,CHIETI,ABRUZZO,069104,c_d480
D482,FALOPPIO,COMO,LOMBARDIA,013099,c_d482
D483,FALVATERRA,FROSINONE,LAZIO,060032,c_d483
D484,FALZES,BOLZANO,TRENTINO ALTO ADIGE,021030,c_d484
D486,FANANO,MODENA,EMILIA ROMAGNA,036011,c_d486
D487,FANNA,PORDENONE,FRIULI VENEZIA GIULIA,093020,c_d487
D488,FANO,PESARO E URBINO,MARCHE,041013,c_d488
D489,FANO ADRIANO,TERAMO,ABRUZZO,067024,c_d489
D490,FARA GERA D'ADDA,BERGAMO,LOMBARDIA,016096,c_d490
D491,FARA OLIVANA CON SOLA,BERGAMO,LOMBARDIA,016097,c_d491
D492,FARA NOVARESE,NOVARA,PIEMONTE,003065,c_d492
D493,FARA IN SABINA,RIETI,LAZIO,057027,c_d493
D494,FARA FILIORUM PETRI,CHIETI,ABRUZZO,069030,c_d494
D495,FARA SAN MARTINO,CHIETI,ABRUZZO,069031,C_D495
D496,FARA VICENTINO,VICENZA,VENETO,024040,c_d496
D497,FARDELLA,POTENZA,BASILICATA,076031,c_d497
D499,FARIGLIANO,CUNEO,PIEMONTE,004086,C_D499
D501,FARINDOLA,PESCARA,ABRUZZO,068019,c_d501
D502,FARINI,PIACENZA,EMILIA ROMAGNA,033019,c_d502
D503,FARNESE,VITERBO,LAZIO,056026,c_d503
D504,FARRA D'ISONZO,GORIZIA,FRIULI VENEZIA GIULIA,031005,c_d504
D505,FARRA DI SOLIGO,TREVISO,VENETO,026026,c_d505
D508,FASANO,BRINDISI,PUGLIA,074007,c_d508
D509,FASCIA,GENOVA,LIGURIA,010022,c_d509
D510,FAUGLIA,PISA,TOSCANA,050014,c_d510
D511,FAULE,CUNEO,PIEMONTE,004087,c_d511
D512,FAVALE DI MALVARO,GENOVA,LIGURIA,010023,c_d512
D513,VALSINNI,MATERA,BASILICATA,077030,c_d513
D514,FAVARA,AGRIGENTO,SICILIA,084017,c_d514
D518,FAVIGNANA,TRAPANI,SICILIA,081009,c_d518
D520,FAVRIA,TORINO,PIEMONTE,001101,c_d520
D522,ORCO FEGLINO,SAVONA,LIGURIA,009044,c_d522
D523,FEISOGLIO,CUNEO,PIEMONTE,004088,c_d523
D524,FELETTO,TORINO,PIEMONTE,001102,c_d524
D526,FELINO,PARMA,EMILIA ROMAGNA,034013,c_d526
D527,FELITTO,SALERNO,CAMPANIA,065051,c_d527
D528,FELIZZANO,ALESSANDRIA,PIEMONTE,006068,c_d528
D530,FELTRE,BELLUNO,VENETO,025021,c_d530
D531,FENEGRO',COMO,LOMBARDIA,013100,c_d531
D532,FENESTRELLE,TORINO,PIEMONTE,001103,c_d532
D537,FENIS,AOSTA,VALLE D'AOSTA,007027,c_d537
D538,FERENTILLO,TERNI,UMBRIA,055012,c_d538
D539,FERENTINO,FROSINONE,LAZIO,060033,c_d539
D540,FERLA,SIRACUSA,SICILIA,089008,c_d540
D541,FERMIGNANO,PESARO E URBINO,MARCHE,041014,c_d541
D542,FERMO,FERMO,MARCHE,109006,c_d542
D543,FERNO,VARESE,LOMBARDIA,012068,c_d543
D544,FEROLETO ANTICO,CATANZARO,CALABRIA,079048,c_d544
D545,FEROLETO DELLA CHIESA,REGGIO CALABRIA,CALABRIA,080032,c_d545
D546,PIANOPOLI,CATANZARO,CALABRIA,079096,c_d546
D547,FERRANDINA,MATERA,BASILICATA,077008,c_d547
D548,FERRARA,FERRARA,EMILIA ROMAGNA,038008,c_d548
D549,FERRARA DI MONTE BALDO,VERONA,VENETO,023034,c_d549
D550,FERRAZZANO,CAMPOBASSO,MOLISE,070023,c_d550
D551,FERRERA DI VARESE,VARESE,LOMBARDIA,012069,c_d551
D552,FERRERA ERBOGNONE,PAVIA,LOMBARDIA,018062,c_d552
D553,MONCENISIO,TORINO,PIEMONTE,001157,c_d553
D554,FERRERE,ASTI,PIEMONTE,005053,c_d554
D555,FERRIERE,PIACENZA,EMILIA ROMAGNA,033020,c_d555
D557,FERRUZZANO,REGGIO CALABRIA,CALABRIA,080033,c_d557
D559,FRACONALTO,ALESSANDRIA,PIEMONTE,006069,c_d559
D560,FIAMIGNANO,RIETI,LAZIO,057028,c_d560
D561,FIANO ROMANO,ROMA,LAZIO,058036,c_d561
D562,FIANO,TORINO,PIEMONTE,001104,c_d562
D564,FIASTRA,MACERATA,MARCHE,043017,c_d564
D565,FIAVE',TRENTO,TRENTINO ALTO ADIGE,022083,c_d565
D566,POGGIO SAN VICINO,MACERATA,MARCHE,043040,c_d566
D567,FICARAZZI,PALERMO,SICILIA,082035,c_d567
D568,FICAROLO,ROVIGO,VENETO,029021,c_d568
D569,FICARRA,MESSINA,SICILIA,083020,c_d569
D570,FICULLE,TERNI,UMBRIA,055013,c_d570
D571,FIE' ALLO SCILIAR,BOLZANO,TRENTINO ALTO ADIGE,021031,c_d571
D573,FIEROZZO,TRENTO,TRENTINO ALTO ADIGE,022085,c_d573
D574,FIESCO,CREMONA,LOMBARDIA,019043,c_d574
D575,FIESOLE,FIRENZE,TOSCANA,048015,c_d575
D576,FIESSE,BRESCIA,LOMBARDIA,017071,c_d576
D577,FIESSO UMBERTIANO,ROVIGO,VENETO,029022,c_d577
D578,FIESSO D'ARTICO,VENEZIA,VENETO,027014,c_d578
D579,FIGINO SERENZA,COMO,LOMBARDIA,013101,c_d579
D582,FIGLINE VEGLIATURO,COSENZA,CALABRIA,078053,c_d582
D585,GONNOSNO',ORISTANO,SARDEGNA,095023,c_d585
D586,FILACCIANO,ROMA,LAZIO,058037,c_D586
D587,FILADELFIA,VIBO VALENTIA,CALABRIA,102011,c_d587
D588,FILAGO,BERGAMO,LOMBARDIA,016098,c_d588
D589,FILANDARI,VIBO VALENTIA,CALABRIA,102012,c_d589
D590,FILATTIERA,MASSA-CARRARA,TOSCANA,045006,c_d590
D591,FILETTINO,FROSINONE,LAZIO,060034,c_d591
D592,FILETTO,CHIETI,ABRUZZO,069032,c_d592
D593,FILIANO,POTENZA,BASILICATA,076032,c_d593
D594,FILIGHERA,PAVIA,LOMBARDIA,018063,c_d594
D595,FILIGNANO,ISERNIA,MOLISE,094019,c_d595
D596,FILOGASO,VIBO VALENTIA,CALABRIA,102013,c_d596
D597,FILOTTRANO,ANCONA,MARCHE,042019,c_d597
D599,FINALE EMILIA,MODENA,EMILIA ROMAGNA,036012,c_d599
D600,FINALE LIGURE,SAVONA,LIGURIA,009029,c_d600
D604,FINO DEL MONTE,BERGAMO,LOMBARDIA,016099,c_d604
D605,FINO MORNASCO,COMO,LOMBARDIA,013102,c_d605
D606,FIORANO AL SERIO,BERGAMO,LOMBARDIA,016100,c_d606
D607,FIORANO MODENESE,MODENA,EMILIA ROMAGNA,036013,c_d607
D608,FIORANO CANAVESE,TORINO,PIEMONTE,001105,c_d608
D611,FIORENZUOLA D'ARDA,PIACENZA,EMILIA ROMAGNA,033021,c_d611
D612,FIRENZE,FIRENZE,TOSCANA,048017,c_d612
D613,FIRENZUOLA,FIRENZE,TOSCANA,048018,c_d613
D614,FIRMO,COSENZA,CALABRIA,078054,c_d614
D615,FISCIANO,SALERNO,CAMPANIA,065052,c_d615
D617,FIUMALBO,MODENA,EMILIA ROMAGNA,036014,c_d617
D619,FIUMARA,REGGIO CALABRIA,CALABRIA,080034,c_d619
D621,FIUME VENETO,PORDENONE,FRIULI VENEZIA GIULIA,093021,c_d621
D622,FIUMEDINISI,MESSINA,SICILIA,083021,c_d622
D623,FIUMEFREDDO DI SICILIA,CATANIA,SICILIA,087016,c_d623
D624,FIUMEFREDDO BRUZIO,COSENZA,CALABRIA,078055,c_d624
D628,FIUMINATA,MACERATA,MARCHE,043019,c_d628
D629,FIVIZZANO,MASSA-CARRARA,TOSCANA,045007,c_d629
D630,FLAIBANO,UDINE,FRIULI VENEZIA GIULIA,030039,c_d630
D634,FLERO,BRESCIA,LOMBARDIA,017072,C_D634
D635,FLORESTA,MESSINA,SICILIA,083022,c_d635
D636,FLORIDIA,SIRACUSA,SICILIA,089009,c_d636
D637,FLORINAS,SASSARI,SARDEGNA,090029,c_d637
D638,FLUMERI,AVELLINO,CAMPANIA,064032,c_d638
D639,FLUMINIMAGGIORE,SUD SARDEGNA,SARDEGNA,111021,c_d639
D640,FLUSSIO,ORISTANO,SARDEGNA,095080,c_d640
D641,FOBELLO,VERCELLI,PIEMONTE,002057,c_d641
D643,FOGGIA,FOGGIA,PUGLIA,071024,c_d643
D644,FOGLIANISE,BENEVENTO,CAMPANIA,062030,c_d644
D645,FOGLIANO REDIPUGLIA,GORIZIA,FRIULI VENEZIA GIULIA,031006,c_d645
D646,FOGLIZZO,TORINO,PIEMONTE,001106,c_d616
D649,FOIANO DELLA CHIANA,AREZZO,TOSCANA,051018,c_d649
D650,FOIANO DI VAL FORTORE,BENEVENTO,CAMPANIA,062031,c_d650
D651,FOLGARIA,TRENTO,TRENTINO ALTO ADIGE,022087,c_d651
D652,FOLIGNANO,ASCOLI PICENO,MARCHE,044020,c_d652
D653,FOLIGNO,PERUGIA,UMBRIA,054018,c_d653
D654,FOLLINA,TREVISO,VENETO,026027,c_d654
D655,FOLLO,LA SPEZIA,LIGURIA,011013,c_d655
D656,FOLLONICA,GROSSETO,TOSCANA,053009,c_d656
D660,FOMBIO,LODI,LOMBARDIA,098026,c_d660
D661,FONDACHELLI-FANTINA,MESSINA,SICILIA,083023,c_d661
D662,FONDI,LATINA,LAZIO,059007,c_d662
D665,FONNI,NUORO,SARDEGNA,091024,c_d665
D666,FONTAINEMORE,AOSTA,VALLE D'AOSTA,007028,c_d666
D667,FONTANA LIRI,FROSINONE,LAZIO,060036,c_d667
D668,FONTANELICE,BOLOGNA,EMILIA ROMAGNA,037026,c_d668
D670,FONTANAFREDDA,PORDENONE,FRIULI VENEZIA GIULIA,093022,c_d670
D671,FONTANAROSA,AVELLINO,CAMPANIA,064033,c_d671
D672,FONTANELLA,BERGAMO,LOMBARDIA,016101,c_d672
D673,FONTANELLATO,PARMA,EMILIA ROMAGNA,034015,c_d673
D674,FONTANELLE,TREVISO,VENETO,026028,c_d674
D675,FONTANETO D'AGOGNA,NOVARA,PIEMONTE,003066,c_d675
D676,FONTANETTO PO,VERCELLI,PIEMONTE,002058,c_d676
D677,FONTANIGORDA,GENOVA,LIGURIA,010024,c_d677
D678,FONTANILE,ASTI,PIEMONTE,005054,c_d678
D679,FONTANIVA,PADOVA,VENETO,028038,c_d679
D680,FONTE,TREVISO,VENETO,026029,c_d680
D681,FONTECCHIO,AQUILA,ABRUZZO,066043,c_d681
D682,FONTECHIARI,FROSINONE,LAZIO,060037,c_d682
D683,FONTEGRECA,CASERTA,CAMPANIA,061034,c_d683
D684,FONTENO,BERGAMO,LOMBARDIA,016102,c_d684
D685,FONTEVIVO,PARMA,EMILIA ROMAGNA,034016,c_d685
D686,FONZASO,BELLUNO,VENETO,025022,c_d686
D688,FOPPOLO,BERGAMO,LOMBARDIA,016103,c_d688
D689,FORANO,RIETI,LAZIO,057029,c_d689
D690,SAN GIOVANNI TEATINO,CHIETI,ABRUZZO,069081,c_d690
D691,FORCE,ASCOLI PICENO,MARCHE,044021,c_d691
D693,FORCHIA,BENEVENTO,CAMPANIA,062032,c_d693
D694,FORCOLA,SONDRIO,LOMBARDIA,014029,C_D694
D695,FORDONGIANUS,ORISTANO,SARDEGNA,095020,c_d695
D696,FORENZA,POTENZA,BASILICATA,076033,c_d696
D697,FORESTO SPARSO,BERGAMO,LOMBARDIA,016104,c_d697
D700,FORGARIA NEL FRIULI,UDINE,FRIULI VENEZIA GIULIA,030137,c_d700
D701,FORINO,AVELLINO,CAMPANIA,064034,c_d701
D702,FORIO,NAPOLI,CAMPANIA,063031,c_d702
D703,FORLI' DEL SANNIO,ISERNIA,MOLISE,094020,c_d703
D704,FORLI',FORLI,EMILIA ROMAGNA,040012,c_d704
D705,FORLIMPOPOLI,FORLI,EMILIA ROMAGNA,040013,c_d705
D706,FORMAZZA,VERBANO-CUSIO-OSSOLA,PIEMONTE,103031,c_d706
D707,FORMELLO,ROMA,LAZIO,058038,c_d707
D708,FORMIA,LATINA,LAZIO,059008,c_d708
D709,FORMICOLA,CASERTA,CAMPANIA,061035,c_d709
D710,FORMIGARA,CREMONA,LOMBARDIA,019044,c_d710
D711,FORMIGINE,MODENA,EMILIA ROMAGNA,036015,c_d711
D712,FORMIGLIANA,VERCELLI,PIEMONTE,002059,c_d712
D714,FORNACE,TRENTO,TRENTINO ALTO ADIGE,022089,c_d714
D715,FORNELLI,ISERNIA,MOLISE,094021,c_d715
D717,TONEZZA DEL CIMONE,VICENZA,VENETO,024106,c_d717
D718,FORNI AVOLTRI,UDINE,FRIULI VENEZIA GIULIA,030040,c_d718
D719,FORNI DI SOPRA,UDINE,FRIULI VENEZIA GIULIA,030041,c_d719
D720,FORNI DI SOTTO,UDINE,FRIULI VENEZIA GIULIA,030042,c_d720
D725,FORNO CANAVESE,TORINO,PIEMONTE,001107,c_d725
D727,FORNOVO SAN GIOVANNI,BERGAMO,LOMBARDIA,016105,c_d727
D728,FORNOVO DI TARO,PARMA,EMILIA ROMAGNA,034017,c_d728
D730,FORTE DEI MARMI,LUCCA,TOSCANA,046013,c_d730
D731,FORTEZZA,BOLZANO,TRENTINO ALTO ADIGE,021032,c_d731
D732,FORTUNAGO,PAVIA,LOMBARDIA,018064,c_d732
D733,FORZA D'AGRO',MESSINA,SICILIA,083024,c_d733
D734,FOSCIANDORA,LUCCA,TOSCANA,046014,c_d734
D735,FOSDINOVO,MASSA-CARRARA,TOSCANA,045008,c_d735
D736,FOSSA,AQUILA,ABRUZZO,066044,c_d736
D737,FOSSALTO,CAMPOBASSO,MOLISE,070024,c_d737
D738,FOSSACESIA,CHIETI,ABRUZZO,069033,c_d738
D740,FOSSALTA DI PIAVE,VENEZIA,VENETO,027015,c_d740
D741,FOSSALTA DI PORTOGRUARO,VENEZIA,VENETO,027016,c_d741
D742,FOSSANO,CUNEO,PIEMONTE,004089,c_d742
D744,FOSSATO SERRALTA,CATANZARO,CALABRIA,079052,c_nhvz
D745,FOSSATO DI VICO,PERUGIA,UMBRIA,054019,c_d745
D746,MONTEBELLO JONICO,REGGIO CALABRIA,CALABRIA,080053,c_d746
D748,FOSSO',VENEZIA,VENETO,027017,c_d748
D749,FOSSOMBRONE,PESARO E URBINO,MARCHE,041015,c_d749
D750,FOZA,VICENZA,VENETO,024041,c_d750
D751,FRABOSA SOPRANA,CUNEO,PIEMONTE,004090,c_d751
D752,FRABOSA SOTTANA,CUNEO,PIEMONTE,004091,c_d752
D754,FRAGAGNANO,TARANTO,PUGLIA,073006,c_d754
D755,FRAGNETO L'ABATE,BENEVENTO,CAMPANIA,062033,c_d755
D756,FRAGNETO MONFORTE,BENEVENTO,CAMPANIA,062034,c_d756
D757,FRAINE,CHIETI,ABRUZZO,069034,c_d757
D758,FRAMURA,LA SPEZIA,LIGURIA,011014,c_d758
D759,FRANCAVILLA BISIO,ALESSANDRIA,PIEMONTE,006070,c_d759
D760,FRANCAVILLA D'ETE,FERMO,MARCHE,109007,c_d760
D761,FRANCAVILLA FONTANA,BRINDISI,PUGLIA,074008,c_d761
D762,FRANCAVILLA ANGITOLA,VIBO VALENTIA,CALABRIA,102014,c_d762
D763,FRANCAVILLA AL MARE,CHIETI,ABRUZZO,069035,c_d763
D764,FRANCAVILLA MARITTIMA,COSENZA,CALABRIA,078056,c_d764
D765,FRANCAVILLA DI SICILIA,MESSINA,SICILIA,083025,c_d765
D766,FRANCAVILLA IN SINNI,POTENZA,BASILICATA,076034,c_d766
D767,FRANCICA,VIBO VALENTIA,CALABRIA,102015,c_d767
D768,FRANCOFONTE,SIRACUSA,SICILIA,089010,c_d768
D769,FRANCOLISE,CASERTA,CAMPANIA,061036,c_d769
D770,FRASCARO,ALESSANDRIA,PIEMONTE,006071,c_d770
D771,FRASCAROLO,PAVIA,LOMBARDIA,018065,c_d771
D773,FRASCATI,ROMA,LAZIO,058039,c_d773
D774,FRASCINETO,COSENZA,CALABRIA,078057,c_d774
D775,FRASSILONGO,TRENTO,TRENTINO ALTO ADIGE,022090,c_d775
D776,FRASSINELLE POLESINE,ROVIGO,VENETO,029023,c_d776
D777,FRASSINELLO MONFERRATO,ALESSANDRIA,PIEMONTE,006072,c_d777
D780,FRASSINETO PO,ALESSANDRIA,PIEMONTE,006073,c_d780
D781,FRASSINETTO,TORINO,PIEMONTE,001108,c_d781
D782,FRASSINO,CUNEO,PIEMONTE,004092,c_d782
D783,FRASSINORO,MODENA,EMILIA ROMAGNA,036016,c_d783
D784,FRASSO TELESINO,BENEVENTO,CAMPANIA,062035,c_d784
D785,FRASSO SABINO,RIETI,LAZIO,057030,c_d785
D786,UMBERTIDE,PERUGIA,UMBRIA,054056,c_d786
D787,FRATTA TODINA,PERUGIA,UMBRIA,054020,c_d787
D788,FRATTA POLESINE,ROVIGO,VENETO,029024,c_d788
D789,FRATTAMAGGIORE,NAPOLI,CAMPANIA,063032,c_d789
D790,FRATTAMINORE,NAPOLI,CAMPANIA,063033,c_d790
D791,FRATTE ROSA,PESARO E URBINO,MARCHE,041016,c_d791
D793,FRAZZANO',MESSINA,SICILIA,083026,c_d793
D794,FREGONA,TREVISO,VENETO,026030,c_d794
D796,FRESAGRANDINARIA,CHIETI,ABRUZZO,069036,c_d796
D797,FRESONARA,ALESSANDRIA,PIEMONTE,006074,c_d797
D798,FRIGENTO,AVELLINO,CAMPANIA,064035,c_d798
D799,FRIGNANO,CASERTA,CAMPANIA,061037,c_d799
D801,VILLA DI BRIANO,CASERTA,CAMPANIA,061098,c_d801
D802,FRINCO,ASTI,PIEMONTE,005055,c_d802
D803,FRISA,CHIETI,ABRUZZO,069037,c_d803
D804,FRISANCO,PORDENONE,FRIULI VENEZIA GIULIA,093024,c_d804
D805,FRONT,TORINO,PIEMONTE,001109,c_d805
D807,FRONTINO,PESARO E URBINO,MARCHE,041017,c_d807
D808,FRONTONE,PESARO E URBINO,MARCHE,041018,c_d808
D810,FROSINONE,FROSINONE,LAZIO,060038,c_d810
D811,FROSOLONE,ISERNIA,MOLISE,094022,c_d811
D812,FROSSASCO,TORINO,PIEMONTE,001110,c_d812
D813,FRUGAROLO,ALESSANDRIA,PIEMONTE,006075,c_d813
D814,FUBINE MONFERRATO,ALESSANDRIA,PIEMONTE,006076,c_d814
D815,FUCECCHIO,FIRENZE,TOSCANA,048019,c_d815
D817,FUIPIANO VALLE IMAGNA,BERGAMO,LOMBARDIA,016106,c_d817
D818,FUMANE,VERONA,VENETO,023035,c_d818
D819,FUMONE,FROSINONE,LAZIO,060039,c_d819
D821,FUNES,BOLZANO,TRENTINO ALTO ADIGE,021033,c_d821
D823,FURCI,CHIETI,ABRUZZO,069038,c_d823
D824,FURCI SICULO,MESSINA,SICILIA,083027,c_d824
D825,FURNARI,MESSINA,SICILIA,083028,c_d825
D826,FURORE,SALERNO,CAMPANIA,065053,c_d826
D827,FURTEI,SUD SARDEGNA,SARDEGNA,111022,c_d827
D828,FUSCALDO,COSENZA,CALABRIA,078058,c_d828
D829,FUSIGNANO,RAVENNA,EMILIA ROMAGNA,039011,c_d829
D830,FUSINE,SONDRIO,LOMBARDIA,014030,c_d830
D832,FUTANI,SALERNO,CAMPANIA,065054,C_D832
D834,GABBIONETA BINANUOVA,CREMONA,LOMBARDIA,019045,c_d834
D835,GABIANO,ALESSANDRIA,PIEMONTE,006077,c_d835
D836,GABICCE MARE,PESARO E URBINO,MARCHE,041019,c_d836
D839,GABY,AOSTA,VALLE D'AOSTA,007029,c_d839
D841,GADESCO PIEVE DELMONA,CREMONA,LOMBARDIA,019046,c_D841
D842,GADONI,NUORO,SARDEGNA,091025,c_d842
D843,GAETA,LATINA,LAZIO,059009,c_d843
D844,GAGGI,MESSINA,SICILIA,083029,c_d844
D845,GAGGIANO,MILANO,LOMBARDIA,015103,c_d845
D847,GAGGIO MONTANO,BOLOGNA,EMILIA ROMAGNA,037027,c_d847
D848,GAGLIANICO,BIELLA,PIEMONTE,096026,c_d848
D849,GAGLIANO CASTELFERRATO,ENNA,SICILIA,086010,c_d849
D850,GAGLIANO ATERNO,AQUILA,ABRUZZO,066045,c_d850
D851,GAGLIANO DEL CAPO,LECCE,PUGLIA,075028,c_d851
D852,GAGLIATO,CATANZARO,CALABRIA,079055,c_d852
D853,GAGLIOLE,MACERATA,MARCHE,043020,c_d853
D854,GAIARINE,TREVISO,VENETO,026031,c_d854
D855,GAIBA,ROVIGO,VENETO,029025,c_d855
D856,GAIOLA,CUNEO,PIEMONTE,004093,c_d856
D858,GAIOLE IN CHIANTI,SIENA,TOSCANA,052013,c_d858
D859,GAIRO,NUORO,SARDEGNA,091026,c_d859
D860,GAIS,BOLZANO,TRENTINO ALTO ADIGE,021034,c_d860
D861,GALATI MAMERTINO,MESSINA,SICILIA,083030,c_d861
D862,GALATINA,LECCE,PUGLIA,075029,c_d862
D863,GALATONE,LECCE,PUGLIA,075030,c_d863
D864,GALATRO,REGGIO CALABRIA,CALABRIA,080035,c_d864
D865,GALBIATE,LECCO,LOMBARDIA,097036,c_d865
D867,GALEATA,FORLI,EMILIA ROMAGNA,040014,c_d867
D868,GALGAGNANO,LODI,LOMBARDIA,098027,c_d868
D869,GALLARATE,VARESE,LOMBARDIA,012070,c_d869
D870,GALLESE,VITERBO,LAZIO,056027,c_d870
D871,GALLIATE LOMBARDO,VARESE,LOMBARDIA,012071,c_d871
D872,GALLIATE,NOVARA,PIEMONTE,003068,c_d872
D873,GALLIAVOLA,PAVIA,LOMBARDIA,018066,c_d873
D874,GALLICANO,LUCCA,TOSCANA,046015,c_d874
D875,GALLICANO NEL LAZIO,ROMA,LAZIO,058040,c_d875
D876,GALLICCHIO,POTENZA,BASILICATA,076035,c_d876
D878,GALLIERA,BOLOGNA,EMILIA ROMAGNA,037028,c_d878
D879,GALLIERA VENETA,PADOVA,VENETO,028039,c_d879
D881,GALLINARO,FROSINONE,LAZIO,060040,c_d881
D882,GALLIO,VICENZA,VENETO,024042,c_d882
D883,GALLIPOLI,LECCE,PUGLIA,075031,c_d883
D884,GALLO MATESE,CASERTA,CAMPANIA,061038,C_D884
D885,GALLODORO,MESSINA,SICILIA,083031,c_d885
D886,GALLUCCIO,CASERTA,CAMPANIA,061039,c_d886
D888,GALTELLI',NUORO,SARDEGNA,091027,c_d888
D889,GALZIGNANO TERME,PADOVA,VENETO,028040,c_d889
D890,GAMALERO,ALESSANDRIA,PIEMONTE,006078,c_d890
D891,GAMBARA,BRESCIA,LOMBARDIA,017073,c_d891
D892,GAMBARANA,PAVIA,LOMBARDIA,018067,c_d892
D894,GAMBASCA,CUNEO,PIEMONTE,004094,c_d894
D895,GAMBASSI TERME,FIRENZE,TOSCANA,048020,c_d985
D896,GAMBATESA,CAMPOBASSO,MOLISE,070025,c_d896
D897,GAMBELLARA,VICENZA,VENETO,024043,c_d897
D898,GAMBERALE,CHIETI,ABRUZZO,069039,c_d898
D899,GAMBETTOLA,FORLI,EMILIA ROMAGNA,040015,c_0899
D901,GAMBOLO',PAVIA,LOMBARDIA,018068,c_d901
D903,GANDELLINO,BERGAMO,LOMBARDIA,016107,c_d903
D905,GANDINO,BERGAMO,LOMBARDIA,016108,c_d905
D906,GANDOSSO,BERGAMO,LOMBARDIA,016109,c_d906
D907,GANGI,PALERMO,SICILIA,082036,c_d907
D909,GARAGUSO,MATERA,BASILICATA,077009,c_d909
D910,GARBAGNA,ALESSANDRIA,PIEMONTE,006079,c_d910
D911,GARBAGNA NOVARESE,NOVARA,PIEMONTE,003069,c_d911
D912,GARBAGNATE MILANESE,MILANO,LOMBARDIA,015105,c_d912
D913,GARBAGNATE MONASTERO,LECCO,LOMBARDIA,097037,c_d913
D915,GARDA,VERONA,VENETO,023036,c_d915
D917,GARDONE RIVIERA,BRESCIA,LOMBARDIA,017074,c_d917
D918,GARDONE VAL TROMPIA,BRESCIA,LOMBARDIA,017075,c_d918
D920,GARESSIO,CUNEO,PIEMONTE,004095,c_d920
D921,GARGALLO,NOVARA,PIEMONTE,003070,c_d921
D923,GARGAZZONE,BOLZANO,TRENTINO ALTO ADIGE,021035,c_d923
D924,GARGNANO,BRESCIA,LOMBARDIA,017076,c_d924
D925,GARLASCO,PAVIA,LOMBARDIA,018069,c_d925
D926,GARLATE,LECCO,LOMBARDIA,097038,c_d926
D927,GARLENDA,SAVONA,LIGURIA,009030,c_d927
D928,GARNIGA TERME,TRENTO,TRENTINO ALTO ADIGE,022091,c_d928
D930,GARZENO,COMO,LOMBARDIA,013106,c_d930
D931,GARZIGLIANA,TORINO,PIEMONTE,001111,c_d931
D932,GASPERINA,CATANZARO,CALABRIA,079056,c_d932
D933,GASSINO TORINESE,TORINO,PIEMONTE,001112,c_d933
D934,GATTATICO,REGGIO EMILIA,EMILIA ROMAGNA,035022,c_d934
D935,GATTEO,FORLI,EMILIA ROMAGNA,040016,c_d935
D938,GATTINARA,VERCELLI,PIEMONTE,002061,c_d938
D940,GAVARDO,BRESCIA,LOMBARDIA,017077,c_d940
D942,GAVELLO,ROVIGO,VENETO,029026,c_d942
D943,GAVERINA TERME,BERGAMO,LOMBARDIA,016110,c_d943
D944,GAVI,ALESSANDRIA,PIEMONTE,006081,c_d944
D945,GAVIGNANO,ROMA,LAZIO,058041,c_d945
D946,GAVIRATE,VARESE,LOMBARDIA,012072,c_d946
D947,GAVOI,NUORO,SARDEGNA,091028,c_d947
D948,GAVORRANO,GROSSETO,TOSCANA,053010,c_d948
D949,GAZOLDO DEGLI IPPOLITI,MANTOVA,LOMBARDIA,020024,c_d949
D951,GAZZADA SCHIANNO,VARESE,LOMBARDIA,012073,c_d951
D952,GAZZANIGA,BERGAMO,LOMBARDIA,016111,c_d952
D956,GAZZO,PADOVA,VENETO,028041,c_d957
D957,GAZZO VERONESE,VERONA,VENETO,023037,c_d957t
D958,GAZZOLA,PIACENZA,EMILIA ROMAGNA,033022,c_d958
D959,GAZZUOLO,MANTOVA,LOMBARDIA,020025,c_d959
D960,GELA,CALTANISSETTA,SICILIA,085007,c_d960
D961,GEMMANO,RIMINI,EMILIA ROMAGNA,099004,c_d961
D962,GEMONA DEL FRIULI,UDINE,FRIULI VENEZIA GIULIA,030043,c_d962
D963,GEMONIO,VARESE,LOMBARDIA,012074,c_d963
D964,GENAZZANO,ROMA,LAZIO,058042,c_d964
D965,GENGA,ANCONA,MARCHE,042020,c_d965
D966,GENIVOLTA,CREMONA,LOMBARDIA,019047,c_d966
D967,GENOLA,CUNEO,PIEMONTE,004096,C_D967
D968,GENONI,SUD SARDEGNA,SARDEGNA,111023,c_d968
D969,GENOVA,GENOVA,LIGURIA,010025,c_d969
D970,GENURI,SUD SARDEGNA,SARDEGNA,111024,c_d970
D971,GENZANO DI LUCANIA,POTENZA,BASILICATA,076036,c_d971
D972,GENZANO DI ROMA,ROMA,LAZIO,058043,c_d972
D974,GERA LARIO,COMO,LOMBARDIA,013107,c_d974
D975,GERACE,REGGIO CALABRIA,CALABRIA,080036,c_d975
D976,LOCRI,REGGIO CALABRIA,CALABRIA,080043,C_D976
D977,GERACI SICULO,PALERMO,SICILIA,082037,c_d977
D978,GERANO,ROMA,LAZIO,058044,c_d978
D980,GERENZAGO,PAVIA,LOMBARDIA,018071,c_d980
D981,GERENZANO,VARESE,LOMBARDIA,012075,c_d981
D982,GERGEI,SUD SARDEGNA,SARDEGNA,111025,c_d982
D983,GERMAGNANO,TORINO,PIEMONTE,001113,c_d983
D984,GERMAGNO,VERBANO-CUSIO-OSSOLA,PIEMONTE,103032,c_d984
D987,GERMIGNAGA,VARESE,LOMBARDIA,012076,c_d987
D988,GEROCARNE,VIBO VALENTIA,CALABRIA,102016,c_d988
D990,GEROLA ALTA,SONDRIO,LOMBARDIA,014031,c_d990
D993,GERRE DE' CAPRIOLI,CREMONA,LOMBARDIA,019048,c_d993
D994,GESICO,SUD SARDEGNA,SARDEGNA,111026,c_d994
D995,GESSATE,MILANO,LOMBARDIA,015106,c_d995
D996,GESSOPALENA,CHIETI,ABRUZZO,069040,c_d996
D997,GESTURI,SUD SARDEGNA,SARDEGNA,111027,c_d997
D998,GESUALDO,AVELLINO,CAMPANIA,064036,c_d998
D999,GHEDI,BRESCIA,LOMBARDIA,017078,c_d999
E001,GHEMME,NOVARA,PIEMONTE,003073,c_e001
E003,GHIFFA,VERBANO-CUSIO-OSSOLA,PIEMONTE,103033,c_e003
E004,GHILARZA,ORISTANO,SARDEGNA,095021,c_e004
E006,GHISALBA,BERGAMO,LOMBARDIA,016113,c_e006
E007,GHISLARENGO,VERCELLI,PIEMONTE,002062,c_e007
E008,GIACCIANO CON BARUCHELLA,ROVIGO,VENETO,029027,c_e008
E009,GIAGLIONE,TORINO,PIEMONTE,001114,c_e009
E010,GIANICO,BRESCIA,LOMBARDIA,017079,c_vwvv
E011,GIANO VETUSTO,CASERTA,CAMPANIA,061040,c_e011
E012,GIANO DELL'UMBRIA,PERUGIA,UMBRIA,054021,c_e012
E013,GIARDINELLO,PALERMO,SICILIA,082038,c_e013
E014,GIARDINI-NAXOS,MESSINA,SICILIA,083032,c_e014
E015,GIAROLE,ALESSANDRIA,PIEMONTE,006082,c_e015
E016,GIARRATANA,RAGUSA,SICILIA,088004,c_e016
E017,GIARRE,CATANIA,SICILIA,087017,c_e017
E019,GIAVE,SASSARI,SARDEGNA,090030,c_e019
E020,GIAVENO,TORINO,PIEMONTE,001115,c_e020
E021,GIAVERA DEL MONTELLO,TREVISO,VENETO,026032,c_e021
E022,GIBA,SUD SARDEGNA,SARDEGNA,111028,c_e022
E023,GIBELLINA,TRAPANI,SICILIA,081010,c_e023
E024,GIFFLENGA,BIELLA,PIEMONTE,096027,c_e024
E025,GIFFONE,REGGIO CALABRIA,CALABRIA,080037,c_e025
E026,GIFFONI SEI CASALI,SALERNO,CAMPANIA,065055,c_e026
E027,GIFFONI VALLE PIANA,SALERNO,CAMPANIA,065056,c_e027
E028,GIGNESE,VERBANO-CUSIO-OSSOLA,PIEMONTE,103034,c_e028
E029,GIGNOD,AOSTA,VALLE D'AOSTA,007030,c_e029
E030,GILDONE,CAMPOBASSO,MOLISE,070026,c_e030
E031,GIMIGLIANO,CATANZARO,CALABRIA,079058,c_e031
E033,GINESTRA,POTENZA,BASILICATA,076099,c_e033
E034,GINESTRA DEGLI SCHIAVONI,BENEVENTO,CAMPANIA,062036,c_e034
E036,GINOSA,TARANTO,PUGLIA,073007,c_e036
E037,GIOI,SALERNO,CAMPANIA,065057,c_e037
E038,GIOIA DEL COLLE,BARI,PUGLIA,072021,c_e038
E039,GIOIA SANNITICA,CASERTA,CAMPANIA,061041,c_e039
E040,GIOIA DEI MARSI,AQUILA,ABRUZZO,066046,c_e040
E041,GIOIA TAURO,REGGIO CALABRIA,CALABRIA,080038,c_e041
E043,GIOIOSA MAREA,MESSINA,SICILIA,083033,c_e043
E044,GIOIOSA IONICA,REGGIO CALABRIA,CALABRIA,080039,c_e044
E045,GIOVE,TERNI,UMBRIA,055014,c_e045
E047,GIOVINAZZO,BARI,PUGLIA,072022,c_e047
E048,GIOVO,TRENTO,TRENTINO ALTO ADIGE,022092,c_e048
E049,GIRASOLE,NUORO,SARDEGNA,091031,e049
E050,GIRIFALCO,CATANZARO,CALABRIA,079059,c_e050
E052,GISSI,CHIETI,ABRUZZO,069041,c_e052
E053,GIUGGIANELLO,LECCE,PUGLIA,075032,c_e053
E054,GIUGLIANO IN CAMPANIA,NAPOLI,CAMPANIA,063034,c_e054
E055,GIULIANA,PALERMO,SICILIA,082039,c_e055
E056,GIULIANO TEATINO,CHIETI,ABRUZZO,069042,c_e056
E057,GIULIANO DI ROMA,FROSINONE,LAZIO,060041,c_e057
E058,GIULIANOVA,TERAMO,ABRUZZO,067025,c_e058
E060,GIUNGANO,SALERNO,CAMPANIA,065058,c_e060
E061,GIURDIGNANO,LECCE,PUGLIA,075033,c_e061
E062,GIUSSAGO,PAVIA,LOMBARDIA,018072,c_e062
E063,GIUSSANO,MONZA E DELLA BRIANZA,LOMBARDIA,108024,c_e063
E064,GIUSTENICE,SAVONA,LIGURIA,009031,c_e064
E065,GIUSTINO,TRENTO,TRENTINO ALTO ADIGE,022093,c_e065
E066,GIUSVALLA,SAVONA,LIGURIA,009032,c_e066
E067,GIVOLETTO,TORINO,PIEMONTE,001116,c_e067
E068,GIZZERIA,CATANZARO,CALABRIA,079060,c_e068
E069,GLORENZA,BOLZANO,TRENTINO ALTO ADIGE,021036,c_e069
E070,SESTA GODANO,LA SPEZIA,LIGURIA,011028,C_E070
E071,GODEGA DI SANT'URBANO,TREVISO,VENETO,026033,gsu_tv
E072,GODIASCO SALICE TERME,PAVIA,LOMBARDIA,018073,c_e072
E074,GODRANO,PALERMO,SICILIA,082040,c_E074
E078,GOITO,MANTOVA,LOMBARDIA,020026,c_e078
E079,GOLASECCA,VARESE,LOMBARDIA,012077,c_e079
E081,GOLFERENZO,PAVIA,LOMBARDIA,018074,c_e081
E082,GOMBITO,CREMONA,LOMBARDIA,019049,c_e082
E083,GONARS,UDINE,FRIULI VENEZIA GIULIA,030044,c_e083
E084,GONI,SUD SARDEGNA,SARDEGNA,111029,c_e084
E085,GONNOSFANADIGA,SUD SARDEGNA,SARDEGNA,111031,c_e085
E086,GONNESA,SUD SARDEGNA,SARDEGNA,111030,c_e086
E087,GONNOSCODINA,ORISTANO,SARDEGNA,095022,c_e087
E088,GONNOSTRAMATZA,ORISTANO,SARDEGNA,095024,c_e088
E089,GONZAGA,MANTOVA,LOMBARDIA,020027,c_e089
E090,GORDONA,SONDRIO,LOMBARDIA,014032,c_e090
E091,GORGA,ROMA,LAZIO,058045,c_e091
E092,GORGO AL MONTICANO,TREVISO,VENETO,026034,c_e092
E093,GORGOGLIONE,MATERA,BASILICATA,077010,c_e093
E094,GORGONZOLA,MILANO,LOMBARDIA,015108,c_e094
E096,GORIANO SICOLI,AQUILA,ABRUZZO,066047,c_e096
E098,GORIZIA,GORIZIA,FRIULI VENEZIA GIULIA,031007,c_e098
E100,GORLAGO,BERGAMO,LOMBARDIA,016114,c_e100
E101,GORLA MAGGIORE,VARESE,LOMBARDIA,012078,c_e101
E102,GORLA MINORE,VARESE,LOMBARDIA,012079,c_e102
E103,GORLE,BERGAMO,LOMBARDIA,016115,c_e103
E104,GORNATE-OLONA,VARESE,LOMBARDIA,012080,c_e104
E106,GORNO,BERGAMO,LOMBARDIA,016116,c_e106
E107,GORO,FERRARA,EMILIA ROMAGNA,038025,c_e107
E109,GORRETO,GENOVA,LIGURIA,010026,c_e109
E111,GORZEGNO,CUNEO,PIEMONTE,004097,c_e111
E113,GOSALDO,BELLUNO,VENETO,025025,c_e113
E114,GOSSOLENGO,PIACENZA,EMILIA ROMAGNA,033023,c_e114
E115,GOTTASECCA,CUNEO,PIEMONTE,004098,c_e115
E116,GOTTOLENGO,BRESCIA,LOMBARDIA,017080,c_e116
E118,GOVONE,CUNEO,PIEMONTE,004099,c_e118
E120,GOZZANO,NOVARA,PIEMONTE,003076,c_e120
E122,GRADARA,PESARO E URBINO,MARCHE,041020,c_e122
E124,GRADISCA D'ISONZO,GORIZIA,FRIULI VENEZIA GIULIA,031008,c_e124
E125,GRADO,GORIZIA,FRIULI VENEZIA GIULIA,031009,c_e125
E126,GRADOLI,VITERBO,LAZIO,056028,c_e126
E127,GRAFFIGNANA,LODI,LOMBARDIA,098028,C_E127
E128,GRAFFIGNANO,VITERBO,LAZIO,056029,c_e128
E130,GRAGLIA,BIELLA,PIEMONTE,096028,c_e130
E131,GRAGNANO,NAPOLI,CAMPANIA,063035,c_e131
E132,GRAGNANO TREBBIENSE,PIACENZA,EMILIA ROMAGNA,033024,c_e132
E133,GRAMMICHELE,CATANIA,SICILIA,087018,c_e133
E134,GRANA MONFERRATO,ASTI,PIEMONTE,005056,c_e134
E136,GRANAROLO DELL'EMILIA,BOLOGNA,EMILIA ROMAGNA,037030,c_e136
E139,GRANDATE,COMO,LOMBARDIA,013110,c_e139
E141,GRANDOLA ED UNITI,COMO,LOMBARDIA,013111,c_e141
E142,GRANITI,MESSINA,SICILIA,083034,c_e142
E143,GRANOZZO CON MONTICELLO,NOVARA,PIEMONTE,003077,c_e143
E144,GRANTOLA,VARESE,LOMBARDIA,012081,c_e144
E145,GRANTORTO,PADOVA,VENETO,028042,c_e145
E146,GRANZE,PADOVA,VENETO,028043,c_e146
E147,GRASSANO,MATERA,BASILICATA,077011,c_e147
E148,GRASSOBBIO,BERGAMO,LOMBARDIA,016117,c_e148
E149,GRATTERI,PALERMO,SICILIA,082041,c_e149
E152,GRAVELLONA LOMELLINA,PAVIA,LOMBARDIA,018075,c_e152
E153,GRAVELLONA TOCE,VERBANO-CUSIO-OSSOLA,PIEMONTE,103035,c_e153
E154,GRAVERE,TORINO,PIEMONTE,001117,c_e154
E155,GRAVINA IN PUGLIA,BARI,PUGLIA,072023,c_e155
E156,GRAVINA DI CATANIA,CATANIA,SICILIA,087019,c_e156
E158,GRAZZANISE,CASERTA,CAMPANIA,061042,c_e158
E159,GRAZZANO BADOGLIO,ASTI,PIEMONTE,005057,c_e159
E160,GRECCIO,RIETI,LAZIO,057031,c_e160
E161,GRECI,AVELLINO,CAMPANIA,064037,c_e161
E163,GREGGIO,VERCELLI,PIEMONTE,002065,c_e163
E164,GREMIASCO,ALESSANDRIA,PIEMONTE,006083,c_e164
E165,GRESSAN,AOSTA,VALLE D'AOSTA,007031,c_e165
E167,GRESSONEY-LA-TRINITE',AOSTA,VALLE D'AOSTA,007032,c_e167
E168,GRESSONEY-SAINT-JEAN,AOSTA,VALLE D'AOSTA,007033,c_e168
E169,GREVE IN CHIANTI,FIRENZE,TOSCANA,048021,c_e169
E170,GREZZAGO,MILANO,LOMBARDIA,015110,c_e170
E171,GREZZANA,VERONA,VENETO,023038,c_e171
E172,GRIANTE,COMO,LOMBARDIA,013113,c_e172
E173,GRICIGNANO DI AVERSA,CASERTA,CAMPANIA,061043,c_e173
E177,GRIGNASCO,NOVARA,PIEMONTE,003079,c_e177
E178,GRIGNO,TRENTO,TRENTINO ALTO ADIGE,022095,c_e178
E179,GRIMACCO,UDINE,FRIULI VENEZIA GIULIA,030045,c_e179
E180,GRIMALDI,COSENZA,CALABRIA,078059,c_e180
E182,GRINZANE CAVOUR,CUNEO,PIEMONTE,004100,c_e182
E184,GRISIGNANO DI ZOCCO,VICENZA,VENETO,024046,c_e184
E185,GRISOLIA,COSENZA,CALABRIA,078060,c_e185
E187,GRIZZANA MORANDI,BOLOGNA,EMILIA ROMAGNA,037031,c_e187
E188,GROGNARDO,ALESSANDRIA,PIEMONTE,006084,c_e188
E189,GROMO,BERGAMO,LOMBARDIA,016118,c_e189
E191,GRONDONA,ALESSANDRIA,PIEMONTE,006085,c_e191
E192,GRONE,BERGAMO,LOMBARDIA,016119,c_e192
E193,GRONTARDO,CREMONA,LOMBARDIA,019050,c_e193
E195,GROPELLO CAIROLI,PAVIA,LOMBARDIA,018076,c_e195
E196,GROPPARELLO,PIACENZA,EMILIA ROMAGNA,033025,c_e196
E199,GROSCAVALLO,TORINO,PIEMONTE,001118,c_e199
E200,GROSIO,SONDRIO,LOMBARDIA,014033,c_e200
E201,GROSOTTO,SONDRIO,LOMBARDIA,014034,c_e201
E202,GROSSETO,GROSSETO,TOSCANA,053011,c_e202
E203,GROSSO,TORINO,PIEMONTE,001119,c_e203
E204,GROTTAFERRATA,ROMA,LAZIO,058046,c_e204
E205,GROTTAGLIE,TARANTO,PUGLIA,073008,c_e205
E206,GROTTAMINARDA,AVELLINO,CAMPANIA,064038,c_e206
E207,GROTTAMMARE,ASCOLI PICENO,MARCHE,044023,c_e207
E208,GROTTAZZOLINA,FERMO,MARCHE,109008,c_e208
E209,GROTTE,AGRIGENTO,SICILIA,084018,c_e209
E210,GROTTE DI CASTRO,VITERBO,LAZIO,056030,c_e210
E212,GROTTERIA,REGGIO CALABRIA,CALABRIA,080040,c_e212
E213,GROTTOLE,MATERA,BASILICATA,077012,c_e213
E214,GROTTOLELLA,AVELLINO,CAMPANIA,064039,c_e214
E215,GRUARO,VENEZIA,VENETO,027018,c_e215
E216,GRUGLIASCO,TORINO,PIEMONTE,001120,c_e216
E217,GRUMELLO CREMONESE ED UNITI,CREMONA,LOMBARDIA,019051,c_e217
E219,GRUMELLO DEL MONTE,BERGAMO,LOMBARDIA,016120,c_e219
E221,GRUMENTO NOVA,POTENZA,BASILICATA,076037,c_e221
E223,GRUMO APPULA,BARI,PUGLIA,072024,c_e223
E224,GRUMO NEVANO,NAPOLI,CAMPANIA,063036,c_e224
E226,GRUMOLO DELLE ABBADESSE,VICENZA,VENETO,024047,c_e226
E227,GUAGNANO,LECCE,PUGLIA,075034,c_e227
E228,GUALDO,MACERATA,MARCHE,043021,c_e228
E229,GUALDO CATTANEO,PERUGIA,UMBRIA,054022,c_e229
E230,GUALDO TADINO,PERUGIA,UMBRIA,054023,c_e230
E232,GUALTIERI,REGGIO EMILIA,EMILIA ROMAGNA,035023,c_e232
E233,GUALTIERI SICAMINO',MESSINA,SICILIA,083035,c_e233
E234,GUAMAGGIORE,SUD SARDEGNA,SARDEGNA,111032,c_e234
E235,GUANZATE,COMO,LOMBARDIA,013114,c_e235
E236,GUARCINO,FROSINONE,LAZIO,060042,c_e236
E237,GUARDABOSONE,VERCELLI,PIEMONTE,002066,c_e237
E238,GUARDAMIGLIO,LODI,LOMBARDIA,098029,c_e238
E239,GUARDAVALLE,CATANZARO,CALABRIA,079061,c_e239
E240,GUARDA VENETA,ROVIGO,VENETO,029028,c_e240
E241,GUARDEA,TERNI,UMBRIA,055015,c_e241
E242,GUARDIA PIEMONTESE,COSENZA,CALABRIA,078061,c_e242
E243,GUARDIAGRELE,CHIETI,ABRUZZO,069043,c_e243
E244,GUARDIALFIERA,CAMPOBASSO,MOLISE,070027,c_e244
E245,GUARDIA LOMBARDI,AVELLINO,CAMPANIA,064040,c_e245
E246,GUARDIA PERTICARA,POTENZA,BASILICATA,076038,c_e246
E248,GUARDIAREGIA,CAMPOBASSO,MOLISE,070028,c_e248
E249,GUARDIA SANFRAMONDI,BENEVENTO,CAMPANIA,062037,c_e249
E250,GUARDISTALLO,PISA,TOSCANA,050015,c_e250
E251,GUARENE,CUNEO,PIEMONTE,004101,c_e251
E252,GUASILA,SUD SARDEGNA,SARDEGNA,111033,c_e252
E253,GUASTALLA,REGGIO EMILIA,EMILIA ROMAGNA,035024,c_e253
E255,GUAZZORA,ALESSANDRIA,PIEMONTE,006086,c_e255
E256,GUBBIO,PERUGIA,UMBRIA,054024,c_e256
E258,GUDO VISCONTI,MILANO,LOMBARDIA,015112,c_e258
E259,GUGLIONESI,CAMPOBASSO,MOLISE,070029,c_e259
E261,GUIDIZZOLO,MANTOVA,LOMBARDIA,020028,c_e261
E263,GUIDONIA MONTECELIO,ROMA,LAZIO,058047,c_e263
E264,GUIGLIA,MODENA,EMILIA ROMAGNA,036017,c_e264
E265,SIZIANO,PAVIA,LOMBARDIA,018150,c_e265
E266,GUILMI,CHIETI,ABRUZZO,069044,c_e266
E269,GURRO,VERBANO-CUSIO-OSSOLA,PIEMONTE,103036,c_e269
E270,GUSPINI,SUD SARDEGNA,SARDEGNA,111034,c_e270
E271,GUSSAGO,BRESCIA,LOMBARDIA,017081,c_e271
E272,GUSSOLA,CREMONA,LOMBARDIA,019052,c_e272
E273,HONE,AOSTA,VALLE D'AOSTA,007034,c_e273
E274,JACURSO,CATANZARO,CALABRIA,079065,c_e274
E280,IDRO,BRESCIA,LOMBARDIA,017082,c_e497
E281,IGLESIAS,SUD SARDEGNA,SARDEGNA,111035,c_e281
E282,IGLIANO,CUNEO,PIEMONTE,004102,c_e282
E283,ILBONO,NUORO,SARDEGNA,091032,c_e283
E284,ILLASI,VERONA,VENETO,023039,c_e284
E285,ILLORAI,SASSARI,SARDEGNA,090031,c_e285
E287,IMBERSAGO,LECCO,LOMBARDIA,097039,c_e287
E288,IMER,TRENTO,TRENTINO ALTO ADIGE,022097,c_e288
E289,IMOLA,BOLOGNA,EMILIA ROMAGNA,037032,c_e289
E290,IMPERIA,IMPERIA,LIGURIA,008031,c_e290
E291,IMPRUNETA,FIRENZE,TOSCANA,048022,c_e291
E292,INARZO,VARESE,LOMBARDIA,012082,c_e292
E295,INCISA SCAPACCINO,ASTI,PIEMONTE,005058,c_295
E297,INCUDINE,BRESCIA,LOMBARDIA,017083,c_e297
E299,INDUNO OLONA,VARESE,LOMBARDIA,012083,c_e299
E301,INGRIA,TORINO,PIEMONTE,001121,c_e301
E304,INTRAGNA,VERBANO-CUSIO-OSSOLA,PIEMONTE,103037,c_e304
E305,INTROBIO,LECCO,LOMBARDIA,097040,c_e305
E306,INTROD,AOSTA,VALLE D'AOSTA,007035,c_e306
E307,INTRODACQUA,AQUILA,ABRUZZO,066048,c_e307
E309,INVERIGO,COMO,LOMBARDIA,013118,c_e309
E310,INVERNO E MONTELEONE,PAVIA,LOMBARDIA,018077,c_e310
E311,INVERSO PINASCA,TORINO,PIEMONTE,001122,c_e311
E313,INVERUNO,MILANO,LOMBARDIA,015113,c_e313
E314,INVORIO,NOVARA,PIEMONTE,003082,c_e314
E317,INZAGO,MILANO,LOMBARDIA,015114,c_e317
E320,JOLANDA DI SAVOIA,FERRARA,EMILIA ROMAGNA,038010,c_e320
E321,JONADI,VIBO VALENTIA,CALABRIA,102017,c_e321
E323,IRGOLI,NUORO,SARDEGNA,091033,c_e323
E325,IRMA,BRESCIA,LOMBARDIA,017084,c_e325
E326,IRSINA,MATERA,BASILICATA,077013,c_e326
E327,ISASCA,CUNEO,PIEMONTE,004103,c_e327
E328,ISCA SULLO IONIO,CATANZARO,CALABRIA,079063,c_e328
E329,ISCHIA,NAPOLI,CAMPANIA,063037,c_e329
E330,ISCHIA DI CASTRO,VITERBO,LAZIO,056031,c_e330
E332,ISCHITELLA,FOGGIA,PUGLIA,071025,c_e332
E333,ISEO,BRESCIA,LOMBARDIA,017085,c_e333
E334,ISERA,TRENTO,TRENTINO ALTO ADIGE,022098,c_e334
E335,ISERNIA,ISERNIA,MOLISE,094023,c_e335
E336,ISILI,SUD SARDEGNA,SARDEGNA,111036,c_e336
E337,ISNELLO,PALERMO,SICILIA,082042,c_e337
E338,ISOLA D'ASTI,ASTI,PIEMONTE,005059,c_e338
E339,ISOLA DI CAPO RIZZUTO,CROTONE,CALABRIA,101013,c_e339
E340,ISOLA DEL LIRI,FROSINONE,LAZIO,060043,c_e340
E341,ISOLA DEL CANTONE,GENOVA,LIGURIA,010027,c_e341
E342,MADESIMO,SONDRIO,LOMBARDIA,014035,c_e342
E343,ISOLA DEL GRAN SASSO D'ITALIA,TERAMO,ABRUZZO,067026,c_e343
E345,ISOLABELLA,TORINO,PIEMONTE,001123,c_e345
E346,ISOLABONA,IMPERIA,LIGURIA,008032,c_e346
E348,ISOLA DEL GIGLIO,GROSSETO,TOSCANA,053012,c_e348
E349,ISOLA DELLA SCALA,VERONA,VENETO,023040,c_e349
E350,ISOLA DELLE FEMMINE,PALERMO,SICILIA,082043,c_e350
E351,ISOLA DEL PIANO,PESARO E URBINO,MARCHE,041021,c_e351
E353,ISOLA DI FONDRA,BERGAMO,LOMBARDIA,016121,c_c35e
E354,ISOLA VICENTINA,VICENZA,VENETO,024048,c_e354
E356,ISOLA DOVARESE,CREMONA,LOMBARDIA,019053,c_e356
E358,ISOLA RIZZA,VERONA,VENETO,023041,c_e358
E360,ISOLA SANT'ANTONIO,ALESSANDRIA,PIEMONTE,006087,c_e360
E363,ISOLE TREMITI,FOGGIA,PUGLIA,071026,c_e363
E364,ISORELLA,BRESCIA,LOMBARDIA,017086,c_e364
E365,ISPANI,SALERNO,CAMPANIA,065059,c_e365
E366,ISPICA,RAGUSA,SICILIA,088005,c_e366
E367,ISPRA,VARESE,LOMBARDIA,012084,c_e367
E368,ISSIGLIO,TORINO,PIEMONTE,001124,c_e368
E369,ISSIME,AOSTA,VALLE D'AOSTA,007036,c_e369
E370,ISSO,BERGAMO,LOMBARDIA,016122,c_e370
E371,ISSOGNE,AOSTA,VALLE D'AOSTA,007037,c_e371
E372,VASTO,CHIETI,ABRUZZO,069099,c_e372
E373,ISTRANA,TREVISO,VENETO,026035,c_e373
E374,ITALA,MESSINA,SICILIA,083036,c_e374
E375,ITRI,LATINA,LAZIO,059010,c_e375
E376,ITTIREDDU,SASSARI,SARDEGNA,090032,c_e376
E377,ITTIRI,SASSARI,SARDEGNA,090033,c_e377
E379,IVREA,TORINO,PIEMONTE,001125,c_e379
E380,IZANO,CREMONA,LOMBARDIA,019054,c_e380
E381,JELSI,CAMPOBASSO,MOLISE,070030,c_e381
E382,JENNE,ROMA,LAZIO,058048,c_e382
E386,JERAGO CON ORAGO,VARESE,LOMBARDIA,012085,c_e386
E387,JERZU,NUORO,SARDEGNA,091035,c_e387
E388,JESI,ANCONA,MARCHE,042021,c_e388
E389,JOPPOLO,VIBO VALENTIA,CALABRIA,102018,c_e389
E390,JOPPOLO GIANCAXIO,AGRIGENTO,SICILIA,084019,c_e390
E391,JOVENCAN,AOSTA,VALLE D'AOSTA,007038,c_e391
E392,LABICO,ROMA,LAZIO,058049,c_e392
E393,LABRO,RIETI,LAZIO,057032,c_e393
E394,LA CASSA,TORINO,PIEMONTE,001126,c_e394
E395,LACCHIARELLA,MILANO,LOMBARDIA,015115,c_e395
E396,LACCO AMENO,NAPOLI,CAMPANIA,063038,c_e396
E397,LACEDONIA,AVELLINO,CAMPANIA,064041,c_e397
E398,LACES,BOLZANO,TRENTINO ALTO ADIGE,021037,c_e398
E400,LACONI,ORISTANO,SARDEGNA,095082,c_e400
E401,LAERRU,SASSARI,SARDEGNA,090034,c_e401
E402,LAGANADI,REGGIO CALABRIA,CALABRIA,080041,c_e402
E403,LAGHI,VICENZA,VENETO,024049,c_e403
E405,LAGLIO,COMO,LOMBARDIA,013119,c_e405
E406,LAGNASCO,CUNEO,PIEMONTE,004104,c_e406
E407,LAGO,COSENZA,CALABRIA,078062,c_e407
E409,LAGONEGRO,POTENZA,BASILICATA,076039,c_e409
E410,LAGOSANTO,FERRARA,EMILIA ROMAGNA,038011,c_e410
E412,LAGUNDO,BOLZANO,TRENTINO ALTO ADIGE,021038,c_e412
E413,LAJATICO,PISA,TOSCANA,050016,c_e413
E414,LAIGUEGLIA,SAVONA,LIGURIA,009033,c_e414
E415,LAINATE,MILANO,LOMBARDIA,015116,c_e415
E416,LAINO,COMO,LOMBARDIA,013120,c_e417
E417,LAINO BORGO,COSENZA,CALABRIA,078063,c_e417a
E419,LAINO CASTELLO,COSENZA,CALABRIA,078064,c_e419
E420,LAION,BOLZANO,TRENTINO ALTO ADIGE,021039,c_e420
E421,LAIVES,BOLZANO,TRENTINO ALTO ADIGE,021040,c_e421
E422,LALLIO,BERGAMO,LOMBARDIA,016123,c_e422
E423,LA LOGGIA,TORINO,PIEMONTE,001127,c_e423
E424,LAMA DEI PELIGNI,CHIETI,ABRUZZO,069045,c_e424
E425,LA MADDALENA,SASSARI,SARDEGNA,090035,c_e425
E426,LAMA MOCOGNO,MODENA,EMILIA ROMAGNA,036018,c_e426
E428,LAMBRUGO,COMO,LOMBARDIA,013121,c_e428
E429,LAMON,BELLUNO,VENETO,025026,c_e429
E430,LA MORRA,CUNEO,PIEMONTE,004105,c_e430
E431,LAMPEDUSA E LINOSA,AGRIGENTO,SICILIA,084020,c_e431
E432,LAMPORECCHIO,PISTOIA,TOSCANA,047005,c_e432
E433,LAMPORO,VERCELLI,PIEMONTE,002067,c_e433
E434,LANA,BOLZANO,TRENTINO ALTO ADIGE,021041,c_e434
E435,LANCIANO,CHIETI,ABRUZZO,069046,c_e435
E436,LANDIONA,NOVARA,PIEMONTE,003083,c_e436
E437,LANDRIANO,PAVIA,LOMBARDIA,018078,c_e437
E438,LANGHIRANO,PARMA,EMILIA ROMAGNA,034018,c_e438
E439,LANGOSCO,PAVIA,LOMBARDIA,018079,c_e439
E441,LANUSEI,NUORO,SARDEGNA,091037,c_e441
E443,LANZADA,SONDRIO,LOMBARDIA,014036,c_e443
E445,LANZO TORINESE,TORINO,PIEMONTE,001128,c_e445
E447,LAPEDONA,FERMO,MARCHE,109009,c_e447
E448,LAPIO,AVELLINO,CAMPANIA,064042,c_e448
E450,LAPPANO,COSENZA,CALABRIA,078065,c_e450
E451,LARCIANO,PISTOIA,TOSCANA,047006,c_e451
E454,LARDIRAGO,PAVIA,LOMBARDIA,018080,c_e454
E456,LARINO,CAMPOBASSO,MOLISE,070031,c_e456
E457,LASA,BOLZANO,TRENTINO ALTO ADIGE,021042,c_e457
E458,LA SALLE,AOSTA,VALLE D'AOSTA,007040,c_e458
E459,LASCARI,PALERMO,SICILIA,082044,c_e459
E462,LASNIGO,COMO,LOMBARDIA,013123,c_e462
E463,LA SPEZIA,LA SPEZIA,LIGURIA,011015,c_e463
E464,LAS PLASSAS,SUD SARDEGNA,SARDEGNA,111037,c_e464
E465,LASTEBASSE,VICENZA,VENETO,024050,c_e465
E466,LASTRA A SIGNA,FIRENZE,TOSCANA,048024,c_e466
E467,LATERA,VITERBO,LAZIO,056032,c_e467
E469,LATERZA,TARANTO,PUGLIA,073009,c_e469
E470,LA THUILE,AOSTA,VALLE D'AOSTA,007041,c_e470
E471,LATIANO,BRINDISI,PUGLIA,074009,c_e471
E472,LATINA,LATINA,LAZIO,059011,c_e472
E473,LATISANA,UDINE,FRIULI VENEZIA GIULIA,030046,c_e473
E474,LATRONICO,POTENZA,BASILICATA,076040,c_e474
E475,LATTARICO,COSENZA,CALABRIA,078066,c_e475
E476,LAUCO,UDINE,FRIULI VENEZIA GIULIA,030047,c_e476
E479,LAUREANA DI BORRELLO,REGGIO CALABRIA,CALABRIA,080042,c_e479
E480,LAUREANA CILENTO,SALERNO,CAMPANIA,065060,c_e480
E481,LAUREGNO,BOLZANO,TRENTINO ALTO ADIGE,021043,c_e481
E482,LAURENZANA,POTENZA,BASILICATA,076041,c_e482
E483,LAURIA,POTENZA,BASILICATA,076042,c_e483
E484,LAURIANO,TORINO,PIEMONTE,001129,c_e484
E485,LAURINO,SALERNO,CAMPANIA,065061,c_e485
E486,LAURITO,SALERNO,CAMPANIA,065062,c_e468
E487,LAURO,AVELLINO,CAMPANIA,064043,c_e487
E488,LAVAGNA,GENOVA,LIGURIA,010028,c_e488
E489,LAVAGNO,VERONA,VENETO,023042,c_e489
E490,LA VALLE AGORDINA,BELLUNO,VENETO,025027,c_e490
E491,LA VALLE,BOLZANO,TRENTINO ALTO ADIGE,021117,c_e491
E492,LAVARONE,TRENTO,TRENTINO ALTO ADIGE,022102,c_e492
E493,LAVELLO,POTENZA,BASILICATA,076043,c_e493
E494,LAVENA PONTE TRESA,VARESE,LOMBARDIA,012086,c_e494
E496,LAVENO-MOMBELLO,VARESE,LOMBARDIA,012087,c_e496
E497,LAVENONE,BRESCIA,LOMBARDIA,017087,c_e497d
E498,LAVIANO,SALERNO,CAMPANIA,065063,c_e498
E500,LAVIS,TRENTO,TRENTINO ALTO ADIGE,022103,c_e500
E502,LAZISE,VERONA,VENETO,023043,c_e502
E504,LAZZATE,MONZA E DELLA BRIANZA,LOMBARDIA,108025,c_e504
E505,LECCE NEI MARSI,AQUILA,ABRUZZO,066050,c_e505
E506,LECCE,LECCE,PUGLIA,075035,c_e506
E507,LECCO,LECCO,LOMBARDIA,097042,c_e507
E509,LEFFE,BERGAMO,LOMBARDIA,016124,c_e509
E510,LEGGIUNO,VARESE,LOMBARDIA,012088,c_e510
E512,LEGNAGO,VERONA,VENETO,023044,c_e512
E514,LEGNANO,MILANO,LOMBARDIA,015118,c_e514
E515,LEGNARO,PADOVA,VENETO,028044,c_e515
E517,LEI,NUORO,SARDEGNA,091038,c_e517
E518,LEINI,TORINO,PIEMONTE,001130,c_e518
E519,LEIVI,GENOVA,LIGURIA,010029,c_e519
E520,LEMIE,TORINO,PIEMONTE,001131,c_e520
E522,LENDINARA,ROVIGO,VENETO,029029,c_e522
E523,LENI,MESSINA,SICILIA,083037,c_e523
E524,LENNA,BERGAMO,LOMBARDIA,016125,c_e524
E526,LENO,BRESCIA,LOMBARDIA,017088,c_e526
E527,LENOLA,LATINA,LAZIO,059012,c_e527
E528,LENTA,VERCELLI,PIEMONTE,002068,c_e528
E530,LENTATE SUL SEVESO,MONZA E DELLA BRIANZA,LOMBARDIA,108054,c_e530
E531,LENTELLA,CHIETI,ABRUZZO,069047,c_e531
E532,LENTINI,SIRACUSA,SICILIA,089011,c_e532
E535,LEONESSA,RIETI,LAZIO,057033,c_e535
E536,LEONFORTE,ENNA,SICILIA,086011,c_e536
E537,LEPORANO,TARANTO,PUGLIA,073010,c_e537
E538,LEQUILE,LECCE,PUGLIA,075036,c_e538
E539,LEQUIO TANARO,CUNEO,PIEMONTE,004107,c_e539
E540,LEQUIO BERRIA,CUNEO,PIEMONTE,004106,c_e540
E541,LERCARA FRIDDI,PALERMO,SICILIA,082045,c_e541
E542,LERICI,LA SPEZIA,LIGURIA,011016,c_e542
E543,LERMA,ALESSANDRIA,PIEMONTE,006088,c_e543
E544,LESA,NOVARA,PIEMONTE,003084,c_e544
E546,LESEGNO,CUNEO,PIEMONTE,004108,c_e546
E547,LESIGNANO DE' BAGNI,PARMA,EMILIA ROMAGNA,034019,c_e547
E548,TERENZO,PARMA,EMILIA ROMAGNA,034038,c_e548
E549,LESINA,FOGGIA,PUGLIA,071027,c_e549
E550,LESMO,MONZA E DELLA BRIANZA,LOMBARDIA,108026,c_e550
E551,LESSOLO,TORINO,PIEMONTE,001132,c_e551
E553,LESTIZZA,UDINE,FRIULI VENEZIA GIULIA,030048,c_e553
E554,LETINO,CASERTA,CAMPANIA,061044,c_e554
E555,LETOJANNI,MESSINA,SICILIA,083038,c_e555
E557,LETTERE,NAPOLI,CAMPANIA,063039,c_e557
E558,LETTOMANOPPELLO,PESCARA,ABRUZZO,068020,c_e558
E559,LETTOPALENA,CHIETI,ABRUZZO,069048,c_e559
E560,LEVANTO,LA SPEZIA,LIGURIA,011017,c_e560
E562,LEVATE,BERGAMO,LOMBARDIA,016126,c_e562
E563,LEVERANO,LECCE,PUGLIA,075037,c_e563
E564,LEVICE,CUNEO,PIEMONTE,004109,c_e564
E565,LEVICO TERME,TRENTO,TRENTINO ALTO ADIGE,022104,c_e565
E566,LEVONE,TORINO,PIEMONTE,001133,c_e566
E569,LEZZENO,COMO,LOMBARDIA,013126,c_e569
E570,LIBERI,CASERTA,CAMPANIA,061045,c_e570
E571,LIBRIZZI,MESSINA,SICILIA,083039,c_e571
E573,LICATA,AGRIGENTO,SICILIA,084021,c_e573
E574,LICCIANA NARDI,MASSA-CARRARA,TOSCANA,045009,c_e574
E576,LICENZA,ROMA,LAZIO,058051,c_e576
E578,LICODIA EUBEA,CATANIA,SICILIA,087020,c_e578
E581,LIERNA,LECCO,LOMBARDIA,097043,c_e581
E583,LIGNANA,VERCELLI,PIEMONTE,002070,c_e583
E584,LIGNANO SABBIADORO,UDINE,FRIULI VENEZIA GIULIA,030049,c_e584
E587,LILLIANES,AOSTA,VALLE D'AOSTA,007042,c_e587
E588,LIMANA,BELLUNO,VENETO,025029,c_e588
E589,LIMATOLA,BENEVENTO,CAMPANIA,062038,C_E589
E590,LIMBADI,VIBO VALENTIA,CALABRIA,102019,c_e590
E591,LIMBIATE,MONZA E DELLA BRIANZA,LOMBARDIA,108027,c_e591
E592,LIMENA,PADOVA,VENETO,028045,c_e592
E593,LIMIDO COMASCO,COMO,LOMBARDIA,013128,c_e593
E594,LIMINA,MESSINA,SICILIA,083040,c_e594x
E596,LIMONE SUL GARDA,BRESCIA,LOMBARDIA,017089,c_e596
E597,LIMONE PIEMONTE,CUNEO,PIEMONTE,004110,C_E597
E599,LIMOSANO,CAMPOBASSO,MOLISE,070032,c_e599
E600,LINAROLO,PAVIA,LOMBARDIA,018081,c_e600
E602,LINGUAGLOSSA,CATANIA,SICILIA,087021,c_e602
E605,LIONI,AVELLINO,CAMPANIA,064044,c_e605
E606,LIPARI,MESSINA,SICILIA,083041,c_e606
E607,LIPOMO,COMO,LOMBARDIA,013129,c_e607
E610,LISCATE,MILANO,LOMBARDIA,015122,c_e610
E611,LISCIA,CHIETI,ABRUZZO,069049,c_e611
E613,LISCIANO NICCONE,PERUGIA,UMBRIA,054025,c_e613
E615,LISIO,CUNEO,PIEMONTE,004111,c_e615
E617,LISSONE,MONZA E DELLA BRIANZA,LOMBARDIA,108028,c_e617
E618,MILENA,CALTANISSETTA,SICILIA,085010,c_e618
E620,LIVERI,NAPOLI,CAMPANIA,063040,c_e620
E621,LIVIGNO,SONDRIO,LOMBARDIA,014037,c_e621
E622,LIVINALLONGO DEL COL DI LANA,BELLUNO,VENETO,025030,c_e622
E623,LIVO,COMO,LOMBARDIA,013130,c_e623
E624,LIVO,TRENTO,TRENTINO ALTO ADIGE,022106,c_e624
E625,LIVORNO,LIVORNO,TOSCANA,049009,c_e625
E626,LIVORNO FERRARIS,VERCELLI,PIEMONTE,002071,c_e626
E627,LIVRAGA,LODI,LOMBARDIA,098030,c_e627
E629,LIZZANELLO,LECCE,PUGLIA,075038,c_e629
E630,LIZZANO,TARANTO,PUGLIA,073011,c_e630
E632,LOANO,SAVONA,LIGURIA,009034,c_e632
E633,LOAZZOLO,ASTI,PIEMONTE,005060,c_e633
E635,LOCANA,TORINO,PIEMONTE,001134,c_e635
E638,LOCATE VARESINO,COMO,LOMBARDIA,013131,c_e638
E639,LOCATE DI TRIULZI,MILANO,LOMBARDIA,015125,c_e639
E640,LOCATELLO,BERGAMO,LOMBARDIA,016127,c_e640
E644,LOCERI,NUORO,SARDEGNA,091039,c_e644
E645,LOCOROTONDO,BARI,PUGLIA,072025,c_e645
E646,LOCULI,NUORO,SARDEGNA,091040,c_e646
E647,LODE',NUORO,SARDEGNA,091041,c_e647
E648,LODI,LODI,LOMBARDIA,098031,c_e648
E649,LODINE,NUORO,SARDEGNA,091104,c_e649
E651,LODI VECCHIO,LODI,LOMBARDIA,098032,c_e651
E652,LODRINO,BRESCIA,LOMBARDIA,017090,c_e652
E654,LOGRATO,BRESCIA,LOMBARDIA,017091,c_e654
E655,LOIANO,BOLOGNA,EMILIA ROMAGNA,037034,c_e655
E656,LOMAGNA,LECCO,LOMBARDIA,097044,c_e656
E659,LOMAZZO,COMO,LOMBARDIA,013133,c_e659
E660,LOMBARDORE,TORINO,PIEMONTE,001135,c_e660
E661,LOMBRIASCO,TORINO,PIEMONTE,001136,c_e661
E662,LOMELLO,PAVIA,LOMBARDIA,018083,c_e662
E664,LONA LASES,TRENTO,TRENTINO ALTO ADIGE,022108,c_e664
E665,LONATE CEPPINO,VARESE,LOMBARDIA,012089,c_e665
E666,LONATE POZZOLO,VARESE,LOMBARDIA,012090,c_e666
E668,LONDA,FIRENZE,TOSCANA,048025,c_e668
E669,LONGANO,ISERNIA,MOLISE,094024,c_e669
E671,LONGARE,VICENZA,VENETO,024051,c_e671
E673,LONGHENA,BRESCIA,LOMBARDIA,017093,c_e673
E674,LONGI,MESSINA,SICILIA,083042,c_e674
E675,LONGIANO,FORLI,EMILIA ROMAGNA,040018,C_E675
E677,LONGOBARDI,COSENZA,CALABRIA,078067,c_e677
E678,LONGOBUCCO,COSENZA,CALABRIA,078068,c_e678
E679,LONGONE AL SEGRINO,COMO,LOMBARDIA,013134,c_e679
E680,PORTO AZZURRO,LIVORNO,TOSCANA,049013,c_e680
E681,LONGONE SABINO,RIETI,LAZIO,057034,c_e681
E682,LONIGO,VICENZA,VENETO,024052,c_e682
E683,LORANZE',TORINO,PIEMONTE,001137,c_e683
E684,LOREGGIA,PADOVA,VENETO,028046,c_e684
E685,LOREGLIA,VERBANO-CUSIO-OSSOLA,PIEMONTE,103038,c_e685
E687,LORENZAGO DI CADORE,BELLUNO,VENETO,025032,c_e687
E689,LOREO,ROVIGO,VENETO,029030,c_e689
E690,LORETO,ANCONA,MARCHE,042022,c_e690
E691,LORETO APRUTINO,PESCARA,ABRUZZO,068021,c_e691
E692,LORIA,TREVISO,VENETO,026036,c_e692
E693,LORO CIUFFENNA,AREZZO,TOSCANA,051020,c_e693
E694,LORO PICENO,MACERATA,MARCHE,043022,c_e694
E695,LORSICA,GENOVA,LIGURIA,010030,c_e695
E698,LOSINE,BRESCIA,LOMBARDIA,017094,c_e698
E700,LOTZORAI,NUORO,SARDEGNA,091042,c_e700
E704,LOVERE,BERGAMO,LOMBARDIA,016128,c_e704
E705,LOVERO,SONDRIO,LOMBARDIA,014038,c_e705
E706,LOZIO,BRESCIA,LOMBARDIA,017095,c_e706
E707,LOZZA,VARESE,LOMBARDIA,012091,c_707
E708,LOZZO DI CADORE,BELLUNO,VENETO,025033,c_e708
E709,LOZZO ATESTINO,PADOVA,VENETO,028047,c_e709
E711,LOZZOLO,VERCELLI,PIEMONTE,002072,c_e711
E713,LUBRIANO,VITERBO,LAZIO,056033,c_e713
E714,LUCCA SICULA,AGRIGENTO,SICILIA,084022,c_e714
E715,LUCCA,LUCCA,TOSCANA,046017,c_e715
E716,LUCERA,FOGGIA,PUGLIA,071028,c_e716
E718,LUCIGNANO,AREZZO,TOSCANA,051021,c_e718
E719,LUCINASCO,IMPERIA,LIGURIA,008033,c_l693
E722,LUCITO,CAMPOBASSO,MOLISE,070033,c_e722
E723,LUCO DEI MARSI,AQUILA,ABRUZZO,066051,c_e723
E724,LUCOLI,AQUILA,ABRUZZO,066052,c_e724
E726,LUGAGNANO VAL D'ARDA,PIACENZA,EMILIA ROMAGNA,033026,c_e726
E729,LUGNANO IN TEVERINA,TERNI,UMBRIA,055016,c_e729
E730,LUGO,RAVENNA,EMILIA ROMAGNA,039012,c_e730
E731,LUGO DI VICENZA,VICENZA,VENETO,024053,c_e731
E734,LUINO,VARESE,LOMBARDIA,012092,c_e734
E735,LUISAGO,COMO,LOMBARDIA,013135,c_e735
E736,LULA,NUORO,SARDEGNA,091043,c_e736
E737,LUMARZO,GENOVA,LIGURIA,010031,c_e737
E738,LUMEZZANE,BRESCIA,LOMBARDIA,017096,c_e738
E742,LUNAMATRONA,SUD SARDEGNA,SARDEGNA,111038,c_e742
E743,LUNANO,PESARO E URBINO,MARCHE,041022,c_e743
E745,LUNGRO,COSENZA,CALABRIA,078069,c_e745
E746,LUOGOSANO,AVELLINO,CAMPANIA,064045,c_e746
E747,LUOGOSANTO,SASSARI,SARDEGNA,090036,c_e747
E748,LUPARA,CAMPOBASSO,MOLISE,070034,c_e748
E749,LURAGO D'ERBA,COMO,LOMBARDIA,013136,c_e749
E750,LURAGO MARINONE,COMO,LOMBARDIA,013137,c_e750
E751,LURANO,BERGAMO,LOMBARDIA,016129,c_e751
E752,LURAS,SASSARI,SARDEGNA,090037,c_e752
E753,LURATE CACCIVIO,COMO,LOMBARDIA,013138,c_e753
E754,LUSCIANO,CASERTA,CAMPANIA,061046,c_e754
E757,LUSERNA,TRENTO,TRENTINO ALTO ADIGE,022109,c_e757
E758,LUSERNA SAN GIOVANNI,TORINO,PIEMONTE,001139,c_e758
E759,LUSERNETTA,TORINO,PIEMONTE,001140,c_ku0k
E760,LUSEVERA,UDINE,FRIULI VENEZIA GIULIA,030051,c_e760
E761,LUSIA,ROVIGO,VENETO,029031,c_e761
E763,LUSIGLIE',TORINO,PIEMONTE,001141,c_e763
E764,LUSON,BOLZANO,TRENTINO ALTO ADIGE,021044,c_e764
E767,LUSTRA,SALERNO,CAMPANIA,065064,c_e767
E769,LUVINATE,VARESE,LOMBARDIA,012093,c_q769
E770,LUZZANA,BERGAMO,LOMBARDIA,016130,c_e770
E772,LUZZARA,REGGIO EMILIA,EMILIA ROMAGNA,035026,c_e772
E773,LUZZI,COSENZA,CALABRIA,078070,c_e773
E777,MACCASTORNA,LODI,LOMBARDIA,098033,c_e777
E778,MACCHIA D'ISERNIA,ISERNIA,MOLISE,094025,c_e778
E779,MACCHIAGODENA,ISERNIA,MOLISE,094026,c_e779
E780,MACCHIA VALFORTORE,CAMPOBASSO,MOLISE,070035,c_e780
E782,MACELLO,TORINO,PIEMONTE,001142,c_e782
E783,MACERATA,MACERATA,MARCHE,043023,c_e783
E784,MACERATA CAMPANIA,CASERTA,CAMPANIA,061047,c_e784
E785,MACERATA FELTRIA,PESARO E URBINO,MARCHE,041023,c_e785
E786,MACHERIO,MONZA E DELLA BRIANZA,LOMBARDIA,108029,c_e786
E787,MACLODIO,BRESCIA,LOMBARDIA,017097,c_e787
E788,MACOMER,NUORO,SARDEGNA,091044,c_e788
E789,MACRA,CUNEO,PIEMONTE,004112,c_e789
E790,MACUGNAGA,VERBANO-CUSIO-OSSOLA,PIEMONTE,103039,c_e790
E791,MADDALONI,CASERTA,CAMPANIA,061048,c_e791
E793,MADIGNANO,CREMONA,LOMBARDIA,019055,c_e793
E794,MADONE,BERGAMO,LOMBARDIA,016131,C_E794
E795,MADONNA DEL SASSO,VERBANO-CUSIO-OSSOLA,PIEMONTE,103040,C_E795
E798,MAENZA,LATINA,LAZIO,059013,c_e798
E799,MAFALDA,CAMPOBASSO,MOLISE,070036,c_e799
E800,MAGASA,BRESCIA,LOMBARDIA,017098,c_e800
E801,MAGENTA,MILANO,LOMBARDIA,015130,c_e801
E803,MAGGIORA,NOVARA,PIEMONTE,003088,c_e803
E804,MAGHERNO,PAVIA,LOMBARDIA,018085,c_e804
E805,MAGIONE,PERUGIA,UMBRIA,054026,c_e805
E806,MAGISANO,CATANZARO,CALABRIA,079068,c_m1409
E807,MAGLIANO DI TENNA,FERMO,MARCHE,109010,c_e807
E808,MAGLIANO ALPI,CUNEO,PIEMONTE,004114,C_E808
E809,MAGLIANO ALFIERI,CUNEO,PIEMONTE,004113,c_e809
E810,MAGLIANO IN TOSCANA,GROSSETO,TOSCANA,053013,c_e810
E811,MAGLIANO DE' MARSI,AQUILA,ABRUZZO,066053,c_e811
E812,MAGLIANO SABINA,RIETI,LAZIO,057035,c_e812
E813,MAGLIANO ROMANO,ROMA,LAZIO,058052,c_e813
E814,MAGLIANO VETERE,SALERNO,CAMPANIA,065065,c_e814
E815,MAGLIE,LECCE,PUGLIA,075039,c_e815
E816,MAGLIOLO,SAVONA,LIGURIA,009035,c_e816
E817,MAGLIONE,TORINO,PIEMONTE,001143,c_e817
E818,MAGNACAVALLO,MANTOVA,LOMBARDIA,020029,c_e818
E819,MAGNAGO,MILANO,LOMBARDIA,015131,c_e819
E820,MAGNANO IN RIVIERA,UDINE,FRIULI VENEZIA GIULIA,030052,c_e820
E821,MAGNANO,BIELLA,PIEMONTE,096030,c_e821
E825,MAGOMADAS,ORISTANO,SARDEGNA,095083,c_e825
E829,MAGRE' SULLA STRADA DEL VINO,BOLZANO,TRENTINO ALTO ADIGE,021045,c_e829
E830,MAGREGLIO,COMO,LOMBARDIA,013139,comag
E833,MAJANO,UDINE,FRIULI VENEZIA GIULIA,030053,c_e833
E834,MAIDA,CATANZARO,CALABRIA,079069,c_e834
E835,MAIERA',COSENZA,CALABRIA,078071,c_e835
E836,MAIERATO,VIBO VALENTIA,CALABRIA,102020,c_e836
E837,MAIOLATI SPONTINI,ANCONA,MARCHE,042023,c_e837
E838,MAIOLO,RIMINI,EMILIA ROMAGNA,099022,c_e838
E839,MAIORI,SALERNO,CAMPANIA,065066,c_e839
E840,MAIRAGO,LODI,LOMBARDIA,098034,c_e840
E841,MAIRANO,BRESCIA,LOMBARDIA,017099,c_e841
E842,MAISSANA,LA SPEZIA,LIGURIA,011018,c_e842
E843,MALAGNINO,CREMONA,LOMBARDIA,019056,c_e843
E844,MALALBERGO,BOLOGNA,EMILIA ROMAGNA,037035,c_e844
E847,MALBORGHETTO-VALBRUNA,UDINE,FRIULI VENEZIA GIULIA,030054,c_e847
E848,MALCESINE,VERONA,VENETO,023045,c_e848
E850,MALE',TRENTO,TRENTINO ALTO ADIGE,022110,c_e850
E851,MALEGNO,BRESCIA,LOMBARDIA,017100,c_e851
E852,MALEO,LODI,LOMBARDIA,098035,c_e852
E853,MALESCO,VERBANO-CUSIO-OSSOLA,PIEMONTE,103041,c_e853
E854,MALETTO,CATANIA,SICILIA,087022,c_e854
E855,MALFA,MESSINA,SICILIA,083043,c_e855
E858,MALGRATE,LECCO,LOMBARDIA,097045,c_e858
E859,MALITO,COSENZA,CALABRIA,078072,c_e859
E860,MALLARE,SAVONA,LIGURIA,009036,c_e860
E862,MALLES VENOSTA,BOLZANO,TRENTINO ALTO ADIGE,021046,c_e862
E863,MALNATE,VARESE,LOMBARDIA,012096,c_e863
E864,MALO,VICENZA,VENETO,024055,c_e864
E865,MALONNO,BRESCIA,LOMBARDIA,017101,c_e865
E868,MALTIGNANO,ASCOLI PICENO,MARCHE,044027,c_e868
E869,MALVAGNA,MESSINA,SICILIA,083044,c_e869
E870,MALVICINO,ALESSANDRIA,PIEMONTE,006090,c_e870
E872,MALVITO,COSENZA,CALABRIA,078073,c_e872
E873,MAMMOLA,REGGIO CALABRIA,CALABRIA,080044,c_e873
E874,MAMOIADA,NUORO,SARDEGNA,091046,c_e874
E875,MANCIANO,GROSSETO,TOSCANA,053014,c_e875
E876,MANDANICI,MESSINA,SICILIA,083045,c_e876
E877,MANDAS,SUD SARDEGNA,SARDEGNA,111039,c_e877
E878,MANDATORICCIO,COSENZA,CALABRIA,078074,c_e878
E879,MANDELLO DEL LARIO,LECCO,LOMBARDIA,097046,c_e879
E880,MANDELLO VITTA,NOVARA,PIEMONTE,003090,c_e880
E882,MANDURIA,TARANTO,PUGLIA,073012,c_e882
E883,MANERBA DEL GARDA,BRESCIA,LOMBARDIA,017102,c_e883
E884,MANERBIO,BRESCIA,LOMBARDIA,017103,c_e884
E885,MANFREDONIA,FOGGIA,PUGLIA,071029,c_e885
E887,MANGO,CUNEO,PIEMONTE,004115,c_e887
E888,MANGONE,COSENZA,CALABRIA,078075,c_e888
E889,MANIAGO,PORDENONE,FRIULI VENEZIA GIULIA,093025,c_e889
E891,MANOCALZATI,AVELLINO,CAMPANIA,064046,c_e891
E892,MANOPPELLO,PESCARA,ABRUZZO,068022,c_e892
E893,MANSUE',TREVISO,VENETO,026037,c_e893
E894,MANTA,CUNEO,PIEMONTE,004116,c_e894
E896,MANTELLO,SONDRIO,LOMBARDIA,014039,C_E896
E897,MANTOVA,MANTOVA,LOMBARDIA,020030,c_e897
E899,MANZANO,UDINE,FRIULI VENEZIA GIULIA,030055,c_e899
E900,MANZIANA,ROMA,LAZIO,058054,c_e900
E901,MAPELLO,BERGAMO,LOMBARDIA,016132,c_e901
E902,MARA,SASSARI,SARDEGNA,090038,c_e902
E903,MARACALAGONIS,CITTA' METROPOLITANA DI CAGLIARI,SARDEGNA,092037,c_e903
E904,MARANELLO,MODENA,EMILIA ROMAGNA,036019,c_e904
E905,MARANO SUL PANARO,MODENA,EMILIA ROMAGNA,036020,c_e905
E906,MARANO DI NAPOLI,NAPOLI,CAMPANIA,063041,c_e906
E907,MARANO TICINO,NOVARA,PIEMONTE,003091,c_e907
E908,MARANO EQUO,ROMA,LAZIO,058055,c_e908
E910,MARANO LAGUNARE,UDINE,FRIULI VENEZIA GIULIA,030056,c_e910
E911,MARANO DI VALPOLICELLA,VERONA,VENETO,023046,c_e911
E912,MARANO VICENTINO,VICENZA,VENETO,024056,c_e912
E914,MARANO MARCHESATO,COSENZA,CALABRIA,078076,c_e914
E915,MARANO PRINCIPATO,COSENZA,CALABRIA,078077,c_e915
E917,MARANZANA,ASTI,PIEMONTE,005061,c_e917
E919,MARATEA,POTENZA,BASILICATA,076044,c_e919
E921,MARCALLO CON CASONE,MILANO,LOMBARDIA,015134,c_e921
E922,MARCARIA,MANTOVA,LOMBARDIA,020031,c_e922
E923,MARCEDUSA,CATANZARO,CALABRIA,079071,c_e923
E924,MARCELLINA,ROMA,LAZIO,058056,c_e924
E925,MARCELLINARA,CATANZARO,CALABRIA,079072,c_e925
E927,MARCETELLI,RIETI,LAZIO,057036,c_e927
E928,MARCHENO,BRESCIA,LOMBARDIA,017104,c_e928
E929,MARCHIROLO,VARESE,LOMBARDIA,012097,c_e929
E930,MARCIANA,LIVORNO,TOSCANA,049010,c_e930
E931,MARCIANA MARINA,LIVORNO,TOSCANA,049011,c_e931
E932,MARCIANISE,CASERTA,CAMPANIA,061049,c_e932
E933,MARCIANO DELLA CHIANA,AREZZO,TOSCANA,051022,c_e933
E934,MARCIGNAGO,PAVIA,LOMBARDIA,018086,c_e934
E936,MARCON,VENEZIA,VENETO,027020,c_e936
E938,MAREBBE,BOLZANO,TRENTINO ALTO ADIGE,021047,c_e938
E939,MARENE,CUNEO,PIEMONTE,004117,c_e939
E940,MARENO DI PIAVE,TREVISO,VENETO,026038,c_e940
E941,MARENTINO,TORINO,PIEMONTE,001144,c_e941
E944,MARETTO,ASTI,PIEMONTE,005062,c_e944
E945,MARGARITA,CUNEO,PIEMONTE,004118,c_e945
E946,MARGHERITA DI SAVOIA,BARLETTA-ANDRIA-TRANI,PUGLIA,110005,c_e946
E947,MARGNO,LECCO,LOMBARDIA,097047,c_e947
E949,MARIANA MANTOVANA,MANTOVA,LOMBARDIA,020032,c_e949
E951,MARIANO COMENSE,COMO,LOMBARDIA,013143,c_e951
E952,MARIANO DEL FRIULI,GORIZIA,FRIULI VENEZIA GIULIA,031010,c_e952
E953,MARIANOPOLI,CALTANISSETTA,SICILIA,085008,c_e953
E954,MARIGLIANELLA,NAPOLI,CAMPANIA,063042,c_e954
E955,MARIGLIANO,NAPOLI,CAMPANIA,063043,c_e955
E956,MARINA DI GIOIOSA IONICA,REGGIO CALABRIA,CALABRIA,080045,c_e956
E957,MARINEO,PALERMO,SICILIA,082046,c_e957
E958,MARINO,ROMA,LAZIO,058057,C_E958
E959,MARLENGO,BOLZANO,TRENTINO ALTO ADIGE,021048,c_e959
E960,MARLIANA,PISTOIA,TOSCANA,047007,c_e960
E961,MARMENTINO,BRESCIA,LOMBARDIA,017105,c_e961
E962,MARMIROLO,MANTOVA,LOMBARDIA,020033,c_e962
E963,MARMORA,CUNEO,PIEMONTE,004119,c_m136
E965,MARNATE,VARESE,LOMBARDIA,012098,c_e965
E967,MARONE,BRESCIA,LOMBARDIA,017106,C_E967
E968,MAROPATI,REGGIO CALABRIA,CALABRIA,080046,c_11j8
E970,MAROSTICA,VICENZA,VENETO,024057,c_e970
E971,MARRADI,FIRENZE,TOSCANA,048026,c_e971
E972,MARRUBIU,ORISTANO,SARDEGNA,095025,c_e972
E973,MARSAGLIA,CUNEO,PIEMONTE,004120,c_e973
E974,MARSALA,TRAPANI,SICILIA,081011,c_e974
E975,MARSCIANO,PERUGIA,UMBRIA,054027,c_e975
E976,MARSICO NUOVO,POTENZA,BASILICATA,076045,c_e976
E977,MARSICOVETERE,POTENZA,BASILICATA,076046,c_e977
E978,MARTA,VITERBO,LAZIO,056034,c_e978
E979,MARTANO,LECCE,PUGLIA,075040,c_e979
E980,MARTELLAGO,VENEZIA,VENETO,027021,c_e980
E981,MARTELLO,BOLZANO,TRENTINO ALTO ADIGE,021049,c_v5k5
E982,MARTIGNACCO,UDINE,FRIULI VENEZIA GIULIA,030057,c_e982
E983,MARTIGNANA DI PO,CREMONA,LOMBARDIA,019057,c_e983
E984,MARTIGNANO,LECCE,PUGLIA,075041,c_e984
E986,MARTINA FRANCA,TARANTO,PUGLIA,073013,c_e986
E987,MARTINENGO,BERGAMO,LOMBARDIA,016133,c_e987
E988,MARTINIANA PO,CUNEO,PIEMONTE,004121,c_e988
E989,MARTINSICURO,TERAMO,ABRUZZO,067047,c_e989
E990,MARTIRANO,CATANZARO,CALABRIA,079073,c_e990
E991,MARTIRANO LOMBARDO,CATANZARO,CALABRIA,079074,c_e991
E992,MARTIS,SASSARI,SARDEGNA,090039,c_e992
E993,MARTONE,REGGIO CALABRIA,CALABRIA,080047,c_e993
E994,MARUDO,LODI,LOMBARDIA,098036,c_e994
E995,MARUGGIO,TARANTO,PUGLIA,073014,c_e995
E997,MARZANO DI NOLA,AVELLINO,CAMPANIA,064047,c_e997
E998,MARZANO APPIO,CASERTA,CAMPANIA,061050,c_e998
E999,MARZANO,PAVIA,LOMBARDIA,018087,c_e999
F001,MARZI,COSENZA,CALABRIA,078078,c_f001
F002,MARZIO,VARESE,LOMBARDIA,012099,c_f002
F003,MASATE,MILANO,LOMBARDIA,015136,c_f003
F004,MASCALI,CATANIA,SICILIA,087023,c_f004
F005,MASCALUCIA,CATANIA,SICILIA,087024,c_f005
F006,MASCHITO,POTENZA,BASILICATA,076047,c_f006
F007,MASCIAGO PRIMO,VARESE,LOMBARDIA,012100,c_f007
F009,MASER,TREVISO,VENETO,026039,c_f009
F010,MASERA,VERBANO-CUSIO-OSSOLA,PIEMONTE,103042,c_f010
F011,MASERA' DI PADOVA,PADOVA,VENETO,028048,c_f011
F012,MASERADA SUL PIAVE,TREVISO,VENETO,026040,c_f012
F013,MASI,PADOVA,VENETO,028049,c_f013
F015,MASIO,ALESSANDRIA,PIEMONTE,006091,c_f015
F016,MASI TORELLO,FERRARA,EMILIA ROMAGNA,038012,c_f016
F017,MASLIANICO,COMO,LOMBARDIA,013144,c_f017
F020,MASONE,GENOVA,LIGURIA,010032,c_f020
F021,MASSA FERMANA,FERMO,MARCHE,109011,c_f021
F022,MASSA D'ALBE,AQUILA,ABRUZZO,066054,c_f022
F023,MASSA,MASSA-CARRARA,TOSCANA,045010,c_f023
F024,MASSA MARTANA,PERUGIA,UMBRIA,054028,c_f024
F025,MASSA E COZZILE,PISTOIA,TOSCANA,047008,c_f025
F027,MASSAFRA,TARANTO,PUGLIA,073015,c_f027
F028,MASSALENGO,LODI,LOMBARDIA,098037,c_f028
F029,MASSA LOMBARDA,RAVENNA,EMILIA ROMAGNA,039013,c_f029
F030,MASSA LUBRENSE,NAPOLI,CAMPANIA,063044,c_f030
F032,MASSA MARITTIMA,GROSSETO,TOSCANA,053015,c_f032
F033,MASSANZAGO,PADOVA,VENETO,028050,c_f033
F035,MASSAROSA,LUCCA,TOSCANA,046018,c_f035
F037,MASSAZZA,BIELLA,PIEMONTE,096031,c_f037
F041,MASSELLO,TORINO,PIEMONTE,001145,c_f041
F042,MASSERANO,BIELLA,PIEMONTE,096032,c_f042
F043,SAN MARCO EVANGELISTA,CASERTA,CAMPANIA,061104,c_f043
F044,MASSIGNANO,ASCOLI PICENO,MARCHE,044029,c_f044
F045,MASSIMENO,TRENTO,TRENTINO ALTO ADIGE,022112,c_f045
F046,MASSIMINO,SAVONA,LIGURIA,009037,c_f046
F047,MASSINO VISCONTI,NOVARA,PIEMONTE,003093,c_f047
F048,MASSIOLA,VERBANO-CUSIO-OSSOLA,PIEMONTE,103043,c_f048
F050,MASULLAS,ORISTANO,SARDEGNA,095026,c_f050
F051,MATELICA,MACERATA,MARCHE,043024,c_f051
F052,MATERA,MATERA,BASILICATA,077014,c_f052
F053,MATHI,TORINO,PIEMONTE,001146,c_f053
F054,MATINO,LECCE,PUGLIA,075042,c_f054
F055,MATRICE,CAMPOBASSO,MOLISE,070037,c_f055
F058,MATTIE,TORINO,PIEMONTE,001147,c_f058
F059,MATTINATA,FOGGIA,PUGLIA,071031,c_f059
F061,MAZARA DEL VALLO,TRAPANI,SICILIA,081012,c_f061
F063,MAZZANO,BRESCIA,LOMBARDIA,017107,c_f063
F064,MAZZANO ROMANO,ROMA,LAZIO,058058,c_f064
F065,MAZZARINO,CALTANISSETTA,SICILIA,085009,c_f065
F066,MAZZARRA' SANT'ANDREA,MESSINA,SICILIA,083046,c_f066
F067,MAZZE',TORINO,PIEMONTE,001148,c_f067
F068,MAZZIN,TRENTO,TRENTINO ALTO ADIGE,022113,c_f068
F070,MAZZO DI VALTELLINA,SONDRIO,LOMBARDIA,014040,c_f070
F073,MEANA SARDO,NUORO,SARDEGNA,091047,c_l992
F074,MEANA DI SUSA,TORINO,PIEMONTE,001149,c_f074
F078,MEDA,MONZA E DELLA BRIANZA,LOMBARDIA,108030,c_f078
F080,MEDE,PAVIA,LOMBARDIA,018088,c_f080
F081,MEDEA,GORIZIA,FRIULI VENEZIA GIULIA,031011,c_f081
F082,MEDESANO,PARMA,EMILIA ROMAGNA,034020,c_f082
F083,MEDICINA,BOLOGNA,EMILIA ROMAGNA,037037,c_f083
F084,MEDIGLIA,MILANO,LOMBARDIA,015139,c_f084
F085,MEDOLAGO,BERGAMO,LOMBARDIA,016250,c_f085
F086,MEDOLE,MANTOVA,LOMBARDIA,020034,c_f086
F087,MEDOLLA,MODENA,EMILIA ROMAGNA,036021,c_f087
F088,MEDUNA DI LIVENZA,TREVISO,VENETO,026041,c_f088
F089,MEDUNO,PORDENONE,FRIULI VENEZIA GIULIA,093026,c_f089
F092,MEGLIADINO SAN VITALE,PADOVA,VENETO,028052,c_f092
F093,MEINA,NOVARA,PIEMONTE,003095,c_f093
F095,MELARA,ROVIGO,VENETO,029032,c_f095
F096,MELAZZO,ALESSANDRIA,PIEMONTE,006092,c_f096
F097,MELDOLA,FORLI,EMILIA ROMAGNA,040019,c_f097
F098,MELE,GENOVA,LIGURIA,010033,c_f098
F100,MELEGNANO,MILANO,LOMBARDIA,015140,c_f100
F101,MELENDUGNO,LECCE,PUGLIA,075043,c_f101
F102,MELETI,LODI,LOMBARDIA,098038,c_f102
F104,MELFI,POTENZA,BASILICATA,076048,c_f104
F105,MELICUCCA',REGGIO CALABRIA,CALABRIA,080048,c_f105
F106,MELICUCCO,REGGIO CALABRIA,CALABRIA,080049,c_f106
F107,MELILLI,SIRACUSA,SICILIA,089012,c_f107
F108,MELISSA,CROTONE,CALABRIA,101014,c_f108
F109,MELISSANO,LECCE,PUGLIA,075044,c_f109
F110,MELITO IRPINO,AVELLINO,CAMPANIA,064048,C_F110
F111,MELITO DI NAPOLI,NAPOLI,CAMPANIA,063045,c_f111
F112,MELITO DI PORTO SALVO,REGGIO CALABRIA,CALABRIA,080050,c_f112
F113,MELIZZANO,BENEVENTO,CAMPANIA,062039,c_f113
F114,MELLE,CUNEO,PIEMONTE,004122,c_f114
F115,MELLO,SONDRIO,LOMBARDIA,014041,c_f115
F116,SILEA,TREVISO,VENETO,026081,c_f116
F117,MELPIGNANO,LECCE,PUGLIA,075045,c_f117
F118,MELTINA,BOLZANO,TRENTINO ALTO ADIGE,021050,c_f118
F119,MELZO,MILANO,LOMBARDIA,015142,c_f119
F120,MENAGGIO,COMO,LOMBARDIA,013145,c_f120
F122,MENCONICO,PAVIA,LOMBARDIA,018089,c_f122
F123,MENDATICA,IMPERIA,LIGURIA,008034,c_f123
F125,MENDICINO,COSENZA,CALABRIA,078079,c_f125
F126,MENFI,AGRIGENTO,SICILIA,084023,c_f126
F127,MENTANA,ROMA,LAZIO,058059,c_f127
F130,MEOLO,VENEZIA,VENETO,027022,c_f130
F131,MERANA,ALESSANDRIA,PIEMONTE,006093,c_f131
F132,MERANO,BOLZANO,TRENTINO ALTO ADIGE,021051,c_f132
F133,MERATE,LECCO,LOMBARDIA,097048,c_f133
F134,MERCALLO,VARESE,LOMBARDIA,012101,c_f134
F135,MERCATELLO SUL METAURO,PESARO E URBINO,MARCHE,041025,c_f135
F136,MERCATINO CONCA,PESARO E URBINO,MARCHE,041026,c_f136
F137,NOVAFELTRIA,RIMINI,EMILIA ROMAGNA,099023,c_f137
F138,MERCATO SAN SEVERINO,SALERNO,CAMPANIA,065067,c_f138
F139,MERCATO SARACENO,FORLI,EMILIA ROMAGNA,040020,c_f139
F140,MERCENASCO,TORINO,PIEMONTE,001150,c_f140
F141,MERCOGLIANO,AVELLINO,CAMPANIA,064049,c_f141
F144,MERETO DI TOMBA,UDINE,FRIULI VENEZIA GIULIA,030058,c_f144
F145,MERGO,ANCONA,MARCHE,042024,c_f145
F146,MERGOZZO,VERBANO-CUSIO-OSSOLA,PIEMONTE,103044,c_f146
F147,MERI',MESSINA,SICILIA,083047,c_f147
F148,MERLARA,PADOVA,VENETO,028053,c_f148
F149,MERLINO,LODI,LOMBARDIA,098039,c_f149
F151,MERONE,COMO,LOMBARDIA,013147,c_f151
F152,MESAGNE,BRINDISI,PUGLIA,074010,c_f152
F153,MESE,SONDRIO,LOMBARDIA,014043,c_f153
F154,MESENZANA,VARESE,LOMBARDIA,012102,c_f154
F155,MESERO,MILANO,LOMBARDIA,015144,c_f155
F156,MESOLA,FERRARA,EMILIA ROMAGNA,038014,c_f156
F157,MESORACA,CROTONE,CALABRIA,101015,c_f157
F158,MESSINA,MESSINA,SICILIA,083048,c_f158
F161,MESTRINO,PADOVA,VENETO,028054,c_f161
F162,META,NAPOLI,CAMPANIA,063046,c_f162
F165,MEZZAGO,MONZA E DELLA BRIANZA,LOMBARDIA,108031,c_f165
F167,MEZZANA MORTIGLIENGO,BIELLA,PIEMONTE,096033,c_f167
F168,MEZZANA,TRENTO,TRENTINO ALTO ADIGE,022114,c_f168
F170,MEZZANA BIGLI,PAVIA,LOMBARDIA,018090,c_f170
F171,MEZZANA RABATTONE,PAVIA,LOMBARDIA,018091,c_f171
F172,MEZZANE DI SOTTO,VERONA,VENETO,023047,c_f172
F173,MEZZANEGO,GENOVA,LIGURIA,010034,c_f173
F175,MEZZANINO,PAVIA,LOMBARDIA,018092,c_f175
F176,MEZZANO,TRENTO,TRENTINO ALTO ADIGE,022115,c_f180
F182,MEZZENILE,TORINO,PIEMONTE,001152,c_f182
F183,MEZZOCORONA,TRENTO,TRENTINO ALTO ADIGE,022116,c_f183
F184,MEZZOJUSO,PALERMO,SICILIA,082047,c_f184
F186,MEZZOLDO,BERGAMO,LOMBARDIA,016134,c_f186
F187,MEZZOLOMBARDO,TRENTO,TRENTINO ALTO ADIGE,022117,c_f187
F188,MEZZOMERICO,NOVARA,PIEMONTE,003097,c_f188
F189,MIAGLIANO,BIELLA,PIEMONTE,096034,c_f189
F190,MIANE,TREVISO,VENETO,026042,c_f190
F191,MIASINO,NOVARA,PIEMONTE,003098,c_f191
F192,MIAZZINA,VERBANO-CUSIO-OSSOLA,PIEMONTE,103045,c_f192
F193,MICIGLIANO,RIETI,LAZIO,057037,c_f193
F194,MIGGIANO,LECCE,PUGLIA,075046,C_F194
F196,MIGLIANICO,CHIETI,ABRUZZO,069050,c_f196
F200,MIGLIERINA,CATANZARO,CALABRIA,079077,c_f200
F201,MIGLIONICO,MATERA,BASILICATA,077015,c_f201
F202,MIGNANEGO,GENOVA,LIGURIA,010035,c_f202
F203,MIGNANO MONTE LUNGO,CASERTA,CAMPANIA,061051,c_f203
F205,MILANO,MILANO,LOMBARDIA,015146,c_f205
F206,MILAZZO,MESSINA,SICILIA,083049,c_f206
F207,MILETO,VIBO VALENTIA,CALABRIA,102021,c_f207
F208,MILIS,ORISTANO,SARDEGNA,095027,c_f208A
F209,MILITELLO IN VAL DI CATANIA,CATANIA,SICILIA,087025,c_f209
F210,MILITELLO ROSMARINO,MESSINA,SICILIA,083050,c_f210
F213,MILLESIMO,SAVONA,LIGURIA,009038,c_f213
F214,MILO,CATANIA,SICILIA,087026,c_f214
F216,MILZANO,BRESCIA,LOMBARDIA,017108,c_f216
F217,MINEO,CATANIA,SICILIA,087027,c_f217
F218,MINERBE,VERONA,VENETO,023048,c_f218
F219,MINERBIO,BOLOGNA,EMILIA ROMAGNA,037038,c_f219
F220,MINERVINO MURGE,BARLETTA-ANDRIA-TRANI,PUGLIA,110006,c_f220
F221,MINERVINO DI LECCE,LECCE,PUGLIA,075047,c_f221
F223,MINORI,SALERNO,CAMPANIA,065068,c_f223
F224,MINTURNO,LATINA,LAZIO,059014,c_f224
F225,MINUCCIANO,LUCCA,TOSCANA,046019,c_f225
F226,MIOGLIA,SAVONA,LIGURIA,009039,c_f226
F229,MIRA,VENEZIA,VENETO,027023,c_f229
F230,MIRABELLA ECLANO,AVELLINO,CAMPANIA,064050,c_f230
F231,MIRABELLA IMBACCARI,CATANIA,SICILIA,087028,c_f231
F232,MIRABELLO MONFERRATO,ALESSANDRIA,PIEMONTE,006094,c_f232
F233,MIRABELLO SANNITICO,CAMPOBASSO,MOLISE,070038,c_f233
F238,MIRADOLO TERME,PAVIA,LOMBARDIA,018093,c_f238
F239,MIRANDA,ISERNIA,MOLISE,094027,c_f239
F240,MIRANDOLA,MODENA,EMILIA ROMAGNA,036022,c_f240
F241,MIRANO,VENEZIA,VENETO,027024,c_f241
F242,MIRTO,MESSINA,SICILIA,083051,c_f242
F243,MISANO DI GERA D'ADDA,BERGAMO,LOMBARDIA,016135,c_f243
F244,MISANO ADRIATICO,RIMINI,EMILIA ROMAGNA,099005,c_F244
F246,MISILMERI,PALERMO,SICILIA,082048,c_f246
F247,MISINTO,MONZA E DELLA BRIANZA,LOMBARDIA,108032,c_f247
F248,MISSAGLIA,LECCO,LOMBARDIA,097049,c_f248
F249,MISSANELLO,POTENZA,BASILICATA,076049,c_f249
F250,MISTERBIANCO,CATANIA,SICILIA,087029,c_f250
F251,MISTRETTA,MESSINA,SICILIA,083052,c_f251
F254,MOASCA,ASTI,PIEMONTE,005063,C_F254
F256,MOCONESI,GENOVA,LIGURIA,010036,c_f256
F257,MODENA,MODENA,EMILIA ROMAGNA,036023,c_f257
F258,MODICA,RAGUSA,SICILIA,088006,c_f258
F259,MODIGLIANA,FORLI,EMILIA ROMAGNA,040022,c_f259
F260,TAVAZZANO CON VILLAVESCO,LODI,LOMBARDIA,098056,c_f260
F261,MODOLO,ORISTANO,SARDEGNA,095084,c_f261
F262,MODUGNO,BARI,PUGLIA,072027,c_f262
F263,MOENA,TRENTO,TRENTINO ALTO ADIGE,022118,c_f263
F265,MOGGIO,LECCO,LOMBARDIA,097050,c_f265
F266,MOGGIO UDINESE,UDINE,FRIULI VENEZIA GIULIA,030059,c_f266
F267,MOGLIA,MANTOVA,LOMBARDIA,020035,c_f267
F268,MOGLIANO,MACERATA,MARCHE,043025,c_f268
F269,MOGLIANO VENETO,TREVISO,VENETO,026043,c_f269
F270,MOGORELLA,ORISTANO,SARDEGNA,095028,c_f270
F271,RUINAS,ORISTANO,SARDEGNA,095044,c_f271
F272,MOGORO,ORISTANO,SARDEGNA,095029,c_f272
F274,MOIANO,BENEVENTO,CAMPANIA,062040,c_f274
F275,MOIMACCO,UDINE,FRIULI VENEZIA GIULIA,030060,c_f275
F276,MOIO DE' CALVI,BERGAMO,LOMBARDIA,016136,c_f276
F277,MOIO ALCANTARA,MESSINA,SICILIA,083053,c_f277
F278,MOIO DELLA CIVITELLA,SALERNO,CAMPANIA,065069,c_f278
F279,MOIOLA,CUNEO,PIEMONTE,004123,c_e383
F280,MOLA DI BARI,BARI,PUGLIA,072028,c_f280
F281,MOLARE,ALESSANDRIA,PIEMONTE,006095,c_f281
F283,MOLAZZANA,LUCCA,TOSCANA,046020,c_f283
F284,MOLFETTA,BARI,PUGLIA,072029,c_f284
F287,MOLINARA,BENEVENTO,CAMPANIA,062041,c_f287
F288,MOLINELLA,BOLOGNA,EMILIA ROMAGNA,037039,c_f288
F290,MOLINI DI TRIORA,IMPERIA,LIGURIA,008035,c_f290ds
F293,MOLINO DEI TORTI,ALESSANDRIA,PIEMONTE,006096,c_f293
F294,MOLISE,CAMPOBASSO,MOLISE,070039,c_f294
F295,MOLITERNO,POTENZA,BASILICATA,076050,c_f295
F297,MOLLIA,VERCELLI,PIEMONTE,002078,c_f297
F299,PORTO EMPEDOCLE,AGRIGENTO,SICILIA,084028,c_f299
F301,MOLOCHIO,REGGIO CALABRIA,CALABRIA,080051,c_f301
F304,MOLTENO,LECCO,LOMBARDIA,097051,c_f304
F305,MOLTRASIO,COMO,LOMBARDIA,013152,c_f305
F307,MOLVENO,TRENTO,TRENTINO ALTO ADIGE,022120,c_f307
F308,MOMBALDONE,ASTI,PIEMONTE,005064,c_f308
F309,MOMBARCARO,CUNEO,PIEMONTE,004124,c_f309
F310,MOMBAROCCIO,PESARO E URBINO,MARCHE,041027,c_f310
F311,MOMBARUZZO,ASTI,PIEMONTE,005065,c_f311
F312,MOMBASIGLIO,CUNEO,PIEMONTE,004125,c_f312
F313,MOMBELLO MONFERRATO,ALESSANDRIA,PIEMONTE,006097,c_f313
F315,MOMBELLO DI TORINO,TORINO,PIEMONTE,001153,c_f315
F316,MOMBERCELLI,ASTI,PIEMONTE,005066,c_f316
F317,MOMO,NOVARA,PIEMONTE,003100,c_f317
F318,MOMPANTERO,TORINO,PIEMONTE,001154,c_f318
F319,MOMPEO,RIETI,LAZIO,057038,c_f319
F320,MOMPERONE,ALESSANDRIA,PIEMONTE,006098,c_f320
F322,MONACILIONI,CAMPOBASSO,MOLISE,070040,c_f322
F323,MONALE,ASTI,PIEMONTE,005067,c_f323
F324,MONASTERACE,REGGIO CALABRIA,CALABRIA,080052,c_f324
F325,MONASTERO BORMIDA,ASTI,PIEMONTE,005068,c_f325
F326,MONASTERO DI VASCO,CUNEO,PIEMONTE,004126,c_f326
F327,MONASTERO DI LANZO,TORINO,PIEMONTE,001155,c_m094
F328,MONASTEROLO DEL CASTELLO,BERGAMO,LOMBARDIA,016137,c_f328
F329,MONASTEROLO CASOTTO,CUNEO,PIEMONTE,004127,c_f329
F330,MONASTEROLO DI SAVIGLIANO,CUNEO,PIEMONTE,004128,c_f330
F332,MONASTIER DI TREVISO,TREVISO,VENETO,026044,c_f332
F333,MONASTIR,SUD SARDEGNA,SARDEGNA,111041,c_f333
F335,MONCALIERI,TORINO,PIEMONTE,001156,c_f335
F336,MONCALVO,ASTI,PIEMONTE,005069,c_f336
F337,MONCESTINO,ALESSANDRIA,PIEMONTE,006099,c_f337
F338,MONCHIERO,CUNEO,PIEMONTE,004129,c_f338
F340,MONCHIO DELLE CORTI,PARMA,EMILIA ROMAGNA,034022,c_f340
F342,MONCRIVELLO,VERCELLI,PIEMONTE,002079,c_f342
F343,MONCUCCO TORINESE,ASTI,PIEMONTE,005070,c_f343
F346,MONDAINO,RIMINI,EMILIA ROMAGNA,099006,c_f346
F347,MONDAVIO,PESARO E URBINO,MARCHE,041028,c_f347
F348,MONDOLFO,PESARO E URBINO,MARCHE,041029,c_f348
F351,MONDOVI',CUNEO,PIEMONTE,004130,c_f351
F352,MONDRAGONE,CASERTA,CAMPANIA,061052,c_f352
F354,MONEGLIA,GENOVA,LIGURIA,010037,C_F354
F355,MONESIGLIO,CUNEO,PIEMONTE,004131,c_f355
F356,MONFALCONE,GORIZIA,FRIULI VENEZIA GIULIA,031012,c_f356
F357,SERRAMAZZONI,MODENA,EMILIA ROMAGNA,036042,c_f357
F358,MONFORTE D'ALBA,CUNEO,PIEMONTE,004132,c_f358
F359,MONFORTE SAN GIORGIO,MESSINA,SICILIA,083054,c_f359
F360,MONFUMO,TREVISO,VENETO,026045,c_f360
F361,MONGARDINO,ASTI,PIEMONTE,005071,c_f361
F363,MONGHIDORO,BOLOGNA,EMILIA ROMAGNA,037040,c_f363
F364,MONGIANA,VIBO VALENTIA,CALABRIA,102022,c_f364
F365,MONGIARDINO LIGURE,ALESSANDRIA,PIEMONTE,006100,c_f365
F367,MONTJOVET,AOSTA,VALLE D'AOSTA,007043,c_f367
F368,MONGIUFFI MELIA,MESSINA,SICILIA,083055,c_f368
F369,MONGRANDO,BIELLA,PIEMONTE,096035,c_f369
F370,MONGRASSANO,COSENZA,CALABRIA,078080,c_f370
F371,MONGUELFO-TESIDO,BOLZANO,TRENTINO ALTO ADIGE,021052,c_f371
F372,MONGUZZO,COMO,LOMBARDIA,013153,c_f372
F373,MONIGA DEL GARDA,BRESCIA,LOMBARDIA,017109,c_f373
F374,MONLEALE,ALESSANDRIA,PIEMONTE,006101,c_f374
F375,MONNO,BRESCIA,LOMBARDIA,017110,c_f375
F376,MONOPOLI,BARI,PUGLIA,072030,c_f376
F377,MONREALE,PALERMO,SICILIA,082049,c_f377
F378,MONRUPINO,TRIESTE,FRIULI VENEZIA GIULIA,032002,c_f378
F379,MONSAMPIETRO MORICO,FERMO,MARCHE,109012,c_f379
F380,MONSAMPOLO DEL TRONTO,ASCOLI PICENO,MARCHE,044031,c_f380
F381,MONSANO,ANCONA,MARCHE,042025,c_f381
F382,MONSELICE,PADOVA,VENETO,028055,c_f382
F383,MONSERRATO,CITTA' METROPOLITANA DI CAGLIARI,SARDEGNA,092109,c_f383
F384,MONSUMMANO TERME,PISTOIA,TOSCANA,047009,c_f384
F385,MONTA',CUNEO,PIEMONTE,004133,c_f385
F386,MONTABONE,ASTI,PIEMONTE,005072,c_f386
F387,MONTACUTO,ALESSANDRIA,PIEMONTE,006102,c_f387
F390,MONTAFIA,ASTI,PIEMONTE,005073,c_f390
F391,MONTAGANO,CAMPOBASSO,MOLISE,070041,c_f391
F392,MONTAGNA SULLA STRADA DEL VINO,BOLZANO,TRENTINO ALTO ADIGE,021053,c_f392
F393,MONTAGNA IN VALTELLINA,SONDRIO,LOMBARDIA,014044,c_f393
F394,MONTAGNANA,PADOVA,VENETO,028056,c_f394
F395,MONTAGNAREALE,MESSINA,SICILIA,083056,c_f395
F397,MONTAGUTO,AVELLINO,CAMPANIA,064051,c_f397
F398,MONTAIONE,FIRENZE,TOSCANA,048027,c_f398
F399,MONTALBANO JONICO,MATERA,BASILICATA,077016,c_f399
F400,MONTALBANO ELICONA,MESSINA,SICILIA,083057,c_f400
F401,OSTRA,ANCONA,MARCHE,042035,c_f401
F403,MONTALDEO,ALESSANDRIA,PIEMONTE,006103,c_f403
F404,MONTALDO BORMIDA,ALESSANDRIA,PIEMONTE,006104,c_f404
F405,MONTALDO DI MONDOVI',CUNEO,PIEMONTE,004134,c_f405
F407,MONTALDO TORINESE,TORINO,PIEMONTE,001158,c_f407
F408,MONTALDO ROERO,CUNEO,PIEMONTE,004135,c_f408
F409,MONTALDO SCARAMPI,ASTI,PIEMONTE,005074,c_f409
F410,MONTALE,PISTOIA,TOSCANA,047010,c_f410
F411,MONTALENGHE,TORINO,PIEMONTE,001159,c_f411
F414,MONTALLEGRO,AGRIGENTO,SICILIA,084024,c_f414
F415,MONTALTO DELLE MARCHE,ASCOLI PICENO,MARCHE,044032,c_f415
F416,MONTALTO UFFUGO,COSENZA,CALABRIA,078081,c_f416
F417,MONTALTO PAVESE,PAVIA,LOMBARDIA,018094,c_f417
F419,MONTALTO DI CASTRO,VITERBO,LAZIO,056035,c_f419
F420,MONTALTO DORA,TORINO,PIEMONTE,001160,c_f420
F422,MONTANARO,TORINO,PIEMONTE,001161,c_f422
F423,MONTANASO LOMBARDO,LODI,LOMBARDIA,098040,c_f423
F424,MONTANERA,CUNEO,PIEMONTE,004136,c_f424
F426,MONTANO ANTILIA,SALERNO,CAMPANIA,065070,c_f426
F427,MONTANO LUCINO,COMO,LOMBARDIA,013154,c_f427
F428,MONTAPPONE,FERMO,MARCHE,109013,c_f428
F429,MONTAQUILA,ISERNIA,MOLISE,094028,c_f429
F430,MONTASOLA,RIETI,LAZIO,057039,c_f430
F432,MONTAURO,CATANZARO,CALABRIA,079080,c_f432
F433,MONTAZZOLI,CHIETI,ABRUZZO,069051,c_f433
F434,MONTE CREMASCO,CREMONA,LOMBARDIA,019058,c_f434
F437,MONTE ARGENTARIO,GROSSETO,TOSCANA,053016,c_f437
F440,MONTEBELLO DELLA BATTAGLIA,PAVIA,LOMBARDIA,018095,c_f440
F441,MONTEBELLO DI BERTONA,PESCARA,ABRUZZO,068023,c_f441
F442,MONTEBELLO VICENTINO,VICENZA,VENETO,024060,c_f442
F443,MONTEBELLUNA,TREVISO,VENETO,026046,c_f443
F445,MONTEBRUNO,GENOVA,LIGURIA,010038,c_f445
F446,MONTEBUONO,RIETI,LAZIO,057040,c_f446
F448,MONTECALVO IRPINO,AVELLINO,CAMPANIA,064052,c_f448
F449,MONTECALVO VERSIGGIA,PAVIA,LOMBARDIA,018096,c_f449
F450,MONTECALVO IN FOGLIA,PESARO E URBINO,MARCHE,041030,c_f450
F452,MONTECARLO,LUCCA,TOSCANA,046021,c_f452
F453,MONTECAROTTO,ANCONA,MARCHE,042026,c_f453
F454,MONTECASSIANO,MACERATA,MARCHE,043026,c_f454
F455,MONTECASTELLO,ALESSANDRIA,PIEMONTE,006105,c_f455
F456,MONTE CASTELLO DI VIBIO,PERUGIA,UMBRIA,054029,c_f456
F457,MONTECASTRILLI,TERNI,UMBRIA,055017,c_f457
F458,MONTECATINI VAL DI CECINA,PISA,TOSCANA,050019,c_f458
F460,MONTE CAVALLO,MACERATA,MARCHE,043027,c_f460
F461,MONTECCHIA DI CROSARA,VERONA,VENETO,023049,c_f461
F462,MONTECCHIO,TERNI,UMBRIA,055018,c_f462
F463,MONTECCHIO EMILIA,REGGIO EMILIA,EMILIA ROMAGNA,035027,c_f643
F464,MONTECCHIO MAGGIORE,VICENZA,VENETO,024061,c_f464
F465,MONTECCHIO PRECALCINO,VICENZA,VENETO,024062,c_f465
F467,MONTE CERIGNONE,PESARO E URBINO,MARCHE,041031,c_f467
F468,MONTECHIARO D'ASTI,ASTI,PIEMONTE,005075,c_f468
F469,MONTECHIARO D'ACQUI,ALESSANDRIA,PIEMONTE,006106,c_f469
F471,MONTICHIARI,BRESCIA,LOMBARDIA,017113,c_f471
F473,MONTECHIARUGOLO,PARMA,EMILIA ROMAGNA,034023,c_f473
F475,MONTECILFONE,CAMPOBASSO,MOLISE,070042,c_f475
F477,MONTE COMPATRI,ROMA,LAZIO,058060,c_f477
F478,MONTECOPIOLO,RIMINI,EMILIA ROMAGNA,099030,c_f478
F479,MONTECORICE,SALERNO,CAMPANIA,065071,c_f479
F480,MONTECORVINO PUGLIANO,SALERNO,CAMPANIA,065072,c_f480
F481,MONTECORVINO ROVELLA,SALERNO,CAMPANIA,065073,c_f481
F482,MONTECOSARO,MACERATA,MARCHE,043028,c_f482
F483,MONTECRESTESE,VERBANO-CUSIO-OSSOLA,PIEMONTE,103046,c_f483
F484,MONTECRETO,MODENA,EMILIA ROMAGNA,036024,c_f484
F486,MONTE DI MALO,VICENZA,VENETO,024063,c_f486
F487,MONTEDINOVE,ASCOLI PICENO,MARCHE,044034,c_f487
F488,MONTE DI PROCIDA,NAPOLI,CAMPANIA,063047,c_f488
F489,MONTEDORO,CALTANISSETTA,SICILIA,085011,c_f489
F491,MONTEFALCIONE,AVELLINO,CAMPANIA,064053,c_f491
F492,MONTEFALCO,PERUGIA,UMBRIA,054030,c_f492
F493,MONTEFALCONE APPENNINO,FERMO,MARCHE,109014,c_f493
F494,MONTEFALCONE DI VAL FORTORE,BENEVENTO,CAMPANIA,062042,c_f494
F495,MONTEFALCONE NEL SANNIO,CAMPOBASSO,MOLISE,070043,c_f495
F496,MONTEFANO,MACERATA,MARCHE,043029,c_f496
F497,MONTEFELCINO,PESARO E URBINO,MARCHE,041034,c_f497
F498,MONTEFERRANTE,CHIETI,ABRUZZO,069052,c_f498
F499,MONTEFIASCONE,VITERBO,LAZIO,056036,c_f499
F500,MONTEFINO,TERAMO,ABRUZZO,067027,c_f500
F501,MONTEFIORE DELL'ASO,ASCOLI PICENO,MARCHE,044036,c_f501
F502,MONTEFIORE CONCA,RIMINI,EMILIA ROMAGNA,099008,c_f502
F503,MONTEFIORINO,MODENA,EMILIA ROMAGNA,036025,c_f503
F504,MONTEFLAVIO,ROMA,LAZIO,058061,c_f504
F506,MONTEFORTE IRPINO,AVELLINO,CAMPANIA,064054,c_f506
F507,MONTEFORTE CILENTO,SALERNO,CAMPANIA,065074,c_f507
F508,MONTEFORTE D'ALPONE,VERONA,VENETO,023050,c_f508
F509,MONTEFORTINO,FERMO,MARCHE,109015,c_f509
F510,MONTEFRANCO,TERNI,UMBRIA,055019,c_f510
F511,MONTEFREDANE,AVELLINO,CAMPANIA,064055,c_f511
F512,MONTEFUSCO,AVELLINO,CAMPANIA,064056,c_f512
F513,MONTEGABBIONE,TERNI,UMBRIA,055020,c_f513
F514,MONTEGALDA,VICENZA,VENETO,024064,c_f514
F515,MONTEGALDELLA,VICENZA,VENETO,024065,c_f515
F516,MONTEGALLO,ASCOLI PICENO,MARCHE,044038,c_f516
F517,MONTE GIBERTO,FERMO,MARCHE,109016,c_f517
F518,MONTEGIOCO,ALESSANDRIA,PIEMONTE,006107,c_f518
F519,MONTEGIORDANO,COSENZA,CALABRIA,078082,c_f519
F520,MONTEGIORGIO,FERMO,MARCHE,109017,c_f520
F522,MONTEGRANARO,FERMO,MARCHE,109018,c_f522
F523,MONTEGRIDOLFO,RIMINI,EMILIA ROMAGNA,099009,c_f523
F524,MONTE GRIMANO TERME,PESARO E URBINO,MARCHE,041035,c_f524
F526,MONTEGRINO VALTRAVAGLIA,VARESE,LOMBARDIA,012103,c_f526
F527,MONTEGROSSO D'ASTI,ASTI,PIEMONTE,005076,c_f527
F528,MONTEGROSSO PIAN LATTE,IMPERIA,LIGURIA,008037,c_f528
F529,MONTEGROTTO TERME,PADOVA,VENETO,028057,c_f529
F531,MONTEIASI,TARANTO,PUGLIA,073016,c_f531
F532,MONTE ISOLA,BRESCIA,LOMBARDIA,017111,c_f532
F533,MONTELABBATE,PESARO E URBINO,MARCHE,041036,c_f533
F534,MONTELANICO,ROMA,LAZIO,058062,c_f534
F535,MONTELAPIANO,CHIETI,ABRUZZO,069053,c_f535
F536,MONTELEONE DI FERMO,FERMO,MARCHE,109019,c_f536
F537,VIBO VALENTIA,VIBO VALENTIA,CALABRIA,102047,c_f537
F538,MONTELEONE DI PUGLIA,FOGGIA,PUGLIA,071032,c_f538
F540,MONTELEONE DI SPOLETO,PERUGIA,UMBRIA,054031,c_f540
F541,MONTELEONE SABINO,RIETI,LAZIO,057041,c_f541
F542,MONTELEONE ROCCA DORIA,SASSARI,SARDEGNA,090040,c_f542
F543,MONTELEONE D'ORVIETO,TERNI,UMBRIA,055021,c_f543
F544,MONTELEPRE,PALERMO,SICILIA,082050,c_f544
F545,MONTELIBRETTI,ROMA,LAZIO,058063,c_f545
F546,MONTELLA,AVELLINO,CAMPANIA,064057,c_f546
F547,MONTELLO,BERGAMO,LOMBARDIA,016139,c_f547
F548,MONTELONGO,CAMPOBASSO,MOLISE,070044,c_f548
F549,MONTELPARO,FERMO,MARCHE,109020,c_f549
F550,MONTELUPO ALBESE,CUNEO,PIEMONTE,004137,c_f550
F551,MONTELUPO FIORENTINO,FIRENZE,TOSCANA,048028,c_f551
F552,MONTELUPONE,MACERATA,MARCHE,043030,c_f552
F553,MONTEMAGGIORE BELSITO,PALERMO,SICILIA,082051,c_f553
F556,MONTEMAGNO MONFERRATO,ASTI,PIEMONTE,005077,c_f556
F557,SANT'ARCANGELO TRIMONTE,BENEVENTO,CAMPANIA,062078,c_f557
F558,MONTEMALE DI CUNEO,CUNEO,PIEMONTE,004138,c_f558
F559,MONTEMARANO,AVELLINO,CAMPANIA,064058,c_f559
F560,MONTEMARCIANO,ANCONA,MARCHE,042027,c_f560
F561,MONTE MARENZO,LECCO,LOMBARDIA,097052,c_f561
F562,MONTEMARZINO,ALESSANDRIA,PIEMONTE,006108,c_f562
F563,MONTEMESOLA,TARANTO,PUGLIA,073017,c_f563
F564,MONTEMEZZO,COMO,LOMBARDIA,013155,c_f564
F565,MONTEMIGNAIO,AREZZO,TOSCANA,051023,c_f565
F566,MONTEMILETTO,AVELLINO,CAMPANIA,064059,c_f566
F567,POLLENZA,MACERATA,MARCHE,043041,c_f567
F568,MONTEMILONE,POTENZA,BASILICATA,076051,c_f568
F569,MONTEMITRO,CAMPOBASSO,MOLISE,070045,c_f569
F570,MONTEMONACO,ASCOLI PICENO,MARCHE,044044,c_f570
F572,MONTEMURLO,PRATO,TOSCANA,100003,c_f572
F573,MONTEMURRO,POTENZA,BASILICATA,076052,c_f573
F574,MONTENARS,UDINE,FRIULI VENEZIA GIULIA,030061,c_f574
F576,MONTENERO DI BISACCIA,CAMPOBASSO,MOLISE,070046,c_f576
F578,MONTENERODOMO,CHIETI,ABRUZZO,069054,c_f578
F579,MONTENERO SABINO,RIETI,LAZIO,057042,c_f579
F580,MONTENERO VAL COCCHIARA,ISERNIA,MOLISE,094029,c_f580
F581,OSTRA VETERE,ANCONA,MARCHE,042036,c_f581
F582,MONTEODORISIO,CHIETI,ABRUZZO,069055,c_f582
F585,ROSETO DEGLI ABRUZZI,TERAMO,ABRUZZO,067037,c_f585
F586,MONTEPAONE,CATANZARO,CALABRIA,079081,c_f586
F587,MONTEPARANO,TARANTO,PUGLIA,073018,c_f587
F589,MONTE PORZIO,PESARO E URBINO,MARCHE,041038,c_f589
F590,MONTE PORZIO CATONE,ROMA,LAZIO,058064,c_f590
F591,MONTEPRANDONE,ASCOLI PICENO,MARCHE,044045,c_f591
F592,MONTEPULCIANO,SIENA,TOSCANA,052015,c_f592
F594,MONTERCHI,AREZZO,TOSCANA,051024,c_f594
F595,MONTEREALE,AQUILA,ABRUZZO,066056,c_f595
F596,MONTEREALE VALCELLINA,PORDENONE,FRIULI VENEZIA GIULIA,093027,c_f596
F597,MONTERENZIO,BOLOGNA,EMILIA ROMAGNA,037041,c_f597
F598,MONTERIGGIONI,SIENA,TOSCANA,052016,c_f598
F599,MONTE RINALDO,FERMO,MARCHE,109021,c_f599
F600,MONTE ROBERTO,ANCONA,MARCHE,042029,c_f600
F601,MONTERODUNI,ISERNIA,MOLISE,094030,c_f601
F603,MONTE ROMANO,VITERBO,LAZIO,056037,c_f603
F604,MONTERONI DI LECCE,LECCE,PUGLIA,075048,c_f604
F605,MONTERONI D'ARBIA,SIENA,TOSCANA,052017,c_f605
F606,MONTEROSI,VITERBO,LAZIO,056038,c_f606
F607,MONTEROSSO CALABRO,VIBO VALENTIA,CALABRIA,102023,c_f607
F608,MONTEROSSO GRANA,CUNEO,PIEMONTE,004139,c_f608
F609,MONTEROSSO AL MARE,LA SPEZIA,LIGURIA,011019,c_f609
F610,MONTEROSSO ALMO,RAGUSA,SICILIA,088007,c_f610
F611,MONTEROTONDO,ROMA,LAZIO,058065,c_f611
F612,MONTEROTONDO MARITTIMO,GROSSETO,TOSCANA,053027,c_f612
F614,MONTERUBBIANO,FERMO,MARCHE,109022,c_f614
F616,MONTE SAN BIAGIO,LATINA,LAZIO,059015,c_f616
F618,MONTE SAN GIACOMO,SALERNO,CAMPANIA,065075,c_f618
F619,MONTE SAN GIOVANNI IN SABINA,RIETI,LAZIO,057043,c_f619
F620,MONTE SAN GIOVANNI CAMPANO,FROSINONE,LAZIO,060044,c_f620
F621,MONTE SAN GIUSTO,MACERATA,MARCHE,043031,c_f621
F622,MONTE SAN MARTINO,MACERATA,MARCHE,043032,c_f622
F623,MONTESANO SALENTINO,LECCE,PUGLIA,075049,C_F623
F625,MONTESANO SULLA MARCELLANA,SALERNO,CAMPANIA,065076,c_f625
F626,MONTE SAN PIETRANGELI,FERMO,MARCHE,109023,c_f626
F627,MONTE SAN PIETRO,BOLOGNA,EMILIA ROMAGNA,037042,c_f627
F628,MONTE SAN SAVINO,AREZZO,TOSCANA,051025,c_f628
F629,MONTE SANTA MARIA TIBERINA,PERUGIA,UMBRIA,054032,c_f629
F631,MONTE SANT'ANGELO,FOGGIA,PUGLIA,071033,c_f631
F632,POTENZA PICENA,MACERATA,MARCHE,043043,c_f632
F634,MONTE SAN VITO,ANCONA,MARCHE,042030,c_f634
F636,MONTESARCHIO,BENEVENTO,CAMPANIA,062043,c_f636
F637,MONTESCAGLIOSO,MATERA,BASILICATA,077017,c_f637
F638,MONTESCANO,PAVIA,LOMBARDIA,018097,c_f638
F639,MONTESCHENO,VERBANO-CUSIO-OSSOLA,PIEMONTE,103047,c_f639
F640,MONTESCUDAIO,PISA,TOSCANA,050020,c_f640
F642,MONTESE,MODENA,EMILIA ROMAGNA,036026,c_f642
F644,MONTESEGALE,PAVIA,LOMBARDIA,018098,c_f644
F646,MONTESILVANO,PESCARA,ABRUZZO,068024,c_f646
F648,MONTESPERTOLI,FIRENZE,TOSCANA,048030,c_f648
F651,MONTEU DA PO,TORINO,PIEMONTE,001162,c_f651
F653,MONTE URANO,FERMO,MARCHE,109024,c_f633
F654,MONTEU ROERO,CUNEO,PIEMONTE,004140,c_f654
F655,MONTEVAGO,AGRIGENTO,SICILIA,084025,c_f655
F656,MONTEVARCHI,AREZZO,TOSCANA,051026,c_f656
F657,MONTEVECCHIA,LECCO,LOMBARDIA,097053,c_f657
F660,MONTEVERDE,AVELLINO,CAMPANIA,064060,c_f660
F661,MONTEVERDI MARITTIMO,PISA,TOSCANA,050021,C_f661
F662,MONTEVIALE,VICENZA,VENETO,024066,c_f662
F664,MONTE VIDON COMBATTE,FERMO,MARCHE,109025,c_f664
F665,MONTE VIDON CORRADO,FERMO,MARCHE,109026,c_f665
F666,MONTEZEMOLO,CUNEO,PIEMONTE,004141,c_f666
F667,MONTI,SASSARI,SARDEGNA,090041,c_f667
F668,MONTIANO,FORLI,EMILIA ROMAGNA,040028,c_f668
F669,MONTICELLO D'ALBA,CUNEO,PIEMONTE,004142,c_f669
F670,MONTICELLI PAVESE,PAVIA,LOMBARDIA,018099,c_670
F671,MONTICELLI D'ONGINA,PIACENZA,EMILIA ROMAGNA,033027,c_f671
F672,MONTICELLI BRUSATI,BRESCIA,LOMBARDIA,017112,c_i476
F674,MONTICELLO BRIANZA,LECCO,LOMBARDIA,097054,c_f674
F675,MONTICELLO CONTE OTTO,VICENZA,VENETO,024067,c_f675
F676,MONTICIANO,SIENA,TOSCANA,052018,c_f676
F677,MONTIERI,GROSSETO,TOSCANA,053017,c_f677
F679,MONTIGNOSO,MASSA-CARRARA,TOSCANA,045011,c_f679
F680,MONTIRONE,BRESCIA,LOMBARDIA,017114,c_f680
F681,MONTODINE,CREMONA,LOMBARDIA,019059,c_f681
F682,MONTOGGIO,GENOVA,LIGURIA,010039,c_f682
F685,MONTONE,PERUGIA,UMBRIA,054033,c_f685
F686,MONTOPOLI IN VAL D'ARNO,PISA,TOSCANA,050022,c_f686
F687,MONTOPOLI DI SABINA,RIETI,LAZIO,057044,c_f687
F688,MONTORFANO,COMO,LOMBARDIA,013157,c_mont
F689,MONTORIO NEI FRENTANI,CAMPOBASSO,MOLISE,070047,c_f689
F690,MONTORIO AL VOMANO,TERAMO,ABRUZZO,067028,c_f690
F692,MONTORIO ROMANO,ROMA,LAZIO,058066,c_f692
F696,MONTORSO VICENTINO,VICENZA,VENETO,024068,c_f696
F697,MONTOTTONE,FERMO,MARCHE,109027,c_f697
F698,MONTRESTA,ORISTANO,SARDEGNA,095085,c_f698
F701,MONTU' BECCARIA,PAVIA,LOMBARDIA,018100,c_f701
F703,MONVALLE,VARESE,LOMBARDIA,012104,c_f703
F704,MONZA,MONZA E DELLA BRIANZA,LOMBARDIA,108033,c_f704
F705,MONZAMBANO,MANTOVA,LOMBARDIA,020036,c_f705
F706,MONZUNO,BOLOGNA,EMILIA ROMAGNA,037044,c_f706
F707,MORANO SUL PO,ALESSANDRIA,PIEMONTE,006109,c_f707
F708,MORANO CALABRO,COSENZA,CALABRIA,078083,c_f708
F710,MORARO,GORIZIA,FRIULI VENEZIA GIULIA,031013,c_f710
F711,MORAZZONE,VARESE,LOMBARDIA,012105,c_f711
F712,MORBEGNO,SONDRIO,LOMBARDIA,014045,c_f712
F713,MORBELLO,ALESSANDRIA,PIEMONTE,006110,c_f713
F715,MORCIANO DI ROMAGNA,RIMINI,EMILIA ROMAGNA,099011,c_f715
F716,MORCIANO DI LEUCA,LECCE,PUGLIA,075050,c_f716
F717,MORCONE,BENEVENTO,CAMPANIA,062044,c_f717
F718,MORDANO,BOLOGNA,EMILIA ROMAGNA,037045,c_f718
F720,MORENGO,BERGAMO,LOMBARDIA,016140,c_f720
F721,MORES,SASSARI,SARDEGNA,090042,c_f721
F722,MORESCO,FERMO,MARCHE,109028,c_f722
F723,MORETTA,CUNEO,PIEMONTE,004143,c_f723
F724,MORFASSO,PIACENZA,EMILIA ROMAGNA,033028,c_f724
F725,MORGANO,TREVISO,VENETO,026047,c_f725
F726,MORGEX,AOSTA,VALLE D'AOSTA,007044,c_f726
F727,MORGONGIORI,ORISTANO,SARDEGNA,095030,c_f727
F728,MORI,TRENTO,TRENTINO ALTO ADIGE,022123,c_f728
F729,MORIAGO DELLA BATTAGLIA,TREVISO,VENETO,026048,c_f729
F730,MORICONE,ROMA,LAZIO,058067,c_f730
F731,MORIGERATI,SALERNO,CAMPANIA,065077,c_f731
F732,MORINO,AQUILA,ABRUZZO,066057,c_f732
F733,MORIONDO TORINESE,TORINO,PIEMONTE,001163,c_f733
F734,MORLUPO,ROMA,LAZIO,058068,c_f734
F735,MORMANNO,COSENZA,CALABRIA,078084,c_f735
F736,MORNAGO,VARESE,LOMBARDIA,012106,c_f736
F737,MORNESE,ALESSANDRIA,PIEMONTE,006111,c_f737
F738,MORNICO AL SERIO,BERGAMO,LOMBARDIA,016141,c_f738
F739,MORNICO LOSANA,PAVIA,LOMBARDIA,018101,c_f739
F740,MOROLO,FROSINONE,LAZIO,060045,c_f740
F743,MOROZZO,CUNEO,PIEMONTE,004144,c_f743
F744,MORRA DE SANCTIS,AVELLINO,CAMPANIA,064063,c_f744
F745,MORRO D'ALBA,ANCONA,MARCHE,042031,c_f745
F746,MORRO REATINO,RIETI,LAZIO,057045,c_f746
F747,MORRO D'ORO,TERAMO,ABRUZZO,067029,c_f747
F748,MORRONE DEL SANNIO,CAMPOBASSO,MOLISE,070048,c_f748
F749,MORROVALLE,MACERATA,MARCHE,043033,c_f749
F750,MORSANO AL TAGLIAMENTO,PORDENONE,FRIULI VENEZIA GIULIA,093028,c_f750
F751,MORSASCO,ALESSANDRIA,PIEMONTE,006112,c_f751
F754,MORTARA,PAVIA,LOMBARDIA,018102,c_f754
F756,MORTEGLIANO,UDINE,FRIULI VENEZIA GIULIA,030062,f_756
F758,MORTERONE,LECCO,LOMBARDIA,097055,c_f758
F760,MORUZZO,UDINE,FRIULI VENEZIA GIULIA,030063,c_f760
F761,MOSCAZZANO,CREMONA,LOMBARDIA,019060,c_f761
F762,MOSCHIANO,AVELLINO,CAMPANIA,064064,c_f762
F764,MOSCIANO SANT'ANGELO,TERAMO,ABRUZZO,067030,c_f764
F765,MOSCUFO,PESCARA,ABRUZZO,068025,c_f765
F766,MOSO IN PASSIRIA,BOLZANO,TRENTINO ALTO ADIGE,021054,c_f766
F767,MOSSA,GORIZIA,FRIULI VENEZIA GIULIA,031014,c_f767
F770,MOTTA DI LIVENZA,TREVISO,VENETO,026049,c_f770
F771,MOTTA BALUFFI,CREMONA,LOMBARDIA,019061,c_f771
F772,MOTTA CAMASTRA,MESSINA,SICILIA,083058,c_f772
F773,MOTTA D'AFFERMO,MESSINA,SICILIA,083059,c_f773
F774,MOTTA DE' CONTI,VERCELLI,PIEMONTE,002082,c_f774
F775,MOTTAFOLLONE,COSENZA,CALABRIA,078085,c_f775
F776,MOTTALCIATA,BIELLA,PIEMONTE,096037,c_f776
F777,MOTTA MONTECORVINO,FOGGIA,PUGLIA,071034,c_f777
F779,MOTTA SAN GIOVANNI,REGGIO CALABRIA,CALABRIA,080054,c_f779
F780,MOTTA SANTA LUCIA,CATANZARO,CALABRIA,079083,c_f780
F781,MOTTA SANT'ANASTASIA,CATANIA,SICILIA,087030,c_f781
F783,MOTTA VISCONTI,MILANO,LOMBARDIA,015151,c_f783
F784,MOTTOLA,TARANTO,PUGLIA,073019,c_f784
F785,MOZZAGROGNA,CHIETI,ABRUZZO,069056,c_f785
F786,MOZZANICA,BERGAMO,LOMBARDIA,016142,c_f786
F788,MOZZATE,COMO,LOMBARDIA,013159,c_f788
F789,MOZZECANE,VERONA,VENETO,023051,c_f789
F791,MOZZO,BERGAMO,LOMBARDIA,016143,c_f791
F793,MUCCIA,MACERATA,MARCHE,043034,c_F793
F795,MUGGIA,TRIESTE,FRIULI VENEZIA GIULIA,032003,c_f795
F797,MUGGIO',MONZA E DELLA BRIANZA,LOMBARDIA,108034,c_f797
F798,MUGNANO DEL CARDINALE,AVELLINO,CAMPANIA,064065,c_f798
F799,MUGNANO DI NAPOLI,NAPOLI,CAMPANIA,063048,c_f799
F801,MULAZZANO,LODI,LOMBARDIA,098041,c_f801
F802,MULAZZO,MASSA-CARRARA,TOSCANA,045012,c_f802
F806,MURA,BRESCIA,LOMBARDIA,017115,c_f806
F808,MURAVERA,SUD SARDEGNA,SARDEGNA,111042,c_f808
F809,MURAZZANO,CUNEO,PIEMONTE,004145,c_f809
F810,SALCEDO,VICENZA,VENETO,024090,c_f810
F811,MURELLO,CUNEO,PIEMONTE,004146,c_f811
F813,MURIALDO,SAVONA,LIGURIA,009040,c_f813
F814,MURISENGO MONFERRATO,ALESSANDRIA,PIEMONTE,006113,c_f814
F815,MURLO,SIENA,TOSCANA,052019,c_f815
F816,MURO LECCESE,LECCE,PUGLIA,075051,c_f816
F817,MURO LUCANO,POTENZA,BASILICATA,076053,c_f817
F818,MUROS,SASSARI,SARDEGNA,090043,c_f818
F820,MUSCOLINE,BRESCIA,LOMBARDIA,017116,c_f820
F822,MUSEI,SUD SARDEGNA,SARDEGNA,111043,c_f822
F826,MUSILE DI PIAVE,VENEZIA,VENETO,027025,c_f826
F828,MUSSO,COMO,LOMBARDIA,013160,c_f828
F829,MUSSOLENTE,VICENZA,VENETO,024070,c_f829
F830,MUSSOMELI,CALTANISSETTA,SICILIA,085012,c_f830
F831,PINETO,TERAMO,ABRUZZO,067035,c_f831
F832,MUZZANA DEL TURGNANO,UDINE,FRIULI VENEZIA GIULIA,030064,c_f832
F833,MUZZANO,BIELLA,PIEMONTE,096038,c_f833
F835,NAGO-TORBOLE,TRENTO,TRENTINO ALTO ADIGE,022124,c_f835
F836,NALLES,BOLZANO,TRENTINO ALTO ADIGE,021055,c_f836
F839,NAPOLI,NAPOLI,CAMPANIA,063049,c_f839
F840,NARBOLIA,ORISTANO,SARDEGNA,095031,c_f840
F841,NARCAO,SUD SARDEGNA,SARDEGNA,111044,c_f841
F842,NARDO',LECCE,PUGLIA,075052,c_f842
F843,NARDODIPACE,VIBO VALENTIA,CALABRIA,102024,c_f843
F844,NARNI,TERNI,UMBRIA,055022,c_f844
F845,NARO,AGRIGENTO,SICILIA,084026,c_f845
F846,NARZOLE,CUNEO,PIEMONTE,004147,c_f846
F847,NASINO,SAVONA,LIGURIA,009041,c_f847
F848,NASO,MESSINA,SICILIA,083060,c_f848
F849,NATURNO,BOLZANO,TRENTINO ALTO ADIGE,021056,c_f849
F851,NAVE,BRESCIA,LOMBARDIA,017117,c_f851
F852,NAVELLI,AQUILA,ABRUZZO,066058,c_f852
F856,NAZ-SCIAVES,BOLZANO,TRENTINO ALTO ADIGE,021057,c_f856
F857,NAZZANO,ROMA,LAZIO,058069,c_f857
F858,NE,GENOVA,LIGURIA,010040,c_f858
F859,NEBBIUNO,NOVARA,PIEMONTE,003103,c_f859
F861,NEGRAR DI VALPOLICELLA,VERONA,VENETO,023052,c_f861
F862,NEIRONE,GENOVA,LIGURIA,010041,c_f862
F863,NEIVE,CUNEO,PIEMONTE,004148,c_f863
F864,NEMBRO,BERGAMO,LOMBARDIA,016144,c_f864
F865,NEMI,ROMA,LAZIO,058070,c_f865
F866,NEMOLI,POTENZA,BASILICATA,076054,c_f866
F867,NEONELI,ORISTANO,SARDEGNA,095032,c_f867
F868,NEPI,VITERBO,LAZIO,056039,c_f868
F870,NERETO,TERAMO,ABRUZZO,067031,c_f870
F871,NEROLA,ROMA,LAZIO,058071,c_f871
F872,NERVESA DELLA BATTAGLIA,TREVISO,VENETO,026050,c_f872
F874,NERVIANO,MILANO,LOMBARDIA,015154,c_f874
F876,NESPOLO,RIETI,LAZIO,057046,c_f876
F877,NESSO,COMO,LOMBARDIA,013161,c_f877
F878,NETRO,BIELLA,PIEMONTE,096039,c_f878
F880,NETTUNO,ROMA,LAZIO,058072,c_f880
F881,NEVIANO,LECCE,PUGLIA,075053,c_f881
F882,NEVIANO DEGLI ARDUINI,PARMA,EMILIA ROMAGNA,034024,c_f882
F883,NEVIGLIE,CUNEO,PIEMONTE,004149,C_F883
F884,NIARDO,BRESCIA,LOMBARDIA,017118,c_f884
F886,NIBBIOLA,NOVARA,PIEMONTE,003104,c_f886
F887,NIBIONNO,LECCO,LOMBARDIA,097056,c_f887
F889,NICHELINO,TORINO,PIEMONTE,001164,c_f889
F890,NICOLOSI,CATANIA,SICILIA,087031,c_f890
F891,NICORVO,PAVIA,LOMBARDIA,018103,c_f891
F892,NICOSIA,ENNA,SICILIA,086012,c_f892
F893,NICOTERA,VIBO VALENTIA,CALABRIA,102025,c_f893
F894,NIELLA BELBO,CUNEO,PIEMONTE,004150,c_f894
F895,NIELLA TANARO,CUNEO,PIEMONTE,004151,c_f895
F898,NIMIS,UDINE,FRIULI VENEZIA GIULIA,030065,c_f898
F899,NISCEMI,CALTANISSETTA,SICILIA,085013,c_f899
F900,NISSORIA,ENNA,SICILIA,086013,C_f900
F901,NIZZA DI SICILIA,MESSINA,SICILIA,083061,c_f901
F902,NIZZA MONFERRATO,ASTI,PIEMONTE,005080,c_f902
F904,NOALE,VENEZIA,VENETO,027026,c_f904
F906,NOASCA,TORINO,PIEMONTE,001165,c_f906
F907,NOCARA,COSENZA,CALABRIA,078086,c_f907
F908,NOCCIANO,PESCARA,ABRUZZO,068026,c_f908
F910,NOCERA TERINESE,CATANZARO,CALABRIA,079087,c_f910
F911,NOCERA UMBRA,PERUGIA,UMBRIA,054034,c_f911
F912,NOCERA INFERIORE,SALERNO,CAMPANIA,065078,c_f912
F913,NOCERA SUPERIORE,SALERNO,CAMPANIA,065079,c_f913
F914,NOCETO,PARMA,EMILIA ROMAGNA,034025,c_f914
F915,NOCI,BARI,PUGLIA,072031,c_f915
F916,NOCIGLIA,LECCE,PUGLIA,075054,c_f916
F917,NOEPOLI,POTENZA,BASILICATA,076055,c_f917
F918,NOGARA,VERONA,VENETO,023053,c_f918
F920,NOGAREDO,TRENTO,TRENTINO ALTO ADIGE,022127,c_f920
F921,NOGAROLE ROCCA,VERONA,VENETO,023054,c_f921
F922,NOGAROLE VICENTINO,VICENZA,VENETO,024072,c_f922
F923,NOICATTARO,BARI,PUGLIA,072032,c_f923
F924,NOLA,NAPOLI,CAMPANIA,063050,c_f924
F925,NOLE,TORINO,PIEMONTE,001166,c_f925
F926,NOLI,SAVONA,LIGURIA,009042,c_f926
F927,NOMAGLIO,TORINO,PIEMONTE,001167,c_f927
F929,NOMI,TRENTO,TRENTINO ALTO ADIGE,022128,c_f929
F930,NONANTOLA,MODENA,EMILIA ROMAGNA,036027,c_f930
F931,NONE,TORINO,PIEMONTE,001168,c_f931
F932,NONIO,VERBANO-CUSIO-OSSOLA,PIEMONTE,103048,c_f932
F933,NORAGUGUME,NUORO,SARDEGNA,091050,c_f933
F934,NORBELLO,ORISTANO,SARDEGNA,095033,c_f934
F935,NORCIA,PERUGIA,UMBRIA,054035,c_f935
F937,NORMA,LATINA,LAZIO,059016,c_f937
F939,NOSATE,MILANO,LOMBARDIA,015155,c_f939
F941,PONTE NOSSA,BERGAMO,LOMBARDIA,016168,c_f941
F942,NOTARESCO,TERAMO,ABRUZZO,067032,c_f942
F943,NOTO,SIRACUSA,SICILIA,089013,c_f943
F944,NOVA MILANESE,MONZA E DELLA BRIANZA,LOMBARDIA,108035,c_f944
F947,NOVALEDO,TRENTO,TRENTINO ALTO ADIGE,022129,c_f947
F948,NOVALESA,TORINO,PIEMONTE,001169,c_f948
F949,NOVA LEVANTE,BOLZANO,TRENTINO ALTO ADIGE,021058,c_f949
F950,NOVA PONENTE,BOLZANO,TRENTINO ALTO ADIGE,021059,c_f950
F951,NOVARA DI SICILIA,MESSINA,SICILIA,083062,c_f951
F952,NOVARA,NOVARA,PIEMONTE,003106,c_f952
F955,NOVATE MILANESE,MILANO,LOMBARDIA,015157,c_f955
F956,NOVATE MEZZOLA,SONDRIO,LOMBARDIA,014046,novm_so
F957,NOVE,VICENZA,VENETO,024073,c_f957
F958,NOVEDRATE,COMO,LOMBARDIA,013163,c_f958
F960,NOVELLARA,REGGIO EMILIA,EMILIA ROMAGNA,035028,c_f960
F961,NOVELLO,CUNEO,PIEMONTE,004152,c_f961
F962,NOVENTA PADOVANA,PADOVA,VENETO,028058,c_f962
F963,NOVENTA DI PIAVE,VENEZIA,VENETO,027027,c_f963
F964,NOVENTA VICENTINA,VICENZA,VENETO,024074,c_f964
F965,NOVI LIGURE,ALESSANDRIA,PIEMONTE,006114,c_f965
F966,NOVI DI MODENA,MODENA,EMILIA ROMAGNA,036028,c_f966
F967,NOVI VELIA,SALERNO,CAMPANIA,065080,c_f967
F968,NOVIGLIO,MILANO,LOMBARDIA,015158,c_f968
F970,NOVOLI,LECCE,PUGLIA,075055,c_f970
F972,NUCETTO,CUNEO,PIEMONTE,004153,c_f972
F974,NUGHEDU SANTA VITTORIA,ORISTANO,SARDEGNA,095034,c_f974
F975,NUGHEDU SAN NICOLO',SASSARI,SARDEGNA,090044,c_f975
F976,NULE,SASSARI,SARDEGNA,090045,c_f976
F977,NULVI,SASSARI,SARDEGNA,090046,c_f977
F978,NUMANA,ANCONA,MARCHE,042032,c_f978
F979,NUORO,NUORO,SARDEGNA,091051,c_f979
F980,NURACHI,ORISTANO,SARDEGNA,095035,c_f980
F981,NURAGUS,SUD SARDEGNA,SARDEGNA,111045,c_f981
F982,NURALLAO,SUD SARDEGNA,SARDEGNA,111046,c_f982
F983,NURAMINIS,SUD SARDEGNA,SARDEGNA,111047,c_f983
F985,NURECI,ORISTANO,SARDEGNA,095036,c_f985
F986,NURRI,SUD SARDEGNA,SARDEGNA,111048,c_f986
F987,NUS,AOSTA,VALLE D'AOSTA,007045,c_f987
F988,NUSCO,AVELLINO,CAMPANIA,064066,C_F988
F989,NUVOLENTO,BRESCIA,LOMBARDIA,017119,c_f989
F990,NUVOLERA,BRESCIA,LOMBARDIA,017120,c_f990
F991,NUXIS,SUD SARDEGNA,SARDEGNA,111049,c_f991
F992,OCCHIEPPO INFERIORE,BIELLA,PIEMONTE,096040,c_f992
F993,OCCHIEPPO SUPERIORE,BIELLA,PIEMONTE,096041,c_f993
F994,OCCHIOBELLO,ROVIGO,VENETO,029033,c_f994
F995,OCCIMIANO,ALESSANDRIA,PIEMONTE,006115,c_f995
F996,OCRE,AQUILA,ABRUZZO,066059,c_f996
F997,ODALENGO GRANDE,ALESSANDRIA,PIEMONTE,006116,c_f997
F998,ODALENGO PICCOLO,ALESSANDRIA,PIEMONTE,006117,c_f998
F999,ODERZO,TREVISO,VENETO,026051,c_f999
G001,ODOLO,BRESCIA,LOMBARDIA,017121,c_g001
G002,OFENA,AQUILA,ABRUZZO,066060,c_g002
G003,OFFAGNA,ANCONA,MARCHE,042033,c_g003
G004,OFFANENGO,CREMONA,LOMBARDIA,019062,c_g004
G005,OFFIDA,ASCOLI PICENO,MARCHE,044054,c_g005
G006,OFFLAGA,BRESCIA,LOMBARDIA,017122,c_g006
G007,OGGEBBIO,VERBANO-CUSIO-OSSOLA,PIEMONTE,103049,c_g007
G008,OGGIONA CON SANTO STEFANO,VARESE,LOMBARDIA,012107,c_g008
G009,OGGIONO,LECCO,LOMBARDIA,097057,c_g009
G010,OGLIANICO,TORINO,PIEMONTE,001170,c_g010
G011,OGLIASTRO CILENTO,SALERNO,CAMPANIA,065081,c_g011
G012,OYACE,AOSTA,VALLE D'AOSTA,007047,c_g012
G015,OLBIA,SASSARI,SARDEGNA,090047,c_g015
G016,OLCENENGO,VERCELLI,PIEMONTE,002088,c_g016
G018,OLDENICO,VERCELLI,PIEMONTE,002089,c_g018
G019,OLEGGIO,NOVARA,PIEMONTE,003108,c_g019
G020,OLEGGIO CASTELLO,NOVARA,PIEMONTE,003109,c_g020
G021,OLEVANO DI LOMELLINA,PAVIA,LOMBARDIA,018104,c_g021
G022,OLEVANO ROMANO,ROMA,LAZIO,058073,c_g022
G023,OLEVANO SUL TUSCIANO,SALERNO,CAMPANIA,065082,c_g023
G025,OLGIATE COMASCO,COMO,LOMBARDIA,013165,c_g025
G026,OLGIATE MOLGORA,LECCO,LOMBARDIA,097058,c_g026
G028,OLGIATE OLONA,VARESE,LOMBARDIA,012108,c_g028
G030,OLGINATE,LECCO,LOMBARDIA,097059,c_g030
G031,OLIENA,NUORO,SARDEGNA,091055,c_g031
G032,OLIVA GESSI,PAVIA,LOMBARDIA,018105,c_g032
G034,OLIVADI,CATANZARO,CALABRIA,079088,c_g034
G036,OLIVERI,MESSINA,SICILIA,083063,c_g036
G037,OLIVETO LUCANO,MATERA,BASILICATA,077019,c_g037
G039,OLIVETO CITRA,SALERNO,CAMPANIA,065083,c_g039
G040,OLIVETO LARIO,LECCO,LOMBARDIA,097060,c_g040
G041,OLIVETTA SAN MICHELE,IMPERIA,LIGURIA,008038,c_g041
G042,OLIVOLA,ALESSANDRIA,PIEMONTE,006118,c_g042
G043,OLLASTRA,ORISTANO,SARDEGNA,095037,c_g043
G044,OLLOLAI,NUORO,SARDEGNA,091056,c_g044
G045,OLLOMONT,AOSTA,VALLE D'AOSTA,007046,c_g045
G046,OLMEDO,SASSARI,SARDEGNA,090048,c_g046
G047,OLMENETA,CREMONA,LOMBARDIA,019063,c_g047
G048,OLMO GENTILE,ASTI,PIEMONTE,005081,c_g048
G049,OLMO AL BREMBO,BERGAMO,LOMBARDIA,016145,c_g049
G050,OLTRE IL COLLE,BERGAMO,LOMBARDIA,016146,c_g050
G054,OLTRESSENDA ALTA,BERGAMO,LOMBARDIA,016147,c_g054
G056,OLTRONA DI SAN MAMETTE,COMO,LOMBARDIA,013169,C_G056
G058,OLZAI,NUORO,SARDEGNA,091057,c_g058
G061,OME,BRESCIA,LOMBARDIA,017123,c_g061
G062,OMEGNA,VERBANO-CUSIO-OSSOLA,PIEMONTE,103050,c_g062
G063,OMIGNANO,SALERNO,CAMPANIA,065084,c_g063
G064,ONANI',NUORO,SARDEGNA,091058,c_g064
G065,ONANO,VITERBO,LAZIO,056040,c_g065
G066,ONCINO,CUNEO,PIEMONTE,004154,c_g066
G068,ONETA,BERGAMO,LOMBARDIA,016148,c_g068
G070,ONIFAI,NUORO,SARDEGNA,091059,c_g070
G071,ONIFERI,NUORO,SARDEGNA,091060,c_g071
G074,ONO SAN PIETRO,BRESCIA,LOMBARDIA,017124,c_g074
G075,ONORE,BERGAMO,LOMBARDIA,016149,c_g075
G076,ONZO,SAVONA,LIGURIA,009043,c_g076
G078,OPERA,MILANO,LOMBARDIA,015159,c_g078
G079,OPI,AQUILA,ABRUZZO,066061,c_g079
G080,OPPEANO,VERONA,VENETO,023055,c_g080
G081,OPPIDO LUCANO,POTENZA,BASILICATA,076056,c_g081
G082,OPPIDO MAMERTINA,REGGIO CALABRIA,CALABRIA,080055,c_g082
G083,ORA,BOLZANO,TRENTINO ALTO ADIGE,021060,c_g083
G084,ORANI,NUORO,SARDEGNA,091061,c_g084
G086,ORATINO,CAMPOBASSO,MOLISE,070049,c_ht1k
G087,ORBASSANO,TORINO,PIEMONTE,001171,c_g087
G088,ORBETELLO,GROSSETO,TOSCANA,053018,c_g088
G090,ORCIANO PISANO,PISA,TOSCANA,050023,c_g090
G093,ORERO,GENOVA,LIGURIA,010042,c_g093
G095,ORGIANO,VICENZA,VENETO,024075,c_g095
G096,PIEVE FISSIRAGA,LODI,LOMBARDIA,098045,c_g096
G097,ORGOSOLO,NUORO,SARDEGNA,091062,c_g097
G098,ORIA,BRINDISI,PUGLIA,074011,c_g098
G102,ORICOLA,AQUILA,ABRUZZO,066062,c_g102
G103,ORIGGIO,VARESE,LOMBARDIA,012109,c_g103
G105,ORINO,VARESE,LOMBARDIA,012110,c_g105
G107,ORIO LITTA,LODI,LOMBARDIA,098042,c_g107
G108,ORIO AL SERIO,BERGAMO,LOMBARDIA,016150,c_g108
G109,ORIO CANAVESE,TORINO,PIEMONTE,001172,c_g109
G110,ORIOLO,COSENZA,CALABRIA,078087,c_g110
G111,ORIOLO ROMANO,VITERBO,LAZIO,056041,c_g111
G113,ORISTANO,ORISTANO,SARDEGNA,095038,c_g113
G114,ORMEA,CUNEO,PIEMONTE,004155,c_g114
G115,ORMELLE,TREVISO,VENETO,026052,c_g115
G116,ORNAGO,MONZA E DELLA BRIANZA,LOMBARDIA,108036,c_g116
G117,ORNAVASSO,VERBANO-CUSIO-OSSOLA,PIEMONTE,103051,c_g117
G118,ORNICA,BERGAMO,LOMBARDIA,016151,c_g118
G119,OROSEI,NUORO,SARDEGNA,091063,c_g119
G120,OROTELLI,NUORO,SARDEGNA,091064,c_g120
G121,ORRIA,SALERNO,CAMPANIA,065085,c_g121
G122,ORROLI,SUD SARDEGNA,SARDEGNA,111050,c_g122
G123,ORSAGO,TREVISO,VENETO,026053,c_g123
G124,ORSARA BORMIDA,ALESSANDRIA,PIEMONTE,006119,c_g124
G125,ORSARA DI PUGLIA,FOGGIA,PUGLIA,071035,c_g125
G126,ORSENIGO,COMO,LOMBARDIA,013170,c_g126
G128,ORSOGNA,CHIETI,ABRUZZO,069057,c_g128
G129,ORSOMARSO,COSENZA,CALABRIA,078088,c_g129
G130,ORTA DI ATELLA,CASERTA,CAMPANIA,061053,c_g130
G131,ORTA NOVA,FOGGIA,PUGLIA,071036,c_g131
G133,ORTACESUS,SUD SARDEGNA,SARDEGNA,111051,c_g133
G134,ORTA SAN GIULIO,NOVARA,PIEMONTE,003112,c_g134
G135,ORTE,VITERBO,LAZIO,056042,c_g135
G136,ORTELLE,LECCE,PUGLIA,075056,c_g136
G137,ORTEZZANO,FERMO,MARCHE,109029,c_g137
G139,ORTIGNANO RAGGIOLO,AREZZO,TOSCANA,051027,c_g139
G140,ORTISEI,BOLZANO,TRENTINO ALTO ADIGE,021061,c_g140
G141,ORTONA,CHIETI,ABRUZZO,069058,c_g141
G142,ORTONA DEI MARSI,AQUILA,ABRUZZO,066063,c_g142
G143,LUNI,LA SPEZIA,LIGURIA,011020,c_g143
G144,ORTOVERO,SAVONA,LIGURIA,009045,c_g144
G145,ORTUCCHIO,AQUILA,ABRUZZO,066064,c_g145
G146,ORTUERI,NUORO,SARDEGNA,091066,c_g146
G147,ORUNE,NUORO,SARDEGNA,091067,c_g147
G148,ORVIETO,TERNI,UMBRIA,055023,c_g148
G149,ORZINUOVI,BRESCIA,LOMBARDIA,017125,c_g149
G150,ORZIVECCHI,BRESCIA,LOMBARDIA,017126,c_g150
G151,OSASCO,TORINO,PIEMONTE,001173,c_g151
G152,OSASIO,TORINO,PIEMONTE,001174,c_g152
G153,OSCHIRI,SASSARI,SARDEGNA,090049,c_g153
G154,OSIDDA,NUORO,SARDEGNA,091068,c_g154
G155,OSIGLIA,SAVONA,LIGURIA,009046,c_g155
G156,OSILO,SASSARI,SARDEGNA,090050,c_g156
G157,OSIMO,ANCONA,MARCHE,042034,c_g157
G158,OSINI,NUORO,SARDEGNA,091069,c_g158
G159,OSIO SOPRA,BERGAMO,LOMBARDIA,016152,c_g159
G160,OSIO SOTTO,BERGAMO,LOMBARDIA,016153,c_g160
G161,OSNAGO,LECCO,LOMBARDIA,097061,c_g161
G163,OSOPPO,UDINE,FRIULI VENEZIA GIULIA,030066,c_g163
G164,OSPEDALETTI,IMPERIA,LIGURIA,008039,c_g164
G165,OSPEDALETTO D'ALPINOLO,AVELLINO,CAMPANIA,064067,c_g165
G166,OSPEDALETTO LODIGIANO,LODI,LOMBARDIA,098043,c_g166
G167,OSPEDALETTO EUGANEO,PADOVA,VENETO,028059,c_g167
G168,OSPEDALETTO,TRENTO,TRENTINO ALTO ADIGE,022130,c_g168
G169,OSPITALE DI CADORE,BELLUNO,VENETO,025035,c_g169
G170,OSPITALETTO,BRESCIA,LOMBARDIA,017127,c_g170
G171,OSSAGO LODIGIANO,LODI,LOMBARDIA,098044,c_g171
G173,OSSANA,TRENTO,TRENTINO ALTO ADIGE,022131,c_g173
G178,OSSI,SASSARI,SARDEGNA,090051,c_g178
G179,OSSIMO,BRESCIA,LOMBARDIA,017128,c_g179
G181,OSSONA,MILANO,LOMBARDIA,015164,c_g181
G183,OSTANA,CUNEO,PIEMONTE,004156,c_g183
G184,OSTELLATO,FERRARA,EMILIA ROMAGNA,038017,c_g184
G185,OSTIANO,CREMONA,LOMBARDIA,019064,c_g185
G186,OSTIGLIA,MANTOVA,LOMBARDIA,020038,c_g186
G187,OSTUNI,BRINDISI,PUGLIA,074012,c_g187
G188,OTRANTO,LECCE,PUGLIA,075057,c_g188
G189,OTRICOLI,TERNI,UMBRIA,055024,c_g189
G190,OTTAVIANO,NAPOLI,CAMPANIA,063051,c_g190
G191,OTTANA,NUORO,SARDEGNA,091070,c_g191
G192,OTTATI,SALERNO,CAMPANIA,065086,c_g192
G193,OTTIGLIO,ALESSANDRIA,PIEMONTE,006120,c_g193
G194,OTTOBIANO,PAVIA,LOMBARDIA,018106,c_m180
G195,OTTONE,PIACENZA,EMILIA ROMAGNA,033030,c_g195
G196,OULX,TORINO,PIEMONTE,001175,c_g196
G197,OVADA,ALESSANDRIA,PIEMONTE,006121,c_g197
G198,OVARO,UDINE,FRIULI VENEZIA GIULIA,030067,c_g198
G199,OVIGLIO,ALESSANDRIA,PIEMONTE,006122,c_g199
G200,OVINDOLI,AQUILA,ABRUZZO,066065,c_g200
G201,OVODDA,NUORO,SARDEGNA,091071,c_g201
G202,OZEGNA,TORINO,PIEMONTE,001176,c_g202
G203,OZIERI,SASSARI,SARDEGNA,090052,c_g203
G204,OZZANO MONFERRATO,ALESSANDRIA,PIEMONTE,006123,c_g204
G205,OZZANO DELL'EMILIA,BOLOGNA,EMILIA ROMAGNA,037046,c_g205
G206,OZZERO,MILANO,LOMBARDIA,015165,c_g206
G207,PABILLONIS,SUD SARDEGNA,SARDEGNA,111052,c_g207
G208,PACECO,TRAPANI,SICILIA,081013,c_g208
G209,PACE DEL MELA,MESSINA,SICILIA,083064,c_g209
G210,PACENTRO,AQUILA,ABRUZZO,066066,c_g210
G211,PACHINO,SIRACUSA,SICILIA,089014,c_g211
G212,PACIANO,PERUGIA,UMBRIA,054036,c_g212
G213,PADENGHE SUL GARDA,BRESCIA,LOMBARDIA,017129,c_g213
G215,PADERNA,ALESSANDRIA,PIEMONTE,006124,c_g215
G217,PADERNO FRANCIACORTA,BRESCIA,LOMBARDIA,017130,c_g217
G218,PADERNO D'ADDA,LECCO,LOMBARDIA,097062,c_g218
G220,PADERNO DUGNANO,MILANO,LOMBARDIA,015166,c_g220
G222,PADERNO PONCHIELLI,CREMONA,LOMBARDIA,019065,c_g222
G223,ROBBIATE,LECCO,LOMBARDIA,097071,c_g223
G224,PADOVA,PADOVA,VENETO,028060,c_g224
G225,PADRIA,SASSARI,SARDEGNA,090053,c_g225
G226,PADULA,SALERNO,CAMPANIA,065087,c_g226
G227,PADULI,BENEVENTO,CAMPANIA,062045,c_g227
G228,PAESANA,CUNEO,PIEMONTE,004157,c_g228
G229,PAESE,TREVISO,VENETO,026055,c_g229
G230,PAGANI,SALERNO,CAMPANIA,065088,c_g230
G232,PAGANICO SABINO,RIETI,LAZIO,057048,c_p0f4
G233,PAGAZZANO,BERGAMO,LOMBARDIA,016154,c_g233
G234,PAGLIARA,MESSINA,SICILIA,083065,c_g234
G237,PAGLIETA,CHIETI,ABRUZZO,069059,c_g237
G238,PAGNACCO,UDINE,FRIULI VENEZIA GIULIA,030068,c_g238
G240,PAGNO,CUNEO,PIEMONTE,004158,c_g240
G241,PAGNONA,LECCO,LOMBARDIA,097063,c_g241
G242,PAGO DEL VALLO DI LAURO,AVELLINO,CAMPANIA,064068,c_g242
G243,PAGO VEIANO,BENEVENTO,CAMPANIA,062046,c_g243
G247,PAISCO LOVENO,BRESCIA,LOMBARDIA,017131,c_g247
G248,PAITONE,BRESCIA,LOMBARDIA,017132,c_g248
G249,PALADINA,BERGAMO,LOMBARDIA,016155,c_g249
G250,PALAGANO,MODENA,EMILIA ROMAGNA,036029,c_g250
G251,PALAGIANELLO,TARANTO,PUGLIA,073020,c_g251
G252,PALAGIANO,TARANTO,PUGLIA,073021,c_g252
G253,PALAGONIA,CATANIA,SICILIA,087032,c_g253
G254,PALAIA,PISA,TOSCANA,050024,c_g254
G255,PALANZANO,PARMA,EMILIA ROMAGNA,034026,c_g255
G257,PALATA,CAMPOBASSO,MOLISE,070050,c_g257
G258,PALAU,SASSARI,SARDEGNA,090054,c_g258
G259,PALAZZAGO,BERGAMO,LOMBARDIA,016156,c_g259
G260,PALAZZO PIGNANO,CREMONA,LOMBARDIA,019066,c_g260
G261,PALAZZO SAN GERVASIO,POTENZA,BASILICATA,076057,c_g261
G262,PALAZZO CANAVESE,TORINO,PIEMONTE,001177,c_g262
G263,PALAZZO ADRIANO,PALERMO,SICILIA,082052,c_g263
G264,PALAZZOLO SULL'OGLIO,BRESCIA,LOMBARDIA,017133,c_g264
G266,PALAZZOLO VERCELLESE,VERCELLI,PIEMONTE,002090,C_G266
G267,PALAZZOLO ACREIDE,SIRACUSA,SICILIA,089015,c_g267
G268,PALAZZOLO DELLO STELLA,UDINE,FRIULI VENEZIA GIULIA,030069,c_g268
G270,PALAZZUOLO SUL SENIO,FIRENZE,TOSCANA,048031,c_g270
G271,PALENA,CHIETI,ABRUZZO,069060,c_g271
G272,PALERMITI,CATANZARO,CALABRIA,079089,c_g272
G273,PALERMO,PALERMO,SICILIA,082053,c_g273
G274,PALESTRINA,ROMA,LAZIO,058074,c_g274
G275,PALESTRO,PAVIA,LOMBARDIA,018107,c_g275
G276,PALIANO,FROSINONE,LAZIO,060046,c_g276
G277,PALIZZI,REGGIO CALABRIA,CALABRIA,080056,c_g277
G278,PALLAGORIO,CROTONE,CALABRIA,101016,c_g278
G280,PALLANZENO,VERBANO-CUSIO-OSSOLA,PIEMONTE,103052,c_g280
G281,PALLARE,SAVONA,LIGURIA,009047,c_g281
G282,PALMA DI MONTECHIARO,AGRIGENTO,SICILIA,084027,c_g282
G283,PALMA CAMPANIA,NAPOLI,CAMPANIA,063052,c_g283
G284,PALMANOVA,UDINE,FRIULI VENEZIA GIULIA,030070,c_g284
G285,PALMARIGGI,LECCE,PUGLIA,075058,c_g285
G286,PALMAS ARBOREA,ORISTANO,SARDEGNA,095039,c_g286
G287,SAN GIOVANNI SUERGIU,SUD SARDEGNA,SARDEGNA,111063,c_g287
G288,PALMI,REGGIO CALABRIA,CALABRIA,080057,c_g288
G289,PALMIANO,ASCOLI PICENO,MARCHE,044056,c_g289
G290,PALMOLI,CHIETI,ABRUZZO,069061,c_g290
G291,PALO DEL COLLE,BARI,PUGLIA,072033,c_g291
G292,PALOMONTE,SALERNO,CAMPANIA,065089,c_g292
G293,PALOMBARA SABINA,ROMA,LAZIO,058075,c_g293
G294,PALOMBARO,CHIETI,ABRUZZO,069062,c_g294
G295,PALOSCO,BERGAMO,LOMBARDIA,016157,c_g295
G296,PALU' DEL FERSINA,TRENTO,TRENTINO ALTO ADIGE,022133,c_g296
G297,PALU',VERONA,VENETO,023056,c_g297
G298,PALUDI,COSENZA,CALABRIA,078089,c_g298
G299,PLAUS,BOLZANO,TRENTINO ALTO ADIGE,021064,c_g299
G300,PALUZZA,UDINE,FRIULI VENEZIA GIULIA,030071,c_g300
G302,PAMPARATO,CUNEO,PIEMONTE,004159,c_g302
G303,PANCALIERI,TORINO,PIEMONTE,001178,c_g303
G304,PANCARANA,PAVIA,LOMBARDIA,018108,c_g304
G305,PANCHIA',TRENTO,TRENTINO ALTO ADIGE,022134,c_g305
G306,PANDINO,CREMONA,LOMBARDIA,019067,c_g306
G307,PANETTIERI,COSENZA,CALABRIA,078090,c_g307
G308,PANICALE,PERUGIA,UMBRIA,054037,c_g308
G309,VILLARICCA,NAPOLI,CAMPANIA,063087,c_g309
G311,PANNARANO,BENEVENTO,CAMPANIA,062047,c_g311
G312,PANNI,FOGGIA,PUGLIA,071037,c_g312
G315,PANTELLERIA,TRAPANI,SICILIA,081014,c_g315
G316,PANTIGLIATE,MILANO,LOMBARDIA,015167,c_g316
G317,PAOLA,COSENZA,CALABRIA,078091,c_g317
G318,PAOLISI,BENEVENTO,CAMPANIA,062048,c_g318
G319,VALDERICE,TRAPANI,SICILIA,081022,c_g319
G320,PAPASIDERO,COSENZA,CALABRIA,078092,c_g320
G323,PAPOZZE,ROVIGO,VENETO,029034,c_g323
G324,PARABIAGO,MILANO,LOMBARDIA,015168,c_g324
G325,PARABITA,LECCE,PUGLIA,075059,c_g325
G327,PARATICO,BRESCIA,LOMBARDIA,017134,c_g327
G328,PARCINES,BOLZANO,TRENTINO ALTO ADIGE,021062,c_g328
G330,PARELLA,TORINO,PIEMONTE,001179,c_g330
G331,PARENTI,COSENZA,CALABRIA,078093,c_g331
G333,PARETE,CASERTA,CAMPANIA,061054,c_g333
G334,PARETO,ALESSANDRIA,PIEMONTE,006125,c_g334
G335,PARGHELIA,VIBO VALENTIA,CALABRIA,102026,c_g335
G336,PARLASCO,LECCO,LOMBARDIA,097064,c_g336
G337,PARMA,PARMA,EMILIA ROMAGNA,034027,c_g337
G338,PARODI LIGURE,ALESSANDRIA,PIEMONTE,006126,c_g338
G339,PAROLDO,CUNEO,PIEMONTE,004160,c_g339
G340,PAROLISE,AVELLINO,CAMPANIA,064069,c_g340
G342,PARONA,PAVIA,LOMBARDIA,018109,c_g342
G344,PARRANO,TERNI,UMBRIA,055025,c_g344
G346,PARRE,BERGAMO,LOMBARDIA,016158,c_g346
G347,PARTANNA,TRAPANI,SICILIA,081015,c_g347
G348,PARTINICO,PALERMO,SICILIA,082054,c_g348
G349,PARUZZARO,NOVARA,PIEMONTE,003114,c_g349
G350,PARZANICA,BERGAMO,LOMBARDIA,016159,c_g350
G352,PASIAN DI PRATO,UDINE,FRIULI VENEZIA GIULIA,030072,c_g352
G353,PASIANO DI PORDENONE,PORDENONE,FRIULI VENEZIA GIULIA,093029,c_g353
G354,PASPARDO,BRESCIA,LOMBARDIA,017135,c_g354
G358,PASSERANO MARMORITO,ASTI,PIEMONTE,005082,c_g358
G359,PASSIGNANO SUL TRASIMENO,PERUGIA,UMBRIA,054038,c_g359
G361,PASSIRANO,BRESCIA,LOMBARDIA,017136,c_g361
G362,PASTENA,FROSINONE,LAZIO,060047,c_g362
G364,PASTORANO,CASERTA,CAMPANIA,061055,c_g364
G365,PASTRENGO,VERONA,VENETO,023057,c_g365
G367,PASTURANA,ALESSANDRIA,PIEMONTE,006127,c_g367
G368,PASTURO,LECCO,LOMBARDIA,097065,c_g368
G370,PATERNOPOLI,AVELLINO,CAMPANIA,064070,c_g370
G371,PATERNO',CATANIA,SICILIA,087033,c_g371
G372,PATERNO CALABRO,COSENZA,CALABRIA,078094,c_g372
G374,PATRICA,FROSINONE,LAZIO,060048,c_g374
G376,PATTADA,SASSARI,SARDEGNA,090055,c_g376
G377,PATTI,MESSINA,SICILIA,083066,c_g377
G378,PATU',LECCE,PUGLIA,075060,c_g378
G379,PAU,ORISTANO,SARDEGNA,095040,c_g379
G381,PAULARO,UDINE,FRIULI VENEZIA GIULIA,030073,c_g381
G382,PAULI ARBAREI,SUD SARDEGNA,SARDEGNA,111053,c_g382
G383,SAN NICOLO' GERREI,SUD SARDEGNA,SARDEGNA,111064,c_g383
G384,PAULILATINO,ORISTANO,SARDEGNA,095041,c_g384
G385,PAULLO,MILANO,LOMBARDIA,015169,c_g385
G386,PAUPISI,BENEVENTO,CAMPANIA,062049,c_g386
G387,PAVAROLO,TORINO,PIEMONTE,001180,c_g387
G388,PAVIA,PAVIA,LOMBARDIA,018110,c_g388
G389,PAVIA DI UDINE,UDINE,FRIULI VENEZIA GIULIA,030074,c_g389
G391,PAVONE DEL MELLA,BRESCIA,LOMBARDIA,017137,c_g391
G392,PAVONE CANAVESE,TORINO,PIEMONTE,001181,c_g392
G393,PAVULLO NEL FRIGNANO,MODENA,EMILIA ROMAGNA,036030,c_g393
G394,PAZZANO,REGGIO CALABRIA,CALABRIA,080058,cp_390
G395,PECCIOLI,PISA,TOSCANA,050025,c_g395
G397,PECETTO DI VALENZA,ALESSANDRIA,PIEMONTE,006128,c_g397
G398,PECETTO TORINESE,TORINO,PIEMONTE,001183,c_g398
G402,PEDARA,CATANIA,SICILIA,087034,c_g402
G403,PEDASO,FERMO,MARCHE,109030,c_g403
G404,PEDAVENA,BELLUNO,VENETO,025036,c_g404
G406,PEDEMONTE,VICENZA,VENETO,024076,c_g406
G407,SAN PAOLO,BRESCIA,LOMBARDIA,017138,c_g407
G408,PEDEROBBA,TREVISO,VENETO,026056,c_g408
G410,PEDESINA,SONDRIO,LOMBARDIA,014047,c_g410
G411,PEDIVIGLIANO,COSENZA,CALABRIA,078096,c_g411
G412,PEDRENGO,BERGAMO,LOMBARDIA,016160,c_g412
G415,PEGLIO,COMO,LOMBARDIA,013178,c_g415
G416,PEGLIO,PESARO E URBINO,MARCHE,041041,c_g416
G417,PEGOGNAGA,MANTOVA,LOMBARDIA,020039,c_g417
G418,PEIA,BERGAMO,LOMBARDIA,016161,c_g418
G419,PEIO,TRENTO,TRENTINO ALTO ADIGE,022136,c_g419
G420,PELAGO,FIRENZE,TOSCANA,048032,c_g420
G421,PELLA,NOVARA,PIEMONTE,003115,c_g421
G424,PELLEGRINO PARMENSE,PARMA,EMILIA ROMAGNA,034028,c_g424
G426,PELLEZZANO,SALERNO,CAMPANIA,065090,c_g426
G428,PELLIZZANO,TRENTO,TRENTINO ALTO ADIGE,022137,c_g428
G429,PELUGO,TRENTO,TRENTINO ALTO ADIGE,022138,c_g429
G430,PENANGO,ASTI,PIEMONTE,005083,c_g430
G431,POGGIRIDENTI,SONDRIO,LOMBARDIA,014051,c_g431
G432,PENNA IN TEVERINA,TERNI,UMBRIA,055026,c_g432
G433,PENNABILLI,RIMINI,EMILIA ROMAGNA,099024,c_g433
G434,PENNADOMO,CHIETI,ABRUZZO,069063,c_g434
G435,PENNAPIEDIMONTE,CHIETI,ABRUZZO,069064,c_g435
G436,PENNA SAN GIOVANNI,MACERATA,MARCHE,043035,c_g436
G437,PENNA SANT'ANDREA,TERAMO,ABRUZZO,067033,c_g437
G438,PENNE,PESCARA,ABRUZZO,068027,c_g438
G439,PENTONE,CATANZARO,CALABRIA,079092,c_g439
G441,PERANO,CHIETI,ABRUZZO,069065,c_g441
G442,PERAROLO DI CADORE,BELLUNO,VENETO,025037,c_g442
G443,PERCA,BOLZANO,TRENTINO ALTO ADIGE,021063,c_eucu
G444,PERCILE,ROMA,LAZIO,058076,c_g444
G445,PERDASDEFOGU,NUORO,SARDEGNA,091072,c_g445
G446,PERDAXIUS,SUD SARDEGNA,SARDEGNA,111054,c_g446
G447,PERDIFUMO,SALERNO,CAMPANIA,065091,c_g447
G449,PERETO,AQUILA,ABRUZZO,066067,c_g449
G450,PERFUGAS,SASSARI,SARDEGNA,090056,c_g450
G452,PERGINE VALSUGANA,TRENTO,TRENTINO ALTO ADIGE,022139,c_g452
G453,PERGOLA,PESARO E URBINO,MARCHE,041043,c_g453
G454,PERINALDO,IMPERIA,LIGURIA,008040,c_g454
G455,PERITO,SALERNO,CAMPANIA,065092,c_g455
G456,PERLEDO,LECCO,LOMBARDIA,097067,c_g456
G457,PERLETTO,CUNEO,PIEMONTE,004161,C_G457
G458,PERLO,CUNEO,PIEMONTE,004162,c_g458
G459,PERLOZ,AOSTA,VALLE D'AOSTA,007048,c_g459
G461,PERNUMIA,PADOVA,VENETO,028061,c_g461
G462,PEROSA CANAVESE,TORINO,PIEMONTE,001185,c_g462
G463,PEROSA ARGENTINA,TORINO,PIEMONTE,001184,c_g463
G465,PERRERO,TORINO,PIEMONTE,001186,c_g465
G467,SAN GIOVANNI IN PERSICETO,BOLOGNA,EMILIA ROMAGNA,037053,c_g467
G469,PERSICO DOSIMO,CREMONA,LOMBARDIA,019068,c_g469
G471,PERTENGO,VERCELLI,PIEMONTE,002091,c_g471
G474,PERTICA ALTA,BRESCIA,LOMBARDIA,017139,c_g474
G475,PERTICA BASSA,BRESCIA,LOMBARDIA,017140,c_g475
G476,PERTOSA,SALERNO,CAMPANIA,065093,c_g476
G477,PERTUSIO,TORINO,PIEMONTE,001187,c_g477
G478,PERUGIA,PERUGIA,UMBRIA,054039,c_g478
G479,PESARO,PESARO E URBINO,MARCHE,041044,c_g479
G480,PESCAGLIA,LUCCA,TOSCANA,046022,c_g480
G481,PESCANTINA,VERONA,VENETO,023058,c_g481
G482,PESCARA,PESCARA,ABRUZZO,068028,c_g482
G483,PESCAROLO ED UNITI,CREMONA,LOMBARDIA,019069,c_g483
G484,PESCASSEROLI,AQUILA,ABRUZZO,066068,c_g484
G485,PESCATE,LECCO,LOMBARDIA,097068,c_g485
G486,PESCHE,ISERNIA,MOLISE,094031,c_g486
G487,PESCHICI,FOGGIA,PUGLIA,071038,c_g487
G488,PESCHIERA BORROMEO,MILANO,LOMBARDIA,015171,c_g488
G489,PESCHIERA DEL GARDA,VERONA,VENETO,023059,c_g489
G491,PESCIA,PISTOIA,TOSCANA,047012,c_g491
G492,PESCINA,AQUILA,ABRUZZO,066069,c_g492
G493,PESCOCOSTANZO,AQUILA,ABRUZZO,066070,c_g493
G494,PESCO SANNITA,BENEVENTO,CAMPANIA,062050,c_g494
G495,PESCOLANCIANO,ISERNIA,MOLISE,094032,c_g495
G496,PESCOPAGANO,POTENZA,BASILICATA,076058,c_g496
G497,PESCOPENNATARO,ISERNIA,MOLISE,094033,c_g497
G498,PESCOROCCHIANO,RIETI,LAZIO,057049,c_g498
G499,PESCOSANSONESCO,PESCARA,ABRUZZO,068029,c_g499
G500,PESCOSOLIDO,FROSINONE,LAZIO,060049,c_g500
G502,PESSANO CON BORNAGO,MILANO,LOMBARDIA,015172,pes_mi
G504,PESSINA CREMONESE,CREMONA,LOMBARDIA,019070,c_g504
G505,PESSINETTO,TORINO,PIEMONTE,001188,c_g505
G506,PETACCIATO,CAMPOBASSO,MOLISE,070051,c_g506
G507,TURANIA,RIETI,LAZIO,057071,c_g507
G508,PETILIA POLICASTRO,CROTONE,CALABRIA,101017,c_g508
G509,PETINA,SALERNO,CAMPANIA,065094,c_g509
G510,PETRALIA SOPRANA,PALERMO,SICILIA,082055,c_g510
G511,PETRALIA SOTTANA,PALERMO,SICILIA,082056,c_g511
G512,PETRELLA TIFERNINA,CAMPOBASSO,MOLISE,070052,c_g512
G513,PETRELLA SALTO,RIETI,LAZIO,057050,c_g513
G514,PETRIANO,PESARO E URBINO,MARCHE,041045,c_G514
G515,PETRIOLO,MACERATA,MARCHE,043036,c_g515
G516,PETRITOLI,FERMO,MARCHE,109031,c_g516
G517,PETRIZZI,CATANZARO,CALABRIA,079094,c_g517
G518,PETRONA',CATANZARO,CALABRIA,079095,c_g518
G519,PETRURO IRPINO,AVELLINO,CAMPANIA,064071,c_g519
G520,PETTENASCO,NOVARA,PIEMONTE,003116,c_g520
G521,PETTINENGO,BIELLA,PIEMONTE,096042,c_g521
G522,PETTINEO,MESSINA,SICILIA,083067,c_g522
G523,PETTORANELLO DEL MOLISE,ISERNIA,MOLISE,094034,c_g523
G524,PETTORANO SUL GIZIO,AQUILA,ABRUZZO,066071,c_g524
G525,PETTORAZZA GRIMANI,ROVIGO,VENETO,029035,c_g525
G526,PEVERAGNO,CUNEO,PIEMONTE,004163,c_g526
G528,PEZZANA,VERCELLI,PIEMONTE,002093,c_g528
G529,PEZZAZE,BRESCIA,LOMBARDIA,017141,c_g529
G532,PEZZOLO VALLE UZZONE,CUNEO,PIEMONTE,004164,c_g532
G534,PIACENZA D'ADIGE,PADOVA,VENETO,028062,c_g534
G535,PIACENZA,PIACENZA,EMILIA ROMAGNA,033032,c_g535
G538,PIAGGINE,SALERNO,CAMPANIA,065095,c_g538
G540,VALLE DELL'ANGELO,SALERNO,CAMPANIA,065153,c_g540
G541,PIANA DI MONTE VERNA,CASERTA,CAMPANIA,061056,c_g541
G542,PIANA CRIXIA,SAVONA,LIGURIA,009048,c_g542
G543,PIANA DEGLI ALBANESI,PALERMO,SICILIA,082057,c_g543
G545,PONTBOSET,AOSTA,VALLE D'AOSTA,007050,c_g545
G546,PIAN CAMUNO,BRESCIA,LOMBARDIA,017142,c_g546
G547,PIANCASTAGNAIO,SIENA,TOSCANA,052020,c_g547
G549,PIANCOGNO,BRESCIA,LOMBARDIA,017206,c_g549
G551,PIANDIMELETO,PESARO E URBINO,MARCHE,041047,c_g551
G553,PIANE CRATI,COSENZA,CALABRIA,078097,c_g553
G555,PIANELLA,PESCARA,ABRUZZO,068030,c_g555
G556,PIANELLO DEL LARIO,COMO,LOMBARDIA,013183,C_G556
G557,PIANELLO VAL TIDONE,PIACENZA,EMILIA ROMAGNA,033033,c_g557
G558,PIANENGO,CREMONA,LOMBARDIA,019072,c_g558
G559,PIANEZZA,TORINO,PIEMONTE,001189,c_g559
G560,PIANEZZE,VICENZA,VENETO,024077,c_g560
G561,PIANFEI,CUNEO,PIEMONTE,004165,c_g561
G564,PIANICO,BERGAMO,LOMBARDIA,016162,c_g564
G565,PIANIGA,VENEZIA,VENETO,027028,c_g565
G566,SAN BENEDETTO VAL DI SAMBRO,BOLOGNA,EMILIA ROMAGNA,037051,c_g566
G568,PIANO DI SORRENTO,NAPOLI,CAMPANIA,063053,c_g568
G570,PIANORO,BOLOGNA,EMILIA ROMAGNA,037047,c_g570
G571,PIANSANO,VITERBO,LAZIO,056043,c_g571
G572,PIANTEDO,SONDRIO,LOMBARDIA,014048,c_g572
G574,PIARIO,BERGAMO,LOMBARDIA,016163,c_g574
G575,PIASCO,CUNEO,PIEMONTE,004166,c_g575
G576,PIATEDA,SONDRIO,LOMBARDIA,014049,c_g576
G577,PIATTO,BIELLA,PIEMONTE,096043,c_g577
G579,PIAZZA BREMBANA,BERGAMO,LOMBARDIA,016164,c_g579
G580,PIAZZA ARMERINA,ENNA,SICILIA,086014,c_g580
G582,PIAZZA AL SERCHIO,LUCCA,TOSCANA,046023,c_g582
G583,PIAZZATORRE,BERGAMO,LOMBARDIA,016165,c_g583
G587,PIAZZOLA SUL BRENTA,PADOVA,VENETO,028063,c_g587
G588,PIAZZOLO,BERGAMO,LOMBARDIA,016166,c_g588
G589,PICCIANO,PESCARA,ABRUZZO,068031,c_g589
G590,PICERNO,POTENZA,BASILICATA,076059,c_g590
G591,PICINISCO,FROSINONE,LAZIO,060050,c_g591
G592,PICO,FROSINONE,LAZIO,060051,c_g592
G593,PIEA,ASTI,PIEMONTE,005084,c_g593
G594,PIEDICAVALLO,BIELLA,PIEMONTE,096044,c_g594
G596,PIEDIMONTE MATESE,CASERTA,CAMPANIA,061057,c_g596
G597,PIEDIMONTE ETNEO,CATANIA,SICILIA,087035,c_g597
G598,PIEDIMONTE SAN GERMANO,FROSINONE,LAZIO,060052,c_g598
G600,PIEDIMULERA,VERBANO-CUSIO-OSSOLA,PIEMONTE,103053,c_g600
G601,PIEGARO,PERUGIA,UMBRIA,054040,c_g601
G602,PIENZA,SIENA,TOSCANA,052021,c_g602
G603,PIERANICA,CREMONA,LOMBARDIA,019073,c_g603
G604,PIETRAMONTECORVINO,FOGGIA,PUGLIA,071039,c_g604
G605,PIETRA LIGURE,SAVONA,LIGURIA,009049,c_g605
G606,PIETRABBONDANTE,ISERNIA,MOLISE,094035,c_g606
G607,PIETRABRUNA,IMPERIA,LIGURIA,008041,c_g607
G608,PIETRACAMELA,TERAMO,ABRUZZO,067034,c_g608
G609,PIETRACATELLA,CAMPOBASSO,MOLISE,070053,c_g609
G610,PIETRACUPA,CAMPOBASSO,MOLISE,070054,c_g610
G611,PIETRADEFUSI,AVELLINO,CAMPANIA,064072,c_g611
G612,PIETRA DE' GIORGI,PAVIA,LOMBARDIA,018111,c_g612
G613,PIETRAFERRAZZANA,CHIETI,ABRUZZO,069103,c_g613
G614,SATRIANO DI LUCANIA,POTENZA,BASILICATA,076083,c_g614
G615,PIETRAFITTA,COSENZA,CALABRIA,078098,c_g615
G616,PIETRAGALLA,POTENZA,BASILICATA,076060,c_g616
G618,PIETRALUNGA,PERUGIA,UMBRIA,054041,c_g618
G619,PIETRA MARAZZI,ALESSANDRIA,PIEMONTE,006129,c_g619
G620,PIETRAMELARA,CASERTA,CAMPANIA,061058,c_g620
G621,PIETRANICO,PESCARA,ABRUZZO,068032,c_g621
G622,PIETRAPAOLA,COSENZA,CALABRIA,078099,c_g622
G623,PIETRAPERTOSA,POTENZA,BASILICATA,076061,c_g623
G624,PIETRAPERZIA,ENNA,SICILIA,086015,c_g624
G625,PIETRAPORZIO,CUNEO,PIEMONTE,004167,c_g625
G626,PIETRAROJA,BENEVENTO,CAMPANIA,062051,c_g626
G627,PIETRARUBBIA,PESARO E URBINO,MARCHE,041048,c_g627
G628,PIETRASANTA,LUCCA,TOSCANA,046024,c_g628
G629,PIETRASTORNINA,AVELLINO,CAMPANIA,064073,c_g629
G630,PIETRAVAIRANO,CASERTA,CAMPANIA,061059,c_g630
G631,PIETRELCINA,BENEVENTO,CAMPANIA,062052,c_g631
G632,PIEVE DI TECO,IMPERIA,LIGURIA,008042,c_g632
G634,PIEVE EMANUELE,MILANO,LOMBARDIA,015173,c_g634
G635,PIEVE ALBIGNOLA,PAVIA,LOMBARDIA,018112,c_g635
G636,PIEVE A NIEVOLE,PISTOIA,TOSCANA,047013,c_g636
G639,PIEVE DEL CAIRO,PAVIA,LOMBARDIA,018113,c_g639
G642,PIEVE DI CADORE,BELLUNO,VENETO,025039,c_g642
G643,PIEVE DI CENTO,BOLOGNA,EMILIA ROMAGNA,037048,c_g643
G645,PIEVE DI SOLIGO,TREVISO,VENETO,026057,c_g645
G646,PIEVE LIGURE,GENOVA,LIGURIA,010043,c_g646
G647,PIEVE D'OLMI,CREMONA,LOMBARDIA,019074,c_g647
G648,PIEVE FOSCIANA,LUCCA,TOSCANA,046025,c_g648
G649,PIEVEPELAGO,MODENA,EMILIA ROMAGNA,036031,c_g649
G650,PIEVE PORTO MORONE,PAVIA,LOMBARDIA,018114,c_g650
G651,PIEVE SAN GIACOMO,CREMONA,LOMBARDIA,019075,c_g651
G653,PIEVE SANTO STEFANO,AREZZO,TOSCANA,051030,c_g653
G656,PIEVE TESINO,TRENTO,TRENTINO ALTO ADIGE,022142,c_g656
G657,PIEVE TORINA,MACERATA,MARCHE,043038,c_g657
G658,PIEVE VERGONTE,VERBANO-CUSIO-OSSOLA,PIEMONTE,103054,c_g658
G659,PIGLIO,FROSINONE,LAZIO,060053,c_g659
G660,PIGNA,IMPERIA,LIGURIA,008043,c_g660
G661,PIGNATARO MAGGIORE,CASERTA,CAMPANIA,061060,C_G661
G662,PIGNATARO INTERAMNA,FROSINONE,LAZIO,060054,c_g662
G663,PIGNOLA,POTENZA,BASILICATA,076062,c_g663
G664,PIGNONE,LA SPEZIA,LIGURIA,011021,c_g664
G665,PIGRA,COMO,LOMBARDIA,013184,c_g665
G666,PILA,VERCELLI,PIEMONTE,002096,c_g666
G669,PIMENTEL,SUD SARDEGNA,SARDEGNA,111055,c_g669
G670,PIMONTE,NAPOLI,CAMPANIA,063054,c_g670
G671,PINAROLO PO,PAVIA,LOMBARDIA,018115,c_g671
G672,PINASCA,TORINO,PIEMONTE,001190,c_g672
G673,PINCARA,ROVIGO,VENETO,029036,c_g673
G674,PINEROLO,TORINO,PIEMONTE,001191,c_g674
G676,PINO D'ASTI,ASTI,PIEMONTE,005085,C_G676
G678,PINO TORINESE,TORINO,PIEMONTE,001192,c_g678
G680,PINZANO AL TAGLIAMENTO,PORDENONE,FRIULI VENEZIA GIULIA,093030,c_g680
G681,PINZOLO,TRENTO,TRENTINO ALTO ADIGE,022143,c_g681
G682,PIOBBICO,PESARO E URBINO,MARCHE,041049,c_g682
G683,PIOBESI D'ALBA,CUNEO,PIEMONTE,004168,c_g683
G684,PIOBESI TORINESE,TORINO,PIEMONTE,001193,c_g684
G685,PIODE,VERCELLI,PIEMONTE,002097,c_g685
G686,PIOLTELLO,MILANO,LOMBARDIA,015175,c_g686
G687,PIOMBINO,LIVORNO,TOSCANA,049012,c_g687
G688,PIOMBINO DESE,PADOVA,VENETO,028064,c_g688
G690,PIORACO,MACERATA,MARCHE,043039,c_g690
G691,PIOSSASCO,TORINO,PIEMONTE,001194,c_g691
G692,PIOVA' MASSAIA,ASTI,PIEMONTE,005086,c_g692
G693,PIOVE DI SACCO,PADOVA,VENETO,028065,c_g693
G694,PIOVENE ROCCHETTE,VICENZA,VENETO,024078,c_g694
G696,PIOZZANO,PIACENZA,EMILIA ROMAGNA,033034,c_g696
G697,PIOZZO,CUNEO,PIEMONTE,004169,c_g697
G698,PRIVERNO,LATINA,LAZIO,059019,c_g698
G699,PIRAINO,MESSINA,SICILIA,083068,c_g699
G702,PISA,PISA,TOSCANA,050026,c_g702
G703,PISANO,NOVARA,PIEMONTE,003119,c_g703
G704,PISONIANO,ROMA,LAZIO,058077,c_g704
G705,PISCINA,TORINO,PIEMONTE,001195,c_g705
G707,PISCIOTTA,SALERNO,CAMPANIA,065096,c_g707
G710,PISOGNE,BRESCIA,LOMBARDIA,017143,c_g710
G712,PISTICCI,MATERA,BASILICATA,077020,c_g712
G713,PISTOIA,PISTOIA,TOSCANA,047014,c_g713
G716,PITIGLIANO,GROSSETO,TOSCANA,053019,c_g716
G717,PIUBEGA,MANTOVA,LOMBARDIA,020041,c_g717
G718,PIURO,SONDRIO,LOMBARDIA,014050,c_g718
G719,PIVERONE,TORINO,PIEMONTE,001196,c_g719
G720,PIZZALE,PAVIA,LOMBARDIA,018116,c_g720
G721,PIZZIGHETTONE,CREMONA,LOMBARDIA,019076,c_g721
G722,PIZZO,VIBO VALENTIA,CALABRIA,102027,c_g722
G724,PIZZOFERRATO,CHIETI,ABRUZZO,069066,c_g724
G726,PIZZOLI,AQUILA,ABRUZZO,066072,c_g726
G727,PIZZONE,ISERNIA,MOLISE,094036,c_g727
G728,PIZZONI,VIBO VALENTIA,CALABRIA,102028,c_g728
G729,PLACANICA,REGGIO CALABRIA,CALABRIA,080059,c_g729
G733,PLATACI,COSENZA,CALABRIA,078100,c_g733
G734,PLATANIA,CATANZARO,CALABRIA,079099,c_g734
G735,PLATI',REGGIO CALABRIA,CALABRIA,080060,c_g735
G736,TAIPANA,UDINE,FRIULI VENEZIA GIULIA,030113,c_g736
G737,PLESIO,COMO,LOMBARDIA,013185,c_g737
G740,PLOAGHE,SASSARI,SARDEGNA,090057,c_g740
G741,PLODIO,SAVONA,LIGURIA,009050,c_g741
G742,POCAPAGLIA,CUNEO,PIEMONTE,004170,c_g742
G743,POCENIA,UDINE,FRIULI VENEZIA GIULIA,030075,c_g743
G746,PODENZANA,MASSA-CARRARA,TOSCANA,045013,c_g746
G747,PODENZANO,PIACENZA,EMILIA ROMAGNA,033035,c_g747
G749,POFI,FROSINONE,LAZIO,060055,c_g749
G751,POGGIARDO,LECCE,PUGLIA,075061,c_g751
G752,POGGIBONSI,SIENA,TOSCANA,052022,c_g752
G753,POGGIO RUSCO,MANTOVA,LOMBARDIA,020042,c_g753
G754,POGGIO A CAIANO,PRATO,TOSCANA,100004,c_g754
G756,POGGIO BUSTONE,RIETI,LAZIO,057051,c_g756
G757,POGGIO CATINO,RIETI,LAZIO,057052,c_g757
G758,POGGIODOMO,PERUGIA,UMBRIA,054042,c_g758
G760,POGGIOFIORITO,CHIETI,ABRUZZO,069067,c_g760
G761,POGGIO IMPERIALE,FOGGIA,PUGLIA,071040,c_g761
G762,POGGIOMARINO,NAPOLI,CAMPANIA,063055,c_g762
G763,POGGIO MIRTETO,RIETI,LAZIO,057053,c_g763
G764,POGGIO MOIANO,RIETI,LAZIO,057054,c_g764
G765,POGGIO NATIVO,RIETI,LAZIO,057055,c_g765
G766,POGGIO PICENZE,AQUILA,ABRUZZO,066073,c_g766
G767,POGGIOREALE,TRAPANI,SICILIA,081016,c_g767
G768,POGGIO RENATICO,FERRARA,EMILIA ROMAGNA,038018,c_g768
G769,POGGIORSINI,BARI,PUGLIA,072034,c_g769
G770,POGGIO SAN LORENZO,RIETI,LAZIO,057056,c_g770
G771,POGGIO SAN MARCELLO,ANCONA,MARCHE,042037,c_g771
G772,POGLIANO MILANESE,MILANO,LOMBARDIA,015176,c_g772
G773,POGNANA LARIO,COMO,LOMBARDIA,013186,c_g773
G774,POGNANO,BERGAMO,LOMBARDIA,016167,c_g774
G775,POGNO,NOVARA,PIEMONTE,003120,c_g775
G776,POJANA MAGGIORE,VICENZA,VENETO,024079,c_g776
G777,POIRINO,TORINO,PIEMONTE,001197,c_g777
G779,POLAVENO,BRESCIA,LOMBARDIA,017144,c_g779
G780,POLCENIGO,PORDENONE,FRIULI VENEZIA GIULIA,093031,c_g780
G782,POLESELLA,ROVIGO,VENETO,029037,c_g782
G784,POLI,ROMA,LAZIO,058078,c_g784
G785,POLIA,VIBO VALENTIA,CALABRIA,102029,c_g785
G786,POLICORO,MATERA,BASILICATA,077021,c_g786
G787,POLIGNANO A MARE,BARI,PUGLIA,072035,c_g787
G788,SAN PIETRO IN CERRO,PIACENZA,EMILIA ROMAGNA,033041,c_g788
G789,POLINAGO,MODENA,EMILIA ROMAGNA,036032,c_g789
G790,POLINO,TERNI,UMBRIA,055027,c_g790
G791,POLISTENA,REGGIO CALABRIA,CALABRIA,080061,c_g791
G792,POLIZZI GENEROSA,PALERMO,SICILIA,082058,c_g792
G793,POLLA,SALERNO,CAMPANIA,065097,c_g793
G794,POLLEIN,AOSTA,VALLE D'AOSTA,007049,c_g794
G795,POLLENA TROCCHIA,NAPOLI,CAMPANIA,063056,c_g795
G796,POLLICA,SALERNO,CAMPANIA,065098,c_g796
G797,POLLINA,PALERMO,SICILIA,082059,c_l519
G798,POLLONE,BIELLA,PIEMONTE,096046,c_g798
G799,POLLUTRI,CHIETI,ABRUZZO,069068,c_g799
G800,POLONGHERA,CUNEO,PIEMONTE,004171,c_g800
G801,POLPENAZZE DEL GARDA,BRESCIA,LOMBARDIA,017145,c_g801
G802,POLVERARA,PADOVA,VENETO,028066,c_g802
G803,POLVERIGI,ANCONA,MARCHE,042038,c_g803
G804,POMARANCE,PISA,TOSCANA,050027,c_g804
G805,POMARETTO,TORINO,PIEMONTE,001198,c_g805
G806,POMARICO,MATERA,BASILICATA,077022,c_g806
G807,POMARO MONFERRATO,ALESSANDRIA,PIEMONTE,006131,c_g807
G808,POMAROLO,TRENTO,TRENTINO ALTO ADIGE,022144,c_g808
G809,POMBIA,NOVARA,PIEMONTE,003121,c_g809
G811,POMEZIA,ROMA,LAZIO,058079,c_g811
G812,POMIGLIANO D'ARCO,NAPOLI,CAMPANIA,063057,c_g812
G813,POMPEI,NAPOLI,CAMPANIA,063058,c_g813
G814,POMPEIANA,IMPERIA,LIGURIA,008044,c_g814
G815,POMPIANO,BRESCIA,LOMBARDIA,017146,c_g815
G816,POMPONESCO,MANTOVA,LOMBARDIA,020043,c_g816
G817,POMPU,ORISTANO,SARDEGNA,095042,c_g817
G818,PONCARALE,BRESCIA,LOMBARDIA,017147,c_g818
G820,PONDERANO,BIELLA,PIEMONTE,096047,c_g820
G821,PONNA,COMO,LOMBARDIA,013187,C_G821
G822,PONSACCO,PISA,TOSCANA,050028,c_g822
G823,PONSO,PADOVA,VENETO,028067,c_g823
G825,PONTASSIEVE,FIRENZE,TOSCANA,048033,c_g825
G826,PONT CANAVESE,TORINO,PIEMONTE,001199,c_g826
G827,PONTE,BENEVENTO,CAMPANIA,062053,c_g827
G829,PONTE IN VALTELLINA,SONDRIO,LOMBARDIA,014052,c_g829
G830,PONTE GARDENA,BOLZANO,TRENTINO ALTO ADIGE,021065,c_g830
G831,PONTEBBA,UDINE,FRIULI VENEZIA GIULIA,030076,c_g831
G833,PONTE BUGGIANESE,PISTOIA,TOSCANA,047016,c_g833
G834,PONTECAGNANO FAIANO,SALERNO,CAMPANIA,065099,c_g834
G836,PONTECCHIO POLESINE,ROVIGO,VENETO,029038,c_g836
G837,PONTECHIANALE,CUNEO,PIEMONTE,004172,c_g837
G838,PONTECORVO,FROSINONE,LAZIO,060056,c_g838
G839,PONTECURONE,ALESSANDRIA,PIEMONTE,006132,c_g839
G840,PONTEDASSIO,IMPERIA,LIGURIA,008045,c_g840
G842,PONTE DELL'OLIO,PIACENZA,EMILIA ROMAGNA,033036,c_g842
G843,PONTEDERA,PISA,TOSCANA,050029,c_g843
G844,PONTE DI LEGNO,BRESCIA,LOMBARDIA,017148,c_g844
G846,PONTE DI PIAVE,TREVISO,VENETO,026058,c_g846
G847,PONTE LAMBRO,COMO,LOMBARDIA,013188,c_g847
G848,PONTELANDOLFO,BENEVENTO,CAMPANIA,062054,c_g848
G849,PONTELATONE,CASERTA,CAMPANIA,061061,c_g849
G850,PONTELONGO,PADOVA,VENETO,028068,c_g850
G851,PONTE NIZZA,PAVIA,LOMBARDIA,018117,c_g851
G852,PONTENURE,PIACENZA,EMILIA ROMAGNA,033037,c_g852
G853,PONTERANICA,BERGAMO,LOMBARDIA,016169,c_g853
G854,PONT-SAINT-MARTIN,AOSTA,VALLE D'AOSTA,007052,c_g854
G855,PONTE SAN NICOLO',PADOVA,VENETO,028069,c_g855
G856,PONTE SAN PIETRO,BERGAMO,LOMBARDIA,016170,c_g856
G858,PONTESTURA,ALESSANDRIA,PIEMONTE,006133,c_g858
G859,PONTEVICO,BRESCIA,LOMBARDIA,017149,c_g859
G860,PONTEY,AOSTA,VALLE D'AOSTA,007051,c_g860
G861,PONTI,ALESSANDRIA,PIEMONTE,006134,c_g861
G862,PONTI SUL MINCIO,MANTOVA,LOMBARDIA,020044,c_g862
G864,PONTIDA,BERGAMO,LOMBARDIA,016171,c_g864
G865,PONTINIA,LATINA,LAZIO,059017,c_g865
G866,PONTINVREA,SAVONA,LIGURIA,009051,c_g866
G867,PONTIROLO NUOVO,BERGAMO,LOMBARDIA,016172,c_g867
G869,PONTOGLIO,BRESCIA,LOMBARDIA,017150,c_g869
G870,PONTREMOLI,MASSA-CARRARA,TOSCANA,045014,c_g870
G871,PONZA,LATINA,LAZIO,059018,c_g871
G872,PONZANO MONFERRATO,ALESSANDRIA,PIEMONTE,006135,c_g872
G873,PONZANO DI FERMO,FERMO,MARCHE,109032,c_g873
G874,PONZANO ROMANO,ROMA,LAZIO,058080,c_g874
G875,PONZANO VENETO,TREVISO,VENETO,026059,c_g875
G877,PONZONE,ALESSANDRIA,PIEMONTE,006136,c_g877
G878,POPOLI TERME,PESCARA,ABRUZZO,068033,c_g878
G879,POPPI,AREZZO,TOSCANA,051031,c_g879
G881,PORANO,TERNI,UMBRIA,055028,c_g881
G882,PORCARI,LUCCA,TOSCANA,046026,c_g882
G886,PORCIA,PORDENONE,FRIULI VENEZIA GIULIA,093032,c_g886
G887,STELLA CILENTO,SALERNO,CAMPANIA,065144,c_g887
G888,PORDENONE,PORDENONE,FRIULI VENEZIA GIULIA,093033,c_g888
G889,PORLEZZA,COMO,LOMBARDIA,013189,c_g889
G890,PORNASSIO,IMPERIA,LIGURIA,008046,c_g890
G891,PORPETTO,UDINE,FRIULI VENEZIA GIULIA,030077,c_g891
G894,PORTACOMARO,ASTI,PIEMONTE,005087,c_g894
G895,PORTALBERA,PAVIA,LOMBARDIA,018118,c_g895
G900,PORTE,TORINO,PIEMONTE,001200,c_g900
G902,PORTICI,NAPOLI,CAMPANIA,063059,c_g902
G903,PORTICO DI CASERTA,CASERTA,CAMPANIA,061062,c_g903
G904,PORTICO E SAN BENEDETTO,FORLI,EMILIA ROMAGNA,040031,c_g904
G905,PORTIGLIOLA,REGGIO CALABRIA,CALABRIA,080062,c_g905
G906,PORTO CERESIO,VARESE,LOMBARDIA,012113,c_g906
G907,PORTO VALTRAVAGLIA,VARESE,LOMBARDIA,012114,c_g907
G909,PORTOBUFFOLE',TREVISO,VENETO,026060,c_g909
G910,PORTOCANNONE,CAMPOBASSO,MOLISE,070055,c_g910
G912,PORTOFERRAIO,LIVORNO,TOSCANA,049014,c_g912
G913,PORTOFINO,GENOVA,LIGURIA,010044,c_g913
G914,PORTOGRUARO,VENEZIA,VENETO,027029,c_g914
G916,PORTOMAGGIORE,FERRARA,EMILIA ROMAGNA,038019,c_g916
G917,PORTO MANTOVANO,MANTOVA,LOMBARDIA,020045,c_g917
G919,PORTO RECANATI,MACERATA,MARCHE,043042,c_g919
G920,PORTO SAN GIORGIO,FERMO,MARCHE,109033,c_g920
G921,PORTO SANT'ELPIDIO,FERMO,MARCHE,109034,c_g921
G922,PORTOSCUSO,SUD SARDEGNA,SARDEGNA,111057,c_g922
G923,PORTO TOLLE,ROVIGO,VENETO,029039,c_g923
G924,PORTO TORRES,SASSARI,SARDEGNA,090058,c_g924
G925,PORTOVENERE,LA SPEZIA,LIGURIA,011022,c_g925
G926,PORTO VIRO,ROVIGO,VENETO,029052,c_g926
G927,PORTULA,BIELLA,PIEMONTE,096048,c_g927
G929,POSADA,NUORO,SARDEGNA,091073,c_g929
G931,POSINA,VICENZA,VENETO,024080,c_g931
G932,POSITANO,SALERNO,CAMPANIA,065100,c_g932
G933,POSSAGNO,TREVISO,VENETO,026061,c_g933
G934,POSTA,RIETI,LAZIO,057057,c_g934
G935,POSTA FIBRENO,FROSINONE,LAZIO,060057,c_g935
G936,POSTAL,BOLZANO,TRENTINO ALTO ADIGE,021066,c_g936
G937,POSTALESIO,SONDRIO,LOMBARDIA,014053,c_g937
G939,POSTIGLIONE,SALERNO,CAMPANIA,065101,c_g939
G940,POSTUA,VERCELLI,PIEMONTE,002102,c_g940
G942,POTENZA,POTENZA,BASILICATA,076063,c_g942
G943,POVE DEL GRAPPA,VICENZA,VENETO,024081,c_g943
G944,POVEGLIANO,TREVISO,VENETO,026062,c_g944
G945,POVEGLIANO VERONESE,VERONA,VENETO,023060,c_g945
G947,POVIGLIO,REGGIO EMILIA,EMILIA ROMAGNA,035029,C_G947
G949,POVOLETTO,UDINE,FRIULI VENEZIA GIULIA,030078,c_g949
G951,POZZAGLIA SABINA,RIETI,LAZIO,057058,c_g951
G953,POZZALLO,RAGUSA,SICILIA,088008,c_g953
G954,POZZILLI,ISERNIA,MOLISE,094038,c_g954
G955,POZZO D'ADDA,MILANO,LOMBARDIA,015177,c_g955
G957,POZZOLEONE,VICENZA,VENETO,024082,c_g957
G959,POZZOLENGO,BRESCIA,LOMBARDIA,017151,c_g959
G960,POZZOL GROPPO,ALESSANDRIA,PIEMONTE,006137,c_g960
G961,POZZOLO FORMIGARO,ALESSANDRIA,PIEMONTE,006138,c_g961
G962,POZZOMAGGIORE,SASSARI,SARDEGNA,090059,c_g962
G963,POZZONOVO,PADOVA,VENETO,028070,c_g963
G964,POZZUOLI,NAPOLI,CAMPANIA,063060,c_g964
G965,POZZUOLO MARTESANA,MILANO,LOMBARDIA,015178,c_g965
G966,POZZUOLO DEL FRIULI,UDINE,FRIULI VENEZIA GIULIA,030079,c_g966
G968,PRADALUNGA,BERGAMO,LOMBARDIA,016173,c_g968
G969,PRADAMANO,UDINE,FRIULI VENEZIA GIULIA,030080,c_g969
G970,PRADLEVES,CUNEO,PIEMONTE,004173,c_g970
G972,SASSO MARCONI,BOLOGNA,EMILIA ROMAGNA,037057,c_g972
G973,PRAGELATO,TORINO,PIEMONTE,001201,c_g973
G974,PRAY,BIELLA,PIEMONTE,096050,c_g974
G975,PRAIA A MARE,COSENZA,CALABRIA,078101,c_g975
G976,PRAIANO,SALERNO,CAMPANIA,065102,c_g976
G977,PRALBOINO,BRESCIA,LOMBARDIA,017152,c_g977
G978,PRALI,TORINO,PIEMONTE,001202,c_g978
G979,PRALORMO,TORINO,PIEMONTE,001203,C_G979
G980,PRALUNGO,BIELLA,PIEMONTE,096049,c_g980
G981,PRAMAGGIORE,VENEZIA,VENETO,027030,C_G981
G982,PRAMOLLO,TORINO,PIEMONTE,001204,c_g982
G985,PRAROLO,VERCELLI,PIEMONTE,002104,c_g985
G986,PRAROSTINO,TORINO,PIEMONTE,001205,c_g986
G987,PRASCO,ALESSANDRIA,PIEMONTE,006139,c_g987
G988,PRASCORSANO,TORINO,PIEMONTE,001206,c_g988
G990,PRATA DI PRINCIPATO ULTRA,AVELLINO,CAMPANIA,064074,c_g990
G991,PRATA SANNITA,CASERTA,CAMPANIA,061063,c_g991
G992,PRATA D'ANSIDONIA,AQUILA,ABRUZZO,066074,c_G992
G993,PRATA CAMPORTACCIO,SONDRIO,LOMBARDIA,014054,c_g993
G994,PRATA DI PORDENONE,PORDENONE,FRIULI VENEZIA GIULIA,093034,c_g994
G995,PRATELLA,CASERTA,CAMPANIA,061064,c_g995
G997,PRATIGLIONE,TORINO,PIEMONTE,001207,c_g997
G999,PRATO,PRATO,TOSCANA,100005,c_g999
H001,PRATO SESIA,NOVARA,PIEMONTE,003122,c_h001
H002,PRATO CARNICO,UDINE,FRIULI VENEZIA GIULIA,030081,c_h002
H004,PRATO ALLO STELVIO,BOLZANO,TRENTINO ALTO ADIGE,021067,c_h004
H006,PRATOLA SERRA,AVELLINO,CAMPANIA,064075,c_h006
H007,PRATOLA PELIGNA,AQUILA,ABRUZZO,066075,c_h007
H010,PRAVISDOMINI,PORDENONE,FRIULI VENEZIA GIULIA,093035,c_h010
H011,PRAZZO,CUNEO,PIEMONTE,004174,c_h011
H013,SAMO,REGGIO CALABRIA,CALABRIA,080070,c_h013
H014,PRECENICCO,UDINE,FRIULI VENEZIA GIULIA,030082,c_h014
H015,PRECI,PERUGIA,UMBRIA,054043,c_h015
H017,PREDAPPIO,FORLI,EMILIA ROMAGNA,040032,c_h017
H018,PREDAZZO,TRENTO,TRENTINO ALTO ADIGE,022147,c_h018
H019,PREDOI,BOLZANO,TRENTINO ALTO ADIGE,021068,c_h019
H020,PREDORE,BERGAMO,LOMBARDIA,016174,c_h020
H021,PREDOSA,ALESSANDRIA,PIEMONTE,006140,c_h021
H022,PREGANZIOL,TREVISO,VENETO,026063,c_h022
H026,PREGNANA MILANESE,MILANO,LOMBARDIA,015179,c_h026
H027,PRELA',IMPERIA,LIGURIA,008047,c_h027
H028,PREMANA,LECCO,LOMBARDIA,097069,c_h028
H029,PREMARIACCO,UDINE,FRIULI VENEZIA GIULIA,030083,c_h029
H030,PREMENO,VERBANO-CUSIO-OSSOLA,PIEMONTE,103055,c_h030
H033,PREMIA,VERBANO-CUSIO-OSSOLA,PIEMONTE,103056,c_h033
H034,PREMILCUORE,FORLI,EMILIA ROMAGNA,040033,c_h034
H036,PREMOLO,BERGAMO,LOMBARDIA,016175,c_h036
H037,PREMOSELLO-CHIOVENDA,VERBANO-CUSIO-OSSOLA,PIEMONTE,103057,c_h037
H038,PREONE,UDINE,FRIULI VENEZIA GIULIA,030084,C_H038
H040,PREPOTTO,UDINE,FRIULI VENEZIA GIULIA,030085,c_h040
H042,PRE'-SAINT-DIDIER,AOSTA,VALLE D'AOSTA,007053,c_h042
H043,PRESEGLIE,BRESCIA,LOMBARDIA,017153,c_h043
H045,PRESENZANO,CASERTA,CAMPANIA,061065,c_h045
H046,PRESEZZO,BERGAMO,LOMBARDIA,016176,c_h046
H048,PRESSANA,VERONA,VENETO,023061,c_h048
H052,PRETORO,CHIETI,ABRUZZO,069069,c_h052
H055,PREVALLE,BRESCIA,LOMBARDIA,017155,c_h055
H056,PREZZA,AQUILA,ABRUZZO,066076,c_h056
H059,PRIERO,CUNEO,PIEMONTE,004175,c_h059
H061,PRIGNANO SULLA SECCHIA,MODENA,EMILIA ROMAGNA,036033,c_h061
H062,PRIGNANO CILENTO,SALERNO,CAMPANIA,065103,c_h062
H063,PRIMALUNA,LECCO,LOMBARDIA,097070,c_h063
H068,PRIOCCA,CUNEO,PIEMONTE,004176,c_h068
H069,PRIOLA,CUNEO,PIEMONTE,004177,c_h069
H070,PRIZZI,PALERMO,SICILIA,082060,c_h070
H071,PROCENO,VITERBO,LAZIO,056044,c_h071
H072,PROCIDA,NAPOLI,CAMPANIA,063061,c_h072
H073,PROPATA,GENOVA,LIGURIA,010045,c_h073
H074,PROSERPIO,COMO,LOMBARDIA,013192,c_h074
H076,PROSSEDI,LATINA,LAZIO,059020,c_h076
H077,PROVAGLIO VAL SABBIA,BRESCIA,LOMBARDIA,017157,c_h077
H078,PROVAGLIO D'ISEO,BRESCIA,LOMBARDIA,017156,C_H078
H081,PROVES,BOLZANO,TRENTINO ALTO ADIGE,021069,c_l971c
H083,PROVVIDENTI,CAMPOBASSO,MOLISE,070056,c_h083
H085,PRUNETTO,CUNEO,PIEMONTE,004178,c_h085
H086,PUEGNAGO DEL GARDA,BRESCIA,LOMBARDIA,017158,pueg_bs
H087,PUGLIANELLO,BENEVENTO,CAMPANIA,062055,c_h087
H088,PULA,CITTA' METROPOLITANA DI CAGLIARI,SARDEGNA,092050,c_h088
H089,PULFERO,UDINE,FRIULI VENEZIA GIULIA,030086,c_h089
H090,PULSANO,TARANTO,PUGLIA,073022,c_h090
H091,PUMENENGO,BERGAMO,LOMBARDIA,016177,c_h091
H094,PUSIANO,COMO,LOMBARDIA,013193,c_h094
H095,PUTIFIGARI,SASSARI,SARDEGNA,090060,c_h095
H096,PUTIGNANO,BARI,PUGLIA,072036,c_h096
H097,QUADRELLE,AVELLINO,CAMPANIA,064076,c_h097
H098,QUADRI,CHIETI,ABRUZZO,069070,c_h098
H100,QUAGLIUZZO,TORINO,PIEMONTE,001208,c_h100
H101,QUALIANO,NAPOLI,CAMPANIA,063062,c_h101
H102,QUARANTI,ASTI,PIEMONTE,005088,c_h102
H104,QUARGNENTO,ALESSANDRIA,PIEMONTE,006141,c_h104
H106,QUARNA SOPRA,VERBANO-CUSIO-OSSOLA,PIEMONTE,103058,c_h106
H107,QUARNA SOTTO,VERBANO-CUSIO-OSSOLA,PIEMONTE,103059,c_h107
H108,QUARONA,VERCELLI,PIEMONTE,002107,c_h108
H109,QUARRATA,PISTOIA,TOSCANA,047017,c_h109
H110,QUART,AOSTA,VALLE D'AOSTA,007054,c_h110
H114,QUARTO,NAPOLI,CAMPANIA,063063,c_h114
H117,QUARTO D'ALTINO,VENEZIA,VENETO,027031,c_h117
H118,QUARTU SANT'ELENA,CITTA' METROPOLITANA DI CAGLIARI,SARDEGNA,092051,c_h118
H119,QUARTUCCIU,CITTA' METROPOLITANA DI CAGLIARI,SARDEGNA,092105,c_h119
H120,QUASSOLO,TORINO,PIEMONTE,001209,c_h120
H121,QUATTORDIO,ALESSANDRIA,PIEMONTE,006142,c_h121
H122,QUATTRO CASTELLA,REGGIO EMILIA,EMILIA ROMAGNA,035030,c_h122
H126,QUILIANO,SAVONA,LIGURIA,009052,c_h126
H127,QUINCINETTO,TORINO,PIEMONTE,001210,c_h127
H128,QUINDICI,AVELLINO,CAMPANIA,064077,c_h128
H129,QUINGENTOLE,MANTOVA,LOMBARDIA,020046,c_h129
H130,QUINTANO,CREMONA,LOMBARDIA,019078,c_h130
H131,QUINTO DI TREVISO,TREVISO,VENETO,026064,c_h131
H132,QUINTO VERCELLESE,VERCELLI,PIEMONTE,002108,c_h132
H134,QUINTO VICENTINO,VICENZA,VENETO,024083,c_h134
H140,QUINZANO D'OGLIO,BRESCIA,LOMBARDIA,017159,c_h140
H143,QUISTELLO,MANTOVA,LOMBARDIA,020047,c_h143
H146,RABBI,TRENTO,TRENTINO ALTO ADIGE,022150,c_h146
H147,RACALE,LECCE,PUGLIA,075063,c_h147
H148,RACALMUTO,AGRIGENTO,SICILIA,084029,c_h148
H150,RACCONIGI,CUNEO,PIEMONTE,004179,c_h150
H151,RACCUJA,MESSINA,SICILIA,083069,c_h151
H152,RACINES,BOLZANO,TRENTINO ALTO ADIGE,021070,c_h152
H153,RADDA IN CHIANTI,SIENA,TOSCANA,052023,c_h153
H154,RADDUSA,CATANIA,SICILIA,087036,c_h154
H156,RADICOFANI,SIENA,TOSCANA,052024,c_h156
H157,RADICONDOLI,SIENA,TOSCANA,052025,c_h157
H159,RAFFADALI,AGRIGENTO,SICILIA,084030,c_h159
H161,RAGOGNA,UDINE,FRIULI VENEZIA GIULIA,030087,c_h161
H163,RAGUSA,RAGUSA,SICILIA,088009,c_h163
H165,RUVIANO,CASERTA,CAMPANIA,061073,c_h165
H166,RAIANO,AQUILA,ABRUZZO,066077,c_h166
H168,RAMACCA,CATANIA,SICILIA,087037,c_h168
H173,RANCIO VALCUVIA,VARESE,LOMBARDIA,012115,c_h173b
H174,RANCO,VARESE,LOMBARDIA,012116,c_h174
H175,RANDAZZO,CATANIA,SICILIA,087038,c_h175
H176,RANICA,BERGAMO,LOMBARDIA,016178,c_h176
H177,RANZANICO,BERGAMO,LOMBARDIA,016179,c_h177
H180,RANZO,IMPERIA,LIGURIA,008048,c_h180
H182,RAPAGNANO,FERMO,MARCHE,109035,c_h182
H183,RAPALLO,GENOVA,LIGURIA,010046,c_h183
H184,RAPINO,CHIETI,ABRUZZO,069071,c_h184
H185,RAPOLANO TERME,SIENA,TOSCANA,052026,c_h185
H186,RAPOLLA,POTENZA,BASILICATA,076064,c_h186
H187,RAPONE,POTENZA,BASILICATA,076065,c_h187
H188,RASSA,VERCELLI,PIEMONTE,002110,c_h188
H189,RASUN-ANTERSELVA,BOLZANO,TRENTINO ALTO ADIGE,021071,c_h189
H192,RASURA,SONDRIO,LOMBARDIA,014055,c_h192
H194,RAVANUSA,AGRIGENTO,SICILIA,084031,c_h194
H195,RAVARINO,MODENA,EMILIA ROMAGNA,036034,c_h195
H196,RAVASCLETTO,UDINE,FRIULI VENEZIA GIULIA,030088,c_h196
H198,RAVELLO,SALERNO,CAMPANIA,065104,c_h198
H199,RAVENNA,RAVENNA,EMILIA ROMAGNA,039014,c_h199
H200,RAVEO,UDINE,FRIULI VENEZIA GIULIA,030089,c_h200
H202,RAVISCANINA,CASERTA,CAMPANIA,061066,c_h202
H203,RE,VERBANO-CUSIO-OSSOLA,PIEMONTE,103060,c_h203
H204,REA,PAVIA,LOMBARDIA,018119,c_h204
H205,REALMONTE,AGRIGENTO,SICILIA,084032,c_h205
H206,REANA DEL ROJALE,UDINE,FRIULI VENEZIA GIULIA,030090,c_h206
H207,REANO,TORINO,PIEMONTE,001211,c_h207
H210,RECALE,CASERTA,CAMPANIA,061067,c_h210
H211,RECANATI,MACERATA,MARCHE,043044,c_h211
H212,RECCO,GENOVA,LIGURIA,010047,c_h212
H213,RECETTO,NOVARA,PIEMONTE,003129,c_h213
H214,RECOARO TERME,VICENZA,VENETO,024084,c_h214
H216,REDAVALLE,PAVIA,LOMBARDIA,018120,c_h216
H218,REDONDESCO,MANTOVA,LOMBARDIA,020048,c_h218
H219,REFRANCORE,ASTI,PIEMONTE,005089,c_h219
H220,REFRONTOLO,TREVISO,VENETO,026065,c_h220
H221,REGALBUTO,ENNA,SICILIA,086016,c_h221
H222,REGGELLO,FIRENZE,TOSCANA,048035,c_h222
H223,REGGIO NELL'EMILIA,REGGIO EMILIA,EMILIA ROMAGNA,035033,c_h223
H224,REGGIO DI CALABRIA,REGGIO CALABRIA,CALABRIA,080063,c_h224
H225,REGGIOLO,REGGIO EMILIA,EMILIA ROMAGNA,035032,c_h225
H227,REINO,BENEVENTO,CAMPANIA,062056,c_i179
H228,REITANO,MESSINA,SICILIA,083070,c_h228
H229,REMANZACCO,UDINE,FRIULI VENEZIA GIULIA,030091,C_H229
H230,REMEDELLO,BRESCIA,LOMBARDIA,017160,c_h230
H233,RENATE,MONZA E DELLA BRIANZA,LOMBARDIA,108037,c_h233
H235,RENDE,COSENZA,CALABRIA,078102,c_h235
H236,RENON,BOLZANO,TRENTINO ALTO ADIGE,021072,c_h236
H238,RESANA,TREVISO,VENETO,026066,c_h238
H240,RESCALDINA,MILANO,LOMBARDIA,015181,c_h240
H242,RESIA,UDINE,FRIULI VENEZIA GIULIA,030092,c_h242
H243,ERCOLANO,NAPOLI,CAMPANIA,063064,c_h243
H244,RESIUTTA,UDINE,FRIULI VENEZIA GIULIA,030093,c_h244
H245,RESUTTANO,CALTANISSETTA,SICILIA,085014,c_h245
H246,RETORBIDO,PAVIA,LOMBARDIA,018121,c_h246
H247,REVELLO,CUNEO,PIEMONTE,004180,c_h247
H250,REVIGLIASCO D'ASTI,ASTI,PIEMONTE,005090,c_h250
H253,REVINE LAGO,TREVISO,VENETO,026067,c_h253
H255,REZZAGO,COMO,LOMBARDIA,013195,c_h255
H256,REZZATO,BRESCIA,LOMBARDIA,017161,c_h256
H257,REZZO,IMPERIA,LIGURIA,008049,c_h257
H258,REZZOAGLIO,GENOVA,LIGURIA,010048,c_h258
H259,VAL REZZO,COMO,LOMBARDIA,013233,c_h259
H262,RHEMES-NOTRE-DAME,AOSTA,VALLE D'AOSTA,007055,c_h262
H263,RHEMES-SAINT-GEORGES,AOSTA,VALLE D'AOSTA,007056,c_h263
H264,RHO,MILANO,LOMBARDIA,015182,c_h264
H265,RIACE,REGGIO CALABRIA,CALABRIA,080064,c_h265
H266,RIALTO,SAVONA,LIGURIA,009053,c_h266
H267,RIANO,ROMA,LAZIO,058081,c_h267
H268,RIARDO,CASERTA,CAMPANIA,061068,c_h268
H269,RIBERA,AGRIGENTO,SICILIA,084033,c_h269
H270,RIBORDONE,TORINO,PIEMONTE,001212,c_h270
H271,RICADI,VIBO VALENTIA,CALABRIA,102030,c_h271
H272,RICALDONE,ALESSANDRIA,PIEMONTE,006143,c_h272
H273,RICCIA,CAMPOBASSO,MOLISE,070057,c_h273
H274,RICCIONE,RIMINI,EMILIA ROMAGNA,099013,c_h274
H275,RICCO' DEL GOLFO DI SPEZIA,LA SPEZIA,LIGURIA,011023,c_h275
H276,RICENGO,CREMONA,LOMBARDIA,019079,c_h276
H277,RICIGLIANO,SALERNO,CAMPANIA,065105,c_h277
H280,RIESE PIO X,TREVISO,VENETO,026068,c_h280
H281,RIESI,CALTANISSETTA,SICILIA,085015,c_h281
H282,RIETI,RIETI,LAZIO,057059,c_h282
H284,RIFIANO,BOLZANO,TRENTINO ALTO ADIGE,021073,c_h284
H285,RIFREDDO,CUNEO,PIEMONTE,004181,c_h285
H286,RIGNANO SULL'ARNO,FIRENZE,TOSCANA,048036,c_h286
H287,RIGNANO GARGANICO,FOGGIA,PUGLIA,071041,c_h287
H288,RIGNANO FLAMINIO,ROMA,LAZIO,058082,c_h288
H289,RIGOLATO,UDINE,FRIULI VENEZIA GIULIA,030094,c_h289
H293,RIMELLA,VERCELLI,PIEMONTE,002113,c_h293
H294,RIMINI,RIMINI,EMILIA ROMAGNA,099014,c_h294
H298,RIO SALICETO,REGGIO EMILIA,EMILIA ROMAGNA,035034,c_h298
H299,RIO DI PUSTERIA,BOLZANO,TRENTINO ALTO ADIGE,021074,c_h299
H300,RIOFREDDO,ROMA,LAZIO,058083,c_h300
H301,RIOLA SARDO,ORISTANO,SARDEGNA,095043,c_h301
H302,RIOLO TERME,RAVENNA,EMILIA ROMAGNA,039015,c_h302
H303,RIOLUNATO,MODENA,EMILIA ROMAGNA,036035,c_h303
H304,RIOMAGGIORE,LA SPEZIA,LIGURIA,011024,c_h304
H307,RIONERO IN VULTURE,POTENZA,BASILICATA,076066,c_h307
H308,RIONERO SANNITICO,ISERNIA,MOLISE,094039,c_h308
H311,RIPABOTTONI,CAMPOBASSO,MOLISE,070058,c_h311
H312,RIPACANDIDA,POTENZA,BASILICATA,076067,c_h312
H313,RIPALIMOSANI,CAMPOBASSO,MOLISE,070059,c_h313
H314,RIPALTA ARPINA,CREMONA,LOMBARDIA,019080,c_h314
H315,RIPALTA CREMASCA,CREMONA,LOMBARDIA,019081,c_h315
H316,RIPALTA GUERINA,CREMONA,LOMBARDIA,019082,c_h316
H319,RIPARBELLA,PISA,TOSCANA,050030,c_h319
H320,RIPA TEATINA,CHIETI,ABRUZZO,069072,c_h320
H321,RIPATRANSONE,ASCOLI PICENO,MARCHE,044063,c_h321
H323,RIPE SAN GINESIO,MACERATA,MARCHE,043045,c_h323
H324,RIPI,FROSINONE,LAZIO,060058,c_h324
H325,RIPOSTO,CATANIA,SICILIA,087039,c_h325
H326,RITTANA,CUNEO,PIEMONTE,004182,c_h326
H327,RIVAMONTE AGORDINO,BELLUNO,VENETO,025043,c_h327
H328,RIVA LIGURE,IMPERIA,LIGURIA,008050,c_h328
H330,RIVA DEL GARDA,TRENTO,TRENTINO ALTO ADIGE,022153,c_h330
H331,RIVA DI SOLTO,BERGAMO,LOMBARDIA,016180,c_h331
H333,RIVALBA,TORINO,PIEMONTE,001213,c_h333
H334,RIVALTA BORMIDA,ALESSANDRIA,PIEMONTE,006144,c_h334
H335,RIVALTA DI TORINO,TORINO,PIEMONTE,001214,c_h335
H336,RIVANAZZANO TERME,PAVIA,LOMBARDIA,018122,c_h336
H337,RIVA PRESSO CHIERI,TORINO,PIEMONTE,001215,c_h337
H338,RIVARA,TORINO,PIEMONTE,001216,c_h338
H340,RIVAROLO CANAVESE,TORINO,PIEMONTE,001217,c_h340
H341,RIVAROLO DEL RE ED UNITI,CREMONA,LOMBARDIA,019083,c_h341
H342,RIVAROLO MANTOVANO,MANTOVA,LOMBARDIA,020050,c_h342
H343,RIVARONE,ALESSANDRIA,PIEMONTE,006145,c_h343
H344,RIVAROSSA,TORINO,PIEMONTE,001218,c_h344
H346,RIVE,VERCELLI,PIEMONTE,002115,c_h346
H347,RIVE D'ARCANO,UDINE,FRIULI VENEZIA GIULIA,030095,c_h347
H348,RIVELLO,POTENZA,BASILICATA,076068,c_h348
H350,RIVERGARO,PIACENZA,EMILIA ROMAGNA,033038,c_h350
H353,RIVISONDOLI,AQUILA,ABRUZZO,066078,c_h353
H354,RIVODUTRI,RIETI,LAZIO,057060,c_h354
H355,RIVOLI,TORINO,PIEMONTE,001219,c_h355
H356,RIVOLI VERONESE,VERONA,VENETO,023062,c_h356
H357,RIVOLTA D'ADDA,CREMONA,LOMBARDIA,019084,c_h357
H359,RIZZICONI,REGGIO CALABRIA,CALABRIA,080065,c_h359
H361,ROANA,VICENZA,VENETO,024085,c_h361
H362,ROASCHIA,CUNEO,PIEMONTE,004183,c_h362
H363,ROASCIO,CUNEO,PIEMONTE,004184,c_h363
H364,ROVASENDA,VERCELLI,PIEMONTE,002122,C_H364
H365,ROASIO,VERCELLI,PIEMONTE,002116,c_h365
H366,ROATTO,ASTI,PIEMONTE,005091,c_h366
H367,ROBASSOMERO,TORINO,PIEMONTE,001220,c_h367
H369,ROBBIO,PAVIA,LOMBARDIA,018123,c_h369
H371,ROBECCHETTO CON INDUNO,MILANO,LOMBARDIA,015183,c_h371
H372,ROBECCO D'OGLIO,CREMONA,LOMBARDIA,019085,c_h372
H373,ROBECCO SUL NAVIGLIO,MILANO,LOMBARDIA,015184,c_h373
H375,ROBECCO PAVESE,PAVIA,LOMBARDIA,018124,c_h375
H376,ROBELLA,ASTI,PIEMONTE,005092,c_h376
H377,ROBILANTE,CUNEO,PIEMONTE,004185,C_H377
H378,ROBURENT,CUNEO,PIEMONTE,004186,c_h378
H379,ROCCA PIETORE,BELLUNO,VENETO,025044,c_h379
H380,ROCCAVALDINA,MESSINA,SICILIA,083073,c_h380
H382,ROCCABASCERANA,AVELLINO,CAMPANIA,064078,c_h382
H383,ROCCABERNARDA,CROTONE,CALABRIA,101018,c_h383
H384,ROCCABIANCA,PARMA,EMILIA ROMAGNA,034030,c_h384
H385,ROCCABRUNA,CUNEO,PIEMONTE,004187,c_h385
H386,ROCCA CANAVESE,TORINO,PIEMONTE,001221,c_h386
H387,ROCCA CANTERANO,ROMA,LAZIO,058084,c_h387
H389,ROCCACASALE,AQUILA,ABRUZZO,066079,c_h389
H390,ROCCAFLUVIONE,ASCOLI PICENO,MARCHE,044064,c_h390
H391,ROCCA CIGLIE',CUNEO,PIEMONTE,004188,c_h391
H392,ROCCA D'ARAZZO,ASTI,PIEMONTE,005093,c_h392
H393,ROCCA D'ARCE,FROSINONE,LAZIO,060059,c_H393
H394,ROCCADASPIDE,SALERNO,CAMPANIA,065106,c_h394
H395,ROCCA DE' BALDI,CUNEO,PIEMONTE,004189,c_h395
H396,ROCCA DE' GIORGI,PAVIA,LOMBARDIA,018125,c_h396
H398,ROCCA D'EVANDRO,CASERTA,CAMPANIA,061069,c_h398
H399,ROCCA DI BOTTE,AQUILA,ABRUZZO,066080,c_h399
H400,ROCCA DI CAMBIO,AQUILA,ABRUZZO,066081,c_h400
H401,ROCCA DI CAVE,ROMA,LAZIO,058085,c_h401
H402,ROCCA DI MEZZO,AQUILA,ABRUZZO,066082,c_h402
H403,ROCCA DI NETO,CROTONE,CALABRIA,101019,c_h403
H404,ROCCA DI PAPA,ROMA,LAZIO,058086,c_h404
H405,ROCCAFIORITA,MESSINA,SICILIA,083071,c_h405
H406,ROCCAFORTE LIGURE,ALESSANDRIA,PIEMONTE,006146,c_h406
H407,ROCCAFORTE MONDOVI',CUNEO,PIEMONTE,004190,c_h407
H408,ROCCAFORTE DEL GRECO,REGGIO CALABRIA,CALABRIA,080066,c_h408
H409,ROCCAFORZATA,TARANTO,PUGLIA,073023,c_h409
H410,ROCCAFRANCA,BRESCIA,LOMBARDIA,017162,c_l923tr
H411,ROCCAGIOVINE,ROMA,LAZIO,058087,c_h411
H412,ROCCAGLORIOSA,SALERNO,CAMPANIA,065107,c_h412
H413,ROCCAGORGA,LATINA,LAZIO,059021,c_h413
H414,ROCCA GRIMALDA,ALESSANDRIA,PIEMONTE,006147,c_h414
H416,ROCCA IMPERIALE,COSENZA,CALABRIA,078103,c_h416
H417,ROCCALBEGNA,GROSSETO,TOSCANA,053020,c_h417
H418,ROCCALUMERA,MESSINA,SICILIA,083072,c_h418
H420,ROCCAMANDOLFI,ISERNIA,MOLISE,094040,c_h420
H421,ROCCA MASSIMA,LATINA,LAZIO,059022,c_h421
H422,ROCCAMENA,PALERMO,SICILIA,082061,c_h422
H423,ROCCAMONFINA,CASERTA,CAMPANIA,061070,c_h423
H424,ROCCAMONTEPIANO,CHIETI,ABRUZZO,069073,c_h424
H425,ROCCAMORICE,PESCARA,ABRUZZO,068034,c_h425
H426,ROCCANOVA,POTENZA,BASILICATA,076069,c_h426
H427,ROCCANTICA,RIETI,LAZIO,057061,c_h427
H428,ROCCAPALUMBA,PALERMO,SICILIA,082062,c_l837
H429,ROCCA PIA,AQUILA,ABRUZZO,066083,c_h429
H431,ROCCAPIEMONTE,SALERNO,CAMPANIA,065108,c_h431
H432,ROCCA PRIORA,ROMA,LAZIO,058088,c_gewt
H433,ROCCARAINOLA,NAPOLI,CAMPANIA,063065,c_h443
H434,ROCCARASO,AQUILA,ABRUZZO,066084,c_h434
H436,ROCCAROMANA,CASERTA,CAMPANIA,061071,c_h436
H437,ROCCA SAN CASCIANO,FORLI,EMILIA ROMAGNA,040036,c_h437
H438,ROCCA SAN FELICE,AVELLINO,CAMPANIA,064079,c_h438
H439,ROCCA SAN GIOVANNI,CHIETI,ABRUZZO,069074,c_h439
H440,ROCCA SANTA MARIA,TERAMO,ABRUZZO,067036,c_h440
H441,ROCCA SANTO STEFANO,ROMA,LAZIO,058089,c_h441
H442,ROCCASCALEGNA,CHIETI,ABRUZZO,069075,c_h442
H443,ROCCASECCA,FROSINONE,LAZIO,060060,c_h4439
H444,ROCCASECCA DEI VOLSCI,LATINA,LAZIO,059023,c_h444
H445,ROCCASICURA,ISERNIA,MOLISE,094041,c_h445
H446,ROCCA SINIBALDA,RIETI,LAZIO,057062,c_h446
H447,ROCCASPARVERA,CUNEO,PIEMONTE,004191,c_h447
H448,ROCCASPINALVETI,CHIETI,ABRUZZO,069076,c_h448
H449,ROCCASTRADA,GROSSETO,TOSCANA,053021,c_h449
H450,ROCCA SUSELLA,PAVIA,LOMBARDIA,018126,c_h450
H451,ROCCAVERANO,ASTI,PIEMONTE,005094,c_h451
H452,ROCCAVIGNALE,SAVONA,LIGURIA,009054,c_h452
H453,ROCCAVIONE,CUNEO,PIEMONTE,004192,c_h453
H454,ROCCAVIVARA,CAMPOBASSO,MOLISE,070060,c_h454
H455,ROCCELLA VALDEMONE,MESSINA,SICILIA,083074,c_h455
H456,ROCCELLA IONICA,REGGIO CALABRIA,CALABRIA,080067,c_h456
H458,ROCCHETTA A VOLTURNO,ISERNIA,MOLISE,094042,c_h458
H459,ROCCHETTA E CROCE,CASERTA,CAMPANIA,061072,c_h459
H460,ROCCHETTA NERVINA,IMPERIA,LIGURIA,008051,c_H460im
H461,ROCCHETTA DI VARA,LA SPEZIA,LIGURIA,011025,c_h461
H462,ROCCHETTA BELBO,CUNEO,PIEMONTE,004193,c_h462
H465,ROCCHETTA LIGURE,ALESSANDRIA,PIEMONTE,006148,c_h465
H466,ROCCHETTA PALAFEA,ASTI,PIEMONTE,005095,c_h466
H467,ROCCHETTA SANT'ANTONIO,FOGGIA,PUGLIA,071042,c_h467
H468,ROCCHETTA TANARO,ASTI,PIEMONTE,005096,c_h468
H470,RODANO,MILANO,LOMBARDIA,015185,c_h470
H472,RODDI,CUNEO,PIEMONTE,004194,c_h472
H473,RODDINO,CUNEO,PIEMONTE,004195,c_h473
H474,RODELLO,CUNEO,PIEMONTE,004196,c_h474
H475,RODENGO,BOLZANO,TRENTINO ALTO ADIGE,021075,c_h475
H477,RODENGO SAIANO,BRESCIA,LOMBARDIA,017163,c_h477
H478,RODERO,COMO,LOMBARDIA,013197,c_h478
H479,RODI' MILICI,MESSINA,SICILIA,083075,c_h479
H480,RODI GARGANICO,FOGGIA,PUGLIA,071043,c_h480
H481,RODIGO,MANTOVA,LOMBARDIA,020051,c_h481
H484,ROE' VOLCIANO,BRESCIA,LOMBARDIA,017164,c_h484
H485,ROFRANO,SALERNO,CAMPANIA,065109,c_h485
H486,ROGENO,LECCO,LOMBARDIA,097072,c_h486
H488,ROGGIANO GRAVINA,COSENZA,CALABRIA,078104,c_h488
H489,ROGHUDI,REGGIO CALABRIA,CALABRIA,080068,c_h489
H490,ROGLIANO,COSENZA,CALABRIA,078105,c_h490
H491,ROGNANO,PAVIA,LOMBARDIA,018127,c_h491
H492,ROGNO,BERGAMO,LOMBARDIA,016182,C_H492
H493,ROGOLO,SONDRIO,LOMBARDIA,014056,c_h493
H494,ROIATE,ROMA,LAZIO,058090,c_i400
H495,ROIO DEL SANGRO,CHIETI,ABRUZZO,069077,c_h495
H497,ROISAN,AOSTA,VALLE D'AOSTA,007057,c_h497
H498,ROLETTO,TORINO,PIEMONTE,001222,c_h498
H500,ROLO,REGGIO EMILIA,EMILIA ROMAGNA,035035,c_h500
H501,ROMA,ROMA,LAZIO,058091,c_h501
H502,ROMAGNANO SESIA,NOVARA,PIEMONTE,003130,c_h502
H503,ROMAGNANO AL MONTE,SALERNO,CAMPANIA,065110,c_h503
H505,ROMAGNESE,PAVIA,LOMBARDIA,018128,c_h505
H507,ROMANA,SASSARI,SARDEGNA,090061,c_h507
H508,ROMANENGO,CREMONA,LOMBARDIA,019086,c_h508
H509,ROMANO DI LOMBARDIA,BERGAMO,LOMBARDIA,016183,c_h509
H511,ROMANO CANAVESE,TORINO,PIEMONTE,001223,c_h511
H512,ROMANO D'EZZELINO,VICENZA,VENETO,024086,c_h512
H514,ROMANS D'ISONZO,GORIZIA,FRIULI VENEZIA GIULIA,031015,c_h514
H516,ROMBIOLO,VIBO VALENTIA,CALABRIA,102031,c_h516
H517,ROMENO,TRENTO,TRENTINO ALTO ADIGE,022155,c_h517
H518,ROMENTINO,NOVARA,PIEMONTE,003131,c_h518
H519,ROMETTA,MESSINA,SICILIA,083076,c_h519
H522,RONCA',VERONA,VENETO,023063,c_H522
H523,RONCADE,TREVISO,VENETO,026069,c_h523
H525,RONCADELLE,BRESCIA,LOMBARDIA,017165,c_h525
H527,RONCARO,PAVIA,LOMBARDIA,018129,c_h527
H528,RONCEGNO TERME,TRENTO,TRENTINO ALTO ADIGE,022156,c_bf0o
H529,RONCELLO,MONZA E DELLA BRIANZA,LOMBARDIA,108055,c_h529
H531,RONCHI DEI LEGIONARI,GORIZIA,FRIULI VENEZIA GIULIA,031016,c_h531
H532,RONCHI VALSUGANA,TRENTO,TRENTINO ALTO ADIGE,022157,c_h532
H533,RONCHIS,UDINE,FRIULI VENEZIA GIULIA,030097,c_h533
H534,RONCIGLIONE,VITERBO,LAZIO,056045,c_h534
H535,RONCOBELLO,BERGAMO,LOMBARDIA,016184,c_h535
H536,RONCO SCRIVIA,GENOVA,LIGURIA,010049,c_h536
H537,RONCO BRIANTINO,MONZA E DELLA BRIANZA,LOMBARDIA,108038,c_h537
H538,RONCO BIELLESE,BIELLA,PIEMONTE,096053,c_h538
H539,RONCO CANAVESE,TORINO,PIEMONTE,001224,c_m0807
H540,RONCO ALL'ADIGE,VERONA,VENETO,023064,c_h540
H541,RONCOFERRARO,MANTOVA,LOMBARDIA,020052,c_h541
H542,RONCOFREDDO,FORLI,EMILIA ROMAGNA,040037,c_h542
H544,RONCOLA,BERGAMO,LOMBARDIA,016185,c_h544
H546,RONDANINA,GENOVA,LIGURIA,010050,c_h546
H547,RONDISSONE,TORINO,PIEMONTE,001225,c_h547
H549,RONSECCO,VERCELLI,PIEMONTE,002118,c_h549
H552,RONZONE,TRENTO,TRENTINO ALTO ADIGE,022159,c_h552
H553,ROPPOLO,BIELLA,PIEMONTE,096054,c_h553
H554,RORA',TORINO,PIEMONTE,001226,c_h554
H555,ROURE,TORINO,PIEMONTE,001227,c_h555
H556,ROSA',VICENZA,VENETO,024087,c_h556
H558,ROSARNO,REGGIO CALABRIA,CALABRIA,080069,c_h558
H559,ROSASCO,PAVIA,LOMBARDIA,018130,c_h559
H560,ROSATE,MILANO,LOMBARDIA,015188,c_h560
H561,ROSAZZA,BIELLA,PIEMONTE,096055,c_h561
H562,ROSCIANO,PESCARA,ABRUZZO,068035,c_h562
H564,ROSCIGNO,SALERNO,CAMPANIA,065111,c_h564
H565,ROSE,COSENZA,CALABRIA,078106,c_h565
H566,ROSELLO,CHIETI,ABRUZZO,069078,c_h566a
H568,ROSETO VALFORTORE,FOGGIA,PUGLIA,071044,c_h568
H569,ROSIGNANO MONFERRATO,ALESSANDRIA,PIEMONTE,006149,c_h569
H570,ROSIGNANO MARITTIMO,LIVORNO,TOSCANA,049017,c_h570
H572,ROSETO CAPO SPULICO,COSENZA,CALABRIA,078107,c_h572
H573,ROSOLINA,ROVIGO,VENETO,029040,c_h573
H574,ROSOLINI,SIRACUSA,SICILIA,089016,c_h574
H575,ROSORA,ANCONA,MARCHE,042040,c_h575
H577,ROSSA,VERCELLI,PIEMONTE,002121,c_h577
H578,ROSSANA,CUNEO,PIEMONTE,004197,c_h578
H580,ROSSANO VENETO,VICENZA,VENETO,024088,c_h580
H581,ROSSIGLIONE,GENOVA,LIGURIA,010051,c_h581
H583,ROSTA,TORINO,PIEMONTE,001228,c_h583
H584,ROTA D'IMAGNA,BERGAMO,LOMBARDIA,016186,c_h584
H585,ROTA GRECA,COSENZA,CALABRIA,078109,c_h585
H588,ROTELLA,ASCOLI PICENO,MARCHE,044065,c_h588
H589,ROTELLO,CAMPOBASSO,MOLISE,070061,c_h589
H590,ROTONDA,POTENZA,BASILICATA,076070,c_h590
H591,ROTONDELLA,MATERA,BASILICATA,077023,c_h591
H592,ROTONDI,AVELLINO,CAMPANIA,064080,c_h592
H593,ROTTOFRENO,PIACENZA,EMILIA ROMAGNA,033039,c_h593
H594,ROTZO,VICENZA,VENETO,024089,c_h594
H598,ROVATO,BRESCIA,LOMBARDIA,017166,c_h598
H599,ROVEGNO,GENOVA,LIGURIA,010052,c_h599
H601,ROVELLASCA,COMO,LOMBARDIA,013201,c_h601
H602,ROVELLO PORRO,COMO,LOMBARDIA,013202,c_h602
H604,ROVERBELLA,MANTOVA,LOMBARDIA,020053,c_h604
H606,ROVERCHIARA,VERONA,VENETO,023065,c_h606
H607,ROVERE' DELLA LUNA,TRENTO,TRENTINO ALTO ADIGE,022160,c_h607
H608,ROVERE' VERONESE,VERONA,VENETO,023067,c_h608
H609,ROVEREDO IN PIANO,PORDENONE,FRIULI VENEZIA GIULIA,093036,c_h609
H610,ROVEREDO DI GUA',VERONA,VENETO,023066,c_h610
H612,ROVERETO,TRENTO,TRENTINO ALTO ADIGE,022161,c_h612
H614,ROVESCALA,PAVIA,LOMBARDIA,018131,c_h614
H615,ROVETTA,BERGAMO,LOMBARDIA,016187,c_h615
H618,ROVIANO,ROMA,LAZIO,058092,c_h618
H620,ROVIGO,ROVIGO,VENETO,029041,c_h620
H621,ROVITO,COSENZA,CALABRIA,078110,c_h621
H622,ROVOLON,PADOVA,VENETO,028071,c_h622
H623,ROZZANO,MILANO,LOMBARDIA,015189,c_h623
H625,RUBANO,PADOVA,VENETO,028072,c_h625
H627,RUBIANA,TORINO,PIEMONTE,001229,c_h627
H628,RUBIERA,REGGIO EMILIA,EMILIA ROMAGNA,035036,c_h628
H629,RUDA,UDINE,FRIULI VENEZIA GIULIA,030098,c_h629
H630,RUDIANO,BRESCIA,LOMBARDIA,017167,c_h630
H631,RUEGLIO,TORINO,PIEMONTE,001230,c_h631
H632,RUFFANO,LECCE,PUGLIA,075064,c_h632
H633,RUFFIA,CUNEO,PIEMONTE,004198,c_h633
H634,RUFFRE'-MENDOLA,TRENTO,TRENTINO ALTO ADIGE,022162,c_h634
H635,RUFINA,FIRENZE,TOSCANA,048037,c_h635
H639,RUMO,TRENTO,TRENTINO ALTO ADIGE,022163,c_h639
H641,RUOTI,POTENZA,BASILICATA,076071,c_h641
H642,RUSSI,RAVENNA,EMILIA ROMAGNA,039016,c_h642
H643,RUTIGLIANO,BARI,PUGLIA,072037,c_h643
H644,RUTINO,SALERNO,CAMPANIA,065112,c_h644
H645,RUVO DI PUGLIA,BARI,PUGLIA,072038,c_h645
H646,RUVO DEL MONTE,POTENZA,BASILICATA,076072,c_h646
H647,SABAUDIA,LATINA,LAZIO,059024,c_h647
H650,SABBIO CHIESE,BRESCIA,LOMBARDIA,017168,c_h650
H652,SABBIONETA,MANTOVA,LOMBARDIA,020054,c_h652
H654,SACCO,SALERNO,CAMPANIA,065113,c_h654
H655,SACCOLONGO,PADOVA,VENETO,028073,c_h655
H657,SACILE,PORDENONE,FRIULI VENEZIA GIULIA,093037,c_h657
H658,SACROFANO,ROMA,LAZIO,058093,c_h658
H659,SADALI,SUD SARDEGNA,SARDEGNA,111058,c_h659
H661,SAGAMA,ORISTANO,SARDEGNA,095086,c_h661
H662,SAGLIANO MICCA,BIELLA,PIEMONTE,096056,c_h662
H665,SAGRADO,GORIZIA,FRIULI VENEZIA GIULIA,031017,c_h665
H666,SAGRON MIS,TRENTO,TRENTINO ALTO ADIGE,022164,c_h666
H669,SAINT-CHRISTOPHE,AOSTA,VALLE D'AOSTA,007058,c_h669
H670,SAINT-DENIS,AOSTA,VALLE D'AOSTA,007059,c_h670
H671,SAINT-MARCEL,AOSTA,VALLE D'AOSTA,007060,c_h671
H672,SAINT-NICOLAS,AOSTA,VALLE D'AOSTA,007061,c_h672
H673,SAINT-OYEN,AOSTA,VALLE D'AOSTA,007062,c_h673
H674,SAINT-PIERRE,AOSTA,VALLE D'AOSTA,007063,c_h674
H675,SAINT-RHEMY-EN-BOSSES,AOSTA,VALLE D'AOSTA,007064,c_h675
H676,SAINT-VINCENT,AOSTA,VALLE D'AOSTA,007065,c_h676
H677,SALA MONFERRATO,ALESSANDRIA,PIEMONTE,006150,c_h677
H678,SALA BOLOGNESE,BOLOGNA,EMILIA ROMAGNA,037050,c_h678
H679,SALA COMACINA,COMO,LOMBARDIA,013203,c_h679
H681,SALA BIELLESE,BIELLA,PIEMONTE,096057,c_h681
H682,SALA BAGANZA,PARMA,EMILIA ROMAGNA,034031,c_h682
H683,SALA CONSILINA,SALERNO,CAMPANIA,065114,c_h683
H684,SALBERTRAND,TORINO,PIEMONTE,001232,c_h684
H686,SALENTO,SALERNO,CAMPANIA,065115,c_h686
H687,SALANDRA,MATERA,BASILICATA,077024,c_h687
H688,SALAPARUTA,TRAPANI,SICILIA,081017,c_h688
H689,SALARA,ROVIGO,VENETO,029042,c_h689
H690,SALASCO,VERCELLI,PIEMONTE,002126,c_h690
H691,SALASSA,TORINO,PIEMONTE,001231,c_h691
H693,SALCITO,CAMPOBASSO,MOLISE,070062,c_h693
H694,SALE,ALESSANDRIA,PIEMONTE,006151,c_h694
H695,SALE DELLE LANGHE,CUNEO,PIEMONTE,004199,c_h695
H699,SALE MARASINO,BRESCIA,LOMBARDIA,017169,c_h699
H700,SALEMI,TRAPANI,SICILIA,081018,c_h700
H701,SALERANO SUL LAMBRO,LODI,LOMBARDIA,098046,c_h701
H702,SALERANO CANAVESE,TORINO,PIEMONTE,001233,c_h702
H703,SALERNO,SALERNO,CAMPANIA,065116,c_h703
H704,SALE SAN GIOVANNI,CUNEO,PIEMONTE,004200,c_h704
H706,SALGAREDA,TREVISO,VENETO,026070,c_h706
H707,SALI VERCELLESE,VERCELLI,PIEMONTE,002127,c_h707
H708,SALICE SALENTINO,LECCE,PUGLIA,075065,c_h708
H710,SALICETO,CUNEO,PIEMONTE,004201,c_h710
H712,SAN MAURO DI SALINE,VERONA,VENETO,023074,c_h712
H713,SALISANO,RIETI,LAZIO,057063,c_h713
H714,SALIZZOLE,VERONA,VENETO,023068,c_h714
H715,SALLE,PESCARA,ABRUZZO,068036,c_h715
H716,SALMOUR,CUNEO,PIEMONTE,004202,c_h716
H717,SALO',BRESCIA,LOMBARDIA,017170,c_h717
H719,SALORNO SULLA STRADA DEL VINO,BOLZANO,TRENTINO ALTO ADIGE,021076,c_h719
H720,SALSOMAGGIORE TERME,PARMA,EMILIA ROMAGNA,034032,c_h720
H723,SALTRIO,VARESE,LOMBARDIA,012117,c_h723
H724,SALUDECIO,RIMINI,EMILIA ROMAGNA,099015,c_h724
H725,SALUGGIA,VERCELLI,PIEMONTE,002128,c_h725
H726,SALUSSOLA,BIELLA,PIEMONTE,096058,c_h726
H727,SALUZZO,CUNEO,PIEMONTE,004203,c_h727
H729,SALVE,LECCE,PUGLIA,075066,c_h729
H730,SAVOIA DI LUCANIA,POTENZA,BASILICATA,076084,c_h730
H731,SALVIROLA,CREMONA,LOMBARDIA,019087,c_h731
H732,SALVITELLE,SALERNO,CAMPANIA,065117,c_h732
H733,SALZA IRPINA,AVELLINO,CAMPANIA,064081,c_h733
H734,SALZA DI PINEROLO,TORINO,PIEMONTE,001234,c_h734
H735,SALZANO,VENEZIA,VENETO,027032,c_h735
H736,SAMARATE,VARESE,LOMBARDIA,012118,c_h736
H738,SAMASSI,SUD SARDEGNA,SARDEGNA,111059,c_h738
H739,SAMATZAI,SUD SARDEGNA,SARDEGNA,111060,c_h739
H743,SAMBUCA DI SICILIA,AGRIGENTO,SICILIA,084034,c_h743
H744,SAMBUCA PISTOIESE,PISTOIA,TOSCANA,047018,c_h744
H745,SAMBUCI,ROMA,LAZIO,058094,c_h745
H746,SAMBUCO,CUNEO,PIEMONTE,004204,c_h746
H749,SAMMICHELE DI BARI,BARI,PUGLIA,072039,c_fu3v
H752,SAMOLACO,SONDRIO,LOMBARDIA,014057,c_h752
H753,SAMONE,TORINO,PIEMONTE,001235,c_h753
H754,SAMONE,TRENTO,TRENTINO ALTO ADIGE,022165,c_h754
H755,SAMPEYRE,CUNEO,PIEMONTE,004205,c_h755
H756,SAMUGHEO,ORISTANO,SARDEGNA,095045,c_h756
H757,SANARICA,LECCE,PUGLIA,075067,c_h757
H760,SAN BARTOLOMEO VAL CAVARGNA,COMO,LOMBARDIA,013204,c_h760
H763,SAN BARTOLOMEO AL MARE,IMPERIA,LIGURIA,008052,c_h763
H764,SAN BARTOLOMEO IN GALDO,BENEVENTO,CAMPANIA,062057,c_h764
H765,SAN BASILE,COSENZA,CALABRIA,078111,c_h765
H766,SAN BASILIO,SUD SARDEGNA,SARDEGNA,111061,c_h766
H767,SAN BASSANO,CREMONA,LOMBARDIA,019088,c_h767
H768,SAN BELLINO,ROVIGO,VENETO,029043,c_h768
H769,SAN BENEDETTO DEL TRONTO,ASCOLI PICENO,MARCHE,044066,c_h769
H770,SAN BENEDETTO BELBO,CUNEO,PIEMONTE,004206,c_h770
H771,SAN BENEDETTO PO,MANTOVA,LOMBARDIA,020055,c_h771
H772,SAN BENEDETTO DEI MARSI,AQUILA,ABRUZZO,066085,c_h772
H773,SAN BENEDETTO IN PERILLIS,AQUILA,ABRUZZO,066086,c_h773
H774,SAN BENEDETTO ULLANO,COSENZA,CALABRIA,078112,c_h774
H775,SAN BENIGNO CANAVESE,TORINO,PIEMONTE,001236,c_h775
H777,SAN BERNARDINO VERBANO,VERBANO-CUSIO-OSSOLA,PIEMONTE,103061,c_h777
H778,SAN BIAGIO PLATANI,AGRIGENTO,SICILIA,084035,c_h778
H779,SAN BIAGIO SARACINISCO,FROSINONE,LAZIO,060061,c_h779
H780,SAN BIAGIO DELLA CIMA,IMPERIA,LIGURIA,008053,c_h780
H781,SAN BIAGIO DI CALLALTA,TREVISO,VENETO,026071,c_h781
H782,SAN BIASE,CAMPOBASSO,MOLISE,070063,c_h782
H783,SAN BONIFACIO,VERONA,VENETO,023069,c_h783
H784,SAN BUONO,CHIETI,ABRUZZO,069079,c_h784
H785,SAN CALOGERO,VIBO VALENTIA,CALABRIA,102032,c_h785
H786,SAN CANDIDO,BOLZANO,TRENTINO ALTO ADIGE,021077,c_h786
H787,SAN CANZIAN D'ISONZO,GORIZIA,FRIULI VENEZIA GIULIA,031018,c_h787
H789,SAN CARLO CANAVESE,TORINO,PIEMONTE,001237,c_h789
H790,SAN CASCIANO DEI BAGNI,SIENA,TOSCANA,052027,c_h790
H791,SAN CASCIANO IN VAL DI PESA,FIRENZE,TOSCANA,048038,c_h791
H792,SAN CATALDO,CALTANISSETTA,SICILIA,085016,c_h792
H793,SAN CESARIO DI LECCE,LECCE,PUGLIA,075068,c_h793
H794,SAN CESARIO SUL PANARO,MODENA,EMILIA ROMAGNA,036036,c_h794
H795,SAN CHIRICO NUOVO,POTENZA,BASILICATA,076073,c_h795
H796,SAN CHIRICO RAPARO,POTENZA,BASILICATA,076074,c_h796
H797,SAN CIPIRELLO,PALERMO,SICILIA,082063,c_h797
H798,SAN CIPRIANO D'AVERSA,CASERTA,CAMPANIA,061074,c_h798
H799,SAN CIPRIANO PO,PAVIA,LOMBARDIA,018133,c_h799
H800,SAN CIPRIANO PICENTINO,SALERNO,CAMPANIA,065118,c_m800
H801,SAN CLEMENTE,RIMINI,EMILIA ROMAGNA,099016,c_h801
H802,SAN COLOMBANO CERTENOLI,GENOVA,LIGURIA,010053,c_h802
H803,SAN COLOMBANO AL LAMBRO,MILANO,LOMBARDIA,015191,c_h803
H804,SAN COLOMBANO BELMONTE,TORINO,PIEMONTE,001238,c_h804
H805,SAN CONO,CATANIA,SICILIA,087040,c_i035
H806,SAN COSMO ALBANESE,COSENZA,CALABRIA,078113,c_h806
H807,SAN COSTANTINO CALABRO,VIBO VALENTIA,CALABRIA,102033,c_h807
H808,SAN COSTANTINO ALBANESE,POTENZA,BASILICATA,076075,c_h808
H809,SAN COSTANZO,PESARO E URBINO,MARCHE,041051,c_h809
H810,SAN CRISTOFORO,ALESSANDRIA,PIEMONTE,006152,c_h810
H811,SAN DAMIANO D'ASTI,ASTI,PIEMONTE,005097,C_H811
H812,SAN DAMIANO MACRA,CUNEO,PIEMONTE,004207,c_h812
H814,SAN DAMIANO AL COLLE,PAVIA,LOMBARDIA,018134,c_h814
H815,SAN DANIELE PO,CREMONA,LOMBARDIA,019089,c_h815
H816,SAN DANIELE DEL FRIULI,UDINE,FRIULI VENEZIA GIULIA,030099,c_h816
H818,SAN DEMETRIO CORONE,COSENZA,CALABRIA,078114,c_h818
H819,SAN DEMETRIO NE' VESTINI,AQUILA,ABRUZZO,066087,c_h819
H820,SAN DIDERO,TORINO,PIEMONTE,001239,c_h820
H821,SANDIGLIANO,BIELLA,PIEMONTE,096059,c_h821
H822,SAN DONACI,BRINDISI,PUGLIA,074013,c_h822
H823,SAN DONA' DI PIAVE,VENEZIA,VENETO,027033,c_h823
H824,SAN DONATO VAL DI COMINO,FROSINONE,LAZIO,060062,c_h824
H825,SAN DONATO DI NINEA,COSENZA,CALABRIA,078115,c_l206
H826,SAN DONATO DI LECCE,LECCE,PUGLIA,075069,c_h826
H827,SAN DONATO MILANESE,MILANO,LOMBARDIA,015192,c_h827
H829,SANDRIGO,VICENZA,VENETO,024091,c_h829
H831,SAN FELE,POTENZA,BASILICATA,076076,c_h831
H833,SAN FELICE DEL MOLISE,CAMPOBASSO,MOLISE,070064,C_H833
H834,SAN FELICE A CANCELLO,CASERTA,CAMPANIA,061075,c_h834
H835,SAN FELICE SUL PANARO,MODENA,EMILIA ROMAGNA,036037,c_h835
H836,SAN FELICE CIRCEO,LATINA,LAZIO,059025,c_h836
H838,SAN FELICE DEL BENACO,BRESCIA,LOMBARDIA,017171,c_h838
H839,SAN FERDINANDO DI PUGLIA,BARLETTA-ANDRIA-TRANI,PUGLIA,110007,c_h839
H840,SAN FERMO DELLA BATTAGLIA,COMO,LOMBARDIA,013206,c_h840
H841,SAN FILI,COSENZA,CALABRIA,078116,c_h841
H842,SAN FILIPPO DEL MELA,MESSINA,SICILIA,083077,c_h842
H843,SAN FIOR,TREVISO,VENETO,026072,c_h843
H844,SAN FIORANO,LODI,LOMBARDIA,098047,c_h844
H845,SAN FLORIANO DEL COLLIO,GORIZIA,FRIULI VENEZIA GIULIA,031019,c_h845
H846,SAN FLORO,CATANZARO,CALABRIA,079108,c_h846
H847,SAN FRANCESCO AL CAMPO,TORINO,PIEMONTE,001240,c_h847
H848,AGLIENTU,SASSARI,SARDEGNA,090062,c_h848
H850,SAN FRATELLO,MESSINA,SICILIA,083078,c_h850
H851,SANFRE',CUNEO,PIEMONTE,004208,c_h851
H852,SANFRONT,CUNEO,PIEMONTE,004209,c_h852
H855,SANGANO,TORINO,PIEMONTE,001241,c_h855
H856,SAN GAVINO MONREALE,SUD SARDEGNA,SARDEGNA,111062,c_h856
H857,SAN GEMINI,TERNI,UMBRIA,055029,c_h857
H858,SAN GENESIO ATESINO,BOLZANO,TRENTINO ALTO ADIGE,021079,c_h858
H859,SAN GENESIO ED UNITI,PAVIA,LOMBARDIA,018135,c_h859
H860,SAN GENNARO VESUVIANO,NAPOLI,CAMPANIA,063066,c_h860
H861,SAN GERMANO VERCELLESE,VERCELLI,PIEMONTE,002131,c_h861
H862,SAN GERMANO CHISONE,TORINO,PIEMONTE,001242,c_h862
H865,SAN GERVASIO BRESCIANO,BRESCIA,LOMBARDIA,017172,c_h865
H867,SAN GIACOMO DEGLI SCHIAVONI,CAMPOBASSO,MOLISE,070065,c_h867
H868,SAN GIACOMO FILIPPO,SONDRIO,LOMBARDIA,014058,c_h868
H870,SAN GIACOMO DELLE SEGNATE,MANTOVA,LOMBARDIA,020056,c_h870
H872,SANGIANO,VARESE,LOMBARDIA,012141,c_h872
H873,SAN GILLIO,TORINO,PIEMONTE,001243,c_h873
H875,SAN GIMIGNANO,SIENA,TOSCANA,052028,c_h875
H876,SAN GINESIO,MACERATA,MARCHE,043046,c_h876
H877,SANGINETO,COSENZA,CALABRIA,078117,c_h877
H878,SAN GIORGIO MONFERRATO,ALESSANDRIA,PIEMONTE,006153,c_h878
H880,SAN GIORGIO A LIRI,FROSINONE,LAZIO,060063,c_h880
H881,SAN GIORGIO ALBANESE,COSENZA,CALABRIA,078118,c_h881
H882,SAN GIORGIO IONICO,TARANTO,PUGLIA,073024,c_h882
H883,SAN GIORGIO BIGARELLO,MANTOVA,LOMBARDIA,020057,c_h883
H884,SAN GIORGIO SU LEGNANO,MILANO,LOMBARDIA,015194,c_h884
H885,SAN GIORGIO DI LOMELLINA,PAVIA,LOMBARDIA,018136,c_h885
H887,SAN GIORGIO PIACENTINO,PIACENZA,EMILIA ROMAGNA,033040,c_h887
H888,SAN GIORGIO LUCANO,MATERA,BASILICATA,077025,c_h888
H889,SAN GIORGIO MORGETO,REGGIO CALABRIA,CALABRIA,080071,c_h889
H890,SAN GIORGIO CANAVESE,TORINO,PIEMONTE,001244,c_h890
H891,SAN GIORGIO DELLA RICHINVELDA,PORDENONE,FRIULI VENEZIA GIULIA,093038,c_h891
H892,SAN GIORGIO A CREMANO,NAPOLI,CAMPANIA,063067,c_h892
H893,SAN GIORGIO DELLE PERTICHE,PADOVA,VENETO,028075,c_h893
H894,SAN GIORGIO DEL SANNIO,BENEVENTO,CAMPANIA,062058,c_h894
H895,SAN GIORGIO DI NOGARO,UDINE,FRIULI VENEZIA GIULIA,030100,c_h895
H896,SAN GIORGIO DI PIANO,BOLOGNA,EMILIA ROMAGNA,037052,c_h896
H897,SAN GIORGIO IN BOSCO,PADOVA,VENETO,028076,c_h897
H898,SAN GIORGIO LA MOLARA,BENEVENTO,CAMPANIA,062059,c_h898
H899,SAN GIORGIO SCARAMPI,ASTI,PIEMONTE,005098,c_h899
H900,SAN GIORIO DI SUSA,TORINO,PIEMONTE,001245,c_h900
H901,SAN GIOVANNI VALDARNO,AREZZO,TOSCANA,051033,c_h901
H903,SAN GIOVANNI DI GERACE,REGGIO CALABRIA,CALABRIA,080072,c_h903
H906,SAN GIOVANNI AL NATISONE,UDINE,FRIULI VENEZIA GIULIA,030101,c_h906
H907,SAN GIOVANNI A PIRO,SALERNO,CAMPANIA,065119,c_h907
H910,SAN GIOVANNI BIANCO,BERGAMO,LOMBARDIA,016188,c_h910
H912,SAN GIOVANNI DEL DOSSO,MANTOVA,LOMBARDIA,020058,c_h912
H913,VILLA SAN GIOVANNI IN TUSCIA,VITERBO,LAZIO,056046,c_h913
H914,SAN GIOVANNI GEMINI,AGRIGENTO,SICILIA,084036,c_h914
H916,SAN GIOVANNI ILARIONE,VERONA,VENETO,023070,c_h916
H917,SAN GIOVANNI INCARICO,FROSINONE,LAZIO,060064,c_h917
H918,SAN GIOVANNI IN CROCE,CREMONA,LOMBARDIA,019090,c_h918
H919,SAN GIOVANNI IN FIORE,COSENZA,CALABRIA,078119,c_h919
H920,SAN GIOVANNI IN GALDO,CAMPOBASSO,MOLISE,070066,c_h920
H921,SAN GIOVANNI IN MARIGNANO,RIMINI,EMILIA ROMAGNA,099017,c_h921
H922,SAN GIOVANNI LA PUNTA,CATANIA,SICILIA,087041,c_h922
H923,SAN GIOVANNI LIPIONI,CHIETI,ABRUZZO,069080,c_h923
H924,SAN GIOVANNI LUPATOTO,VERONA,VENETO,023071,c_h924
H926,SAN GIOVANNI ROTONDO,FOGGIA,PUGLIA,071046,c_h926
H928,SAN GIULIANO DEL SANNIO,CAMPOBASSO,MOLISE,070067,c_h928
H929,SAN GIULIANO DI PUGLIA,CAMPOBASSO,MOLISE,070068,c_h929
H930,SAN GIULIANO MILANESE,MILANO,LOMBARDIA,015195,c_h930
H931,SAN GIUSEPPE VESUVIANO,NAPOLI,CAMPANIA,063068,c_h931
H933,SAN GIUSEPPE JATO,PALERMO,SICILIA,082064,c_h933
H935,SAN GIUSTINO,PERUGIA,UMBRIA,054044,c_h935
H936,SAN GIUSTO CANAVESE,TORINO,PIEMONTE,001246,c_h936
H937,SAN GODENZO,FIRENZE,TOSCANA,048039,c_h937
H938,SAN GREGORIO NELLE ALPI,BELLUNO,VENETO,025045,c_h938
H939,SAN GREGORIO MATESE,CASERTA,CAMPANIA,061076,c_h939
H940,SAN GREGORIO DI CATANIA,CATANIA,SICILIA,087042,c_h940
H941,SAN GREGORIO D'IPPONA,VIBO VALENTIA,CALABRIA,102034,c_h941
H942,SAN GREGORIO DA SASSOLA,ROMA,LAZIO,058095,c_i284
H943,SAN GREGORIO MAGNO,SALERNO,CAMPANIA,065120,c_h943
H944,SANGUINETTO,VERONA,VENETO,023072,c_h944
H945,SAN LAZZARO DI SAVENA,BOLOGNA,EMILIA ROMAGNA,037054,c_h945
H949,SAN LEO,RIMINI,EMILIA ROMAGNA,099025,c_h949
H951,SAN LEONARDO,UDINE,FRIULI VENEZIA GIULIA,030102,c_h951
H952,SAN LEONARDO IN PASSIRIA,BOLZANO,TRENTINO ALTO ADIGE,021080,c_h952
H953,SAN LEUCIO DEL SANNIO,BENEVENTO,CAMPANIA,062060,c_h953
H955,SAN LORENZELLO,BENEVENTO,CAMPANIA,062061,c_h955
H956,SAN LORENZO DI SEBATO,BOLZANO,TRENTINO ALTO ADIGE,021081,c_h956
H957,SAN LORENZO AL MARE,IMPERIA,LIGURIA,008054,ch956
H958,SAN LORENZO IN CAMPO,PESARO E URBINO,MARCHE,041054,c_h958
H959,SAN LORENZO,REGGIO CALABRIA,CALABRIA,080073,c_h959
H961,SAN LORENZO BELLIZZI,COSENZA,CALABRIA,078120,c_h961
H962,SAN LORENZO DEL VALLO,COSENZA,CALABRIA,078121,c_h962
H964,SAN LORENZO ISONTINO,GORIZIA,FRIULI VENEZIA GIULIA,031020,c_h964
H967,SAN LORENZO MAGGIORE,BENEVENTO,CAMPANIA,062062,c_h967
H969,SAN LORENZO NUOVO,VITERBO,LAZIO,056047,c_h969
H970,SAN LUCA,REGGIO CALABRIA,CALABRIA,080074,c_h970
H971,SAN LUCIDO,COSENZA,CALABRIA,078122,c_h971
H973,SAN LUPO,BENEVENTO,CAMPANIA,062063,c_h973
H974,SANLURI,SUD SARDEGNA,SARDEGNA,111067,c_h974
H975,SAN MANGO SUL CALORE,AVELLINO,CAMPANIA,064082,c_h975
H976,SAN MANGO D'AQUINO,CATANZARO,CALABRIA,079110,c_h976
H977,SAN MANGO PIEMONTE,SALERNO,CAMPANIA,065121,c_h977
H978,SAN MARCELLINO,CASERTA,CAMPANIA,061077,c_h978
H979,SAN MARCELLO,ANCONA,MARCHE,042041,c_h979
H981,SAN MARCO ARGENTANO,COSENZA,CALABRIA,078123,c_h981
H982,SAN MARCO D'ALUNZIO,MESSINA,SICILIA,083079,c_h982
H984,SAN MARCO DEI CAVOTI,BENEVENTO,CAMPANIA,062064,c_h984
H985,SAN MARCO IN LAMIS,FOGGIA,PUGLIA,071047,c_h985
H986,SAN MARCO LA CATOLA,FOGGIA,PUGLIA,071048,c_h986
H987,SAN MARTINO ALFIERI,ASTI,PIEMONTE,005099,c_h987
H988,SAN MARTINO IN BADIA,BOLZANO,TRENTINO ALTO ADIGE,021082,c_h988
H989,SAN MARTINO IN PASSIRIA,BOLZANO,TRENTINO ALTO ADIGE,021083,c_h989
H990,SAN MARTINO IN PENSILIS,CAMPOBASSO,MOLISE,070069,c_h990
H991,SAN MARTINO SULLA MARRUCINA,CHIETI,ABRUZZO,069082,c_h991
H992,SAN MARTINO DI FINITA,COSENZA,CALABRIA,078124,c_h992
H994,SAN MARTINO D'AGRI,POTENZA,BASILICATA,076077,c_h994
H996,SAN MARTINO DI VENEZZE,ROVIGO,VENETO,029044,c_h996
H997,SAN MARTINO CANAVESE,TORINO,PIEMONTE,001247,c_h997
H999,SAN MARTINO AL TAGLIAMENTO,PORDENONE,FRIULI VENEZIA GIULIA,093039,c_h999
I002,SAN MARTINO SANNITA,BENEVENTO,CAMPANIA,062065,c_i002
I003,SAN MARTINO BUON ALBERGO,VERONA,VENETO,023073,c_i003
I005,SAN MARTINO DALL'ARGINE,MANTOVA,LOMBARDIA,020059,sma_mn
I007,SAN MARTINO DEL LAGO,CREMONA,LOMBARDIA,019091,c_i007
I008,SAN MARTINO DI LUPARI,PADOVA,VENETO,028077,c_i008
I011,SAN MARTINO IN RIO,REGGIO EMILIA,EMILIA ROMAGNA,035037,c_i011
I012,SAN MARTINO IN STRADA,LODI,LOMBARDIA,098048,c_i012
I014,SAN MARTINO SICCOMARIO,PAVIA,LOMBARDIA,018137,c_i014
I016,SAN MARTINO VALLE CAUDINA,AVELLINO,CAMPANIA,064083,c_i016
I017,SAN MARZANO OLIVETO,ASTI,PIEMONTE,005100,c_i017
I018,SAN MARZANO DI SAN GIUSEPPE,TARANTO,PUGLIA,073025,c_i018
I019,SAN MARZANO SUL SARNO,SALERNO,CAMPANIA,065122,c_l323
I023,SAN MASSIMO,CAMPOBASSO,MOLISE,070070,c_i023
I024,SAN MAURIZIO CANAVESE,TORINO,PIEMONTE,001248,c_i024
I025,SAN MAURIZIO D'OPAGLIO,NOVARA,PIEMONTE,003133,c_i025
I026,SAN MAURO MARCHESATO,CROTONE,CALABRIA,101020,c_i026
I027,SAN MAURO PASCOLI,FORLI,EMILIA ROMAGNA,040041,c_i027
I028,SAN MAURO CASTELVERDE,PALERMO,SICILIA,082065,c_i028
I029,SAN MAURO FORTE,MATERA,BASILICATA,077026,c_i029
I030,SAN MAURO TORINESE,TORINO,PIEMONTE,001249,c_i030
I031,SAN MAURO CILENTO,SALERNO,CAMPANIA,065123,C_I031
I032,SAN MAURO LA BRUCA,SALERNO,CAMPANIA,065124,c_i032
I034,SAN MICHELE DI SERINO,AVELLINO,CAMPANIA,064084,c_i034
I035,SAN MICHELE DI GANZARIA,CATANIA,SICILIA,087043,c_h805
I037,SAN MICHELE MONDOVI',CUNEO,PIEMONTE,004210,c_i037
I040,SAN MICHELE AL TAGLIAMENTO,VENEZIA,VENETO,027034,c_i040
I042,SAN MICHELE ALL'ADIGE,TRENTO,TRENTINO ALTO ADIGE,022167,c_i042
I045,SAN MICHELE SALENTINO,BRINDISI,PUGLIA,074014,c_i045
I046,SAN MINIATO,PISA,TOSCANA,050032,c_i046
I048,SANNAZZARO DE' BURGONDI,PAVIA,LOMBARDIA,018138,c_i048
I049,SAN NAZZARO,BENEVENTO,CAMPANIA,062066,c_i049
I051,SAN NAZZARO VAL CAVARGNA,COMO,LOMBARDIA,013207,c_i051
I052,SAN NAZZARO SESIA,NOVARA,PIEMONTE,003134,c_i052
I053,SANNICANDRO DI BARI,BARI,PUGLIA,072040,c_i053
I054,SAN NICANDRO GARGANICO,FOGGIA,PUGLIA,071049,c_i054
I056,SAN NICOLA LA STRADA,CASERTA,CAMPANIA,061078,c_i056
I057,SAN NICOLA DELL'ALTO,CROTONE,CALABRIA,101021,c_i057
I058,SAN NICOLA DA CRISSA,VIBO VALENTIA,CALABRIA,102035,c_i058
I059,SANNICOLA,LECCE,PUGLIA,075070,c_i059
I060,SAN NICOLA ARCELLA,COSENZA,CALABRIA,078125,c_i060
I061,SAN NICOLA BARONIA,AVELLINO,CAMPANIA,064085,c_i061
I062,SAN NICOLA MANFREDI,BENEVENTO,CAMPANIA,062067,c_i062
I063,SAN NICOLO' DI COMELICO,BELLUNO,VENETO,025046,c_i063
I065,SAN PANCRAZIO,BOLZANO,TRENTINO ALTO ADIGE,021084,c_i065
I066,SAN PANCRAZIO SALENTINO,BRINDISI,PUGLIA,074015,c_i066
I071,SAN PAOLO DI JESI,ANCONA,MARCHE,042042,c_io71
I072,SAN PAOLO DI CIVITATE,FOGGIA,PUGLIA,071050,c_i072
I073,SAN PAOLO BEL SITO,NAPOLI,CAMPANIA,063069,c_i073
I076,SAN PAOLO SOLBRITO,ASTI,PIEMONTE,005101,c_i076
I079,SAN PELLEGRINO TERME,BERGAMO,LOMBARDIA,016190,c_i079
I082,SAN PIER D'ISONZO,GORIZIA,FRIULI VENEZIA GIULIA,031021,c_i082
I084,SAN PIER NICETO,MESSINA,SICILIA,083080,c_i084
I086,SAN PIERO PATTI,MESSINA,SICILIA,083081,c_i086
I088,SAN PIETRO DI CADORE,BELLUNO,VENETO,025047,c_I088
I089,SAN PIETRO AL TANAGRO,SALERNO,CAMPANIA,065125,c_i089
I090,SAN PIETRO VAL LEMINA,TORINO,PIEMONTE,001250,c_i090
I092,SAN PIETRO AL NATISONE,UDINE,FRIULI VENEZIA GIULIA,030103,c_i092
I093,SAN PIETRO A MAIDA,CATANZARO,CALABRIA,079114,c_i093
I095,SAN PIETRO APOSTOLO,CATANZARO,CALABRIA,079115,c_i095
I096,SAN PIETRO AVELLANA,ISERNIA,MOLISE,094043,c_i096
I098,SAN PIETRO CLARENZA,CATANIA,SICILIA,087044,c_i098
I102,SAN PIETRO DI CARIDA',REGGIO CALABRIA,CALABRIA,080075,c_i102
I103,SAN PIETRO DI FELETTO,TREVISO,VENETO,026073,c_i103
I105,SAN PIETRO DI MORUBIO,VERONA,VENETO,023075,c_i105
I107,SAN PIETRO IN GU,PADOVA,VENETO,028078,c_i107
I108,SAN PIETRO IN AMANTEA,COSENZA,CALABRIA,078126,c_i108
I109,SAN PIETRO IN CARIANO,VERONA,VENETO,023076,c_i109
I110,SAN PIETRO IN CASALE,BOLOGNA,EMILIA ROMAGNA,037055,c_i110
I113,SAN PIETRO INFINE,CASERTA,CAMPANIA,061079,C_i113
I114,SAN PIETRO IN GUARANO,COSENZA,CALABRIA,078127,c_i114
I115,SAN PIETRO IN LAMA,LECCE,PUGLIA,075071,c_i115
I116,SAN PIETRO MOSEZZO,NOVARA,PIEMONTE,003135,c_i116
I117,SAN PIETRO MUSSOLINO,VICENZA,VENETO,024094,c_i117
I118,VILLA SAN PIETRO,CITTA' METROPOLITANA DI CAGLIARI,SARDEGNA,092099,c_i118
I119,SAN PIETRO VERNOTICO,BRINDISI,PUGLIA,074016,c_i119
I120,SAN PIETRO VIMINARIO,PADOVA,VENETO,028079,c_i120
I121,SAN PIO DELLE CAMERE,AQUILA,ABRUZZO,066088,c_i121
I122,SAN POLO MATESE,CAMPOBASSO,MOLISE,070071,c_i122
I123,SAN POLO D'ENZA,REGGIO EMILIA,EMILIA ROMAGNA,035038,c_i123
I124,SAN POLO DI PIAVE,TREVISO,VENETO,026074,c_i124
I125,SAN POLO DEI CAVALIERI,ROMA,LAZIO,058096,c_i125
I126,SAN PONSO,TORINO,PIEMONTE,001251,c_i126
I128,SAN POSSIDONIO,MODENA,EMILIA ROMAGNA,036038,c_i128
I129,SAN POTITO ULTRA,AVELLINO,CAMPANIA,064086,c_i129
I130,SAN POTITO SANNITICO,CASERTA,CAMPANIA,061080,c_i130
I131,SAN PRISCO,CASERTA,CAMPANIA,061081,c_i131
I132,SAN PROCOPIO,REGGIO CALABRIA,CALABRIA,080076,c_i132
I133,SAN PROSPERO,MODENA,EMILIA ROMAGNA,036039,c_i133
I135,SAN QUIRICO D'ORCIA,SIENA,TOSCANA,052030,c_i135
I136,SAN QUIRINO,PORDENONE,FRIULI VENEZIA GIULIA,093040,c_i136
I137,SAN RAFFAELE CIMENA,TORINO,PIEMONTE,001252,c_i137
I138,SANREMO,IMPERIA,LIGURIA,008055,c_i138
I139,SAN ROBERTO,REGGIO CALABRIA,CALABRIA,080077,c_i139
I140,SAN ROCCO AL PORTO,LODI,LOMBARDIA,098049,c_i140
I142,SAN ROMANO IN GARFAGNANA,LUCCA,TOSCANA,046027,c_i142
I143,SAN RUFO,SALERNO,CAMPANIA,065126,c_i143
I144,SAN SALVATORE MONFERRATO,ALESSANDRIA,PIEMONTE,006154,c_i144
I145,SAN SALVATORE TELESINO,BENEVENTO,CAMPANIA,062068,c_i145
I147,SAN SALVATORE DI FITALIA,MESSINA,SICILIA,083082,c_i147
I148,SAN SALVO,CHIETI,ABRUZZO,069083,c_i148
I150,SAN SEBASTIANO CURONE,ALESSANDRIA,PIEMONTE,006155,c_i150
I151,SAN SEBASTIANO AL VESUVIO,NAPOLI,CAMPANIA,063070,c_i151
I152,SAN SEBASTIANO DA PO,TORINO,PIEMONTE,001253,c_i152
I153,SAN SECONDO PARMENSE,PARMA,EMILIA ROMAGNA,034033,c_i153
I154,SAN SECONDO DI PINEROLO,TORINO,PIEMONTE,001254,c_i154
I155,SANSEPOLCRO,AREZZO,TOSCANA,051034,c_i155
I156,SAN SEVERINO MARCHE,MACERATA,MARCHE,043047,c_i158
I157,SAN SEVERINO LUCANO,POTENZA,BASILICATA,076078,c_i157
I158,SAN SEVERO,FOGGIA,PUGLIA,071051,c_l158
I162,SAN SIRO,COMO,LOMBARDIA,013248,c_i162
I163,SAN SOSSIO BARONIA,AVELLINO,CAMPANIA,064087,c_i163
I164,SAN SOSTENE,CATANZARO,CALABRIA,079116,c_i164
I165,SAN SOSTI,COSENZA,CALABRIA,078128,c_i165
I166,SAN SPERATE,SUD SARDEGNA,SARDEGNA,111065,c_i166
I168,SANTA BRIGIDA,BERGAMO,LOMBARDIA,016191,c_i168
I169,SANTA CATERINA VILLARMOSA,CALTANISSETTA,SICILIA,085017,c_i169
I170,SANTA CATERINA DELLO IONIO,CATANZARO,CALABRIA,079117,c_i170
I171,SANTA CATERINA ALBANESE,COSENZA,CALABRIA,078129,c_i171
I172,SANTA CESAREA TERME,LECCE,PUGLIA,075072,c_l172
I173,SANTA CRISTINA VALGARDENA,BOLZANO,TRENTINO ALTO ADIGE,021085,c_i173
I174,SANTA CRISTINA GELA,PALERMO,SICILIA,082066,c_i174
I175,SANTA CRISTINA E BISSONE,PAVIA,LOMBARDIA,018139,c_i175
I176,SANTA CRISTINA D'ASPROMONTE,REGGIO CALABRIA,CALABRIA,080078,c_i176
I177,SANTA CROCE SULL'ARNO,PISA,TOSCANA,050033,c_i177
I178,SANTA CROCE CAMERINA,RAGUSA,SICILIA,088010,c_i178
I179,SANTA CROCE DEL SANNIO,BENEVENTO,CAMPANIA,062069,c_h227
I181,SANTA CROCE DI MAGLIANO,CAMPOBASSO,MOLISE,070072,c_i181
I182,SANTADI,SUD SARDEGNA,SARDEGNA,111068,c_i182
I183,SANTA DOMENICA TALAO,COSENZA,CALABRIA,078130,c_i183
I184,SANTA DOMENICA VITTORIA,MESSINA,SICILIA,083083,c_i184
I185,SANTA ELISABETTA,AGRIGENTO,SICILIA,084037,c_i185
I187,SANTA FIORA,GROSSETO,TOSCANA,053022,c_i187
I188,SANTA FLAVIA,PALERMO,SICILIA,082067,c_i188
I189,SANT'AGAPITO,ISERNIA,MOLISE,094044,c_i189
I190,SANT'AGATA FOSSILI,ALESSANDRIA,PIEMONTE,006156,c_i190
I191,SANT'AGATA BOLOGNESE,BOLOGNA,EMILIA ROMAGNA,037056,c_i191
I192,SANT'AGATA DI ESARO,COSENZA,CALABRIA,078131,c_i192
I193,SANT'AGATA DI PUGLIA,FOGGIA,PUGLIA,071052,c_i193
I196,SANT'AGATA SUL SANTERNO,RAVENNA,EMILIA ROMAGNA,039017,c_i196
I197,SANT'AGATA DE' GOTI,BENEVENTO,CAMPANIA,062070,c_i197
I198,SANT'AGATA DEL BIANCO,REGGIO CALABRIA,CALABRIA,080079,c_i198
I199,SANT'AGATA DI MILITELLO,MESSINA,SICILIA,083084,c_i199
I201,SANT'AGATA FELTRIA,RIMINI,EMILIA ROMAGNA,099026,c_i201
I202,SANT'AGATA LI BATTIATI,CATANIA,SICILIA,087045,c_i202
I203,SANTA GIULETTA,PAVIA,LOMBARDIA,018140,c_i203
I205,SANTA GIUSTA,ORISTANO,SARDEGNA,095047,c_i205
I206,SANTA GIUSTINA,BELLUNO,VENETO,025048,c_i206
I207,SANTA GIUSTINA IN COLLE,PADOVA,VENETO,028080,c_i207
I208,SANT'AGNELLO,NAPOLI,CAMPANIA,063071,c_i208
I210,SANT'ALBANO STURA,CUNEO,PIEMONTE,004211,c_i210
I213,SANT'ALESSIO CON VIALONE,PAVIA,LOMBARDIA,018141,c_i213
I214,SANT'ALESSIO IN ASPROMONTE,REGGIO CALABRIA,CALABRIA,080080,c_i214
I215,SANT'ALESSIO SICULO,MESSINA,SICILIA,083085,C_I215
I216,SANT'ALFIO,CATANIA,SICILIA,087046,C_I216
I217,SANTA LUCE,PISA,TOSCANA,050034,c_i217
I219,SANTA LUCIA DI SERINO,AVELLINO,CAMPANIA,064088,C_I219
I220,SANTA LUCIA DEL MELA,MESSINA,SICILIA,083086,c_i220
I221,SANTA LUCIA DI PIAVE,TREVISO,VENETO,026075,c_i221
I224,SANTA MARGHERITA DI BELICE,AGRIGENTO,SICILIA,084038,c_i224
I225,SANTA MARGHERITA LIGURE,GENOVA,LIGURIA,010054,c_i225
I230,SANTA MARGHERITA DI STAFFORA,PAVIA,LOMBARDIA,018142,c_i230
I232,SANTA MARIA A MONTE,PISA,TOSCANA,050035,c_i232
I233,SANTA MARIA A VICO,CASERTA,CAMPANIA,061082,c_i233
I234,SANTA MARIA CAPUA VETERE,CASERTA,CAMPANIA,061083,c_i234
I236,TRAVACO' SICCOMARIO,PAVIA,LOMBARDIA,018162,c_i236
I237,SANTA MARIA DELLA VERSA,PAVIA,LOMBARDIA,018143,c_i237
I238,SANTA MARIA DEL MOLISE,ISERNIA,MOLISE,094045,c_i238
I240,SANTA MARIA DI LICODIA,CATANIA,SICILIA,087047,c_i240
I242,SANTA MARIA DI SALA,VENEZIA,VENETO,027035,c_i242
I243,SANTA MARIA HOE',LECCO,LOMBARDIA,097074,c_l243
I244,SANTA MARIA IMBARO,CHIETI,ABRUZZO,069084,c_i244
I247,SANTA MARIA LA FOSSA,CASERTA,CAMPANIA,061084,C_I247
I248,SANTA MARIA LA LONGA,UDINE,FRIULI VENEZIA GIULIA,030104,c_i248
I249,SANTA MARIA MAGGIORE,VERBANO-CUSIO-OSSOLA,PIEMONTE,103062,c_i249
I251,SANTA MARIA NUOVA,ANCONA,MARCHE,042043,c_i251
I253,SANTA MARINA,SALERNO,CAMPANIA,065127,c_l253
I254,SANTA MARINA SALINA,MESSINA,SICILIA,083087,c_i254
I255,SANTA MARINELLA,ROMA,LAZIO,058097,c_i255
I256,SANT'AMBROGIO SUL GARIGLIANO,FROSINONE,LAZIO,060065,C_I256
I258,SANT'AMBROGIO DI TORINO,TORINO,PIEMONTE,001255,c_i258
I259,SANT'AMBROGIO DI VALPOLICELLA,VERONA,VENETO,023077,c_i259
I260,SANTOMENNA,SALERNO,CAMPANIA,065131,c_i260
I261,SAN TAMMARO,CASERTA,CAMPANIA,061085,c_l261
I262,SANT'ANASTASIA,NAPOLI,CAMPANIA,063072,c_i262
I263,SANT'ANATOLIA DI NARCO,PERUGIA,UMBRIA,054045,c_i263
I264,SANT'ANDREA DI CONZA,AVELLINO,CAMPANIA,064089,c_i264
I265,SANT'ANDREA DEL GARIGLIANO,FROSINONE,LAZIO,060066,c_i265
I266,SANT'ANDREA APOSTOLO DELLO IONIO,CATANZARO,CALABRIA,079118,c_i266
I271,SANT'ANDREA FRIUS,SUD SARDEGNA,SARDEGNA,111069,c_i271
I273,SANT'ANGELO D'ALIFE,CASERTA,CAMPANIA,061086,c_i273
I274,SANT'ANGELO LODIGIANO,LODI,LOMBARDIA,098050,c_i274
I275,SANT'ANGELO DI PIOVE DI SACCO,PADOVA,VENETO,028082,c_i275
I276,SANT'ANGELO LOMELLINA,PAVIA,LOMBARDIA,018144,c_i276
I277,SANT'ANGELO A CUPOLO,BENEVENTO,CAMPANIA,062071,c_i277
I278,SANT'ANGELO A FASANELLA,SALERNO,CAMPANIA,065128,c_i278
I279,SANT'ANGELO ALL'ESCA,AVELLINO,CAMPANIA,064090,c_i279
I280,SANT'ANGELO A SCALA,AVELLINO,CAMPANIA,064091,c_i280
I281,SANT'ANGELO DEI LOMBARDI,AVELLINO,CAMPANIA,064092,c_i281
I282,SANT'ANGELO DEL PESCO,ISERNIA,MOLISE,094046,c_i282
I283,SANT'ANGELO DI BROLO,MESSINA,SICILIA,083088,c_i283
I284,SANT'ANGELO ROMANO,ROMA,LAZIO,058098,c_i284a
I286,SANT'ANGELO IN PONTANO,MACERATA,MARCHE,043048,c_i286
I287,SANT'ANGELO IN VADO,PESARO E URBINO,MARCHE,041057,c_I287
I288,SANT'ANGELO LE FRATTE,POTENZA,BASILICATA,076079,c_i288
I289,SANT'ANGELO LIMOSANO,CAMPOBASSO,MOLISE,070073,c_I289
I290,SANT'ANGELO MUXARO,AGRIGENTO,SICILIA,084039,c_i290
I291,SANTA NINFA,TRAPANI,SICILIA,081019,c_i291
I292,SANT'ANNA D'ALFAEDO,VERONA,VENETO,023078,c_i928
I293,SANT'ANTIMO,NAPOLI,CAMPANIA,063073,c_i293
I294,SANT'ANTIOCO,SUD SARDEGNA,SARDEGNA,111071,c_i294
I296,SANT'ANTONINO DI SUSA,TORINO,PIEMONTE,001256,c_i296
I298,VILLA SANT'ANTONIO,ORISTANO,SARDEGNA,095048,c_i298
I300,SANT'ANTONIO ABATE,NAPOLI,CAMPANIA,063074,c_i300
I301,SANTA PAOLINA,AVELLINO,CAMPANIA,064093,c_i301
I302,SANT'APOLLINARE,FROSINONE,LAZIO,060067,c_i302
I304,SANTARCANGELO DI ROMAGNA,RIMINI,EMILIA ROMAGNA,099018,c_i304
I305,SANT'ARCANGELO,POTENZA,BASILICATA,076080,c_i305
I306,SANT'ARPINO,CASERTA,CAMPANIA,061087,c_i306
I307,SANT'ARSENIO,SALERNO,CAMPANIA,065129,c_i307
I308,SANTA SEVERINA,CROTONE,CALABRIA,101022,c_i308
I309,SANTA SOFIA D'EPIRO,COSENZA,CALABRIA,078133,c_i309
I310,SANTA SOFIA,FORLI,EMILIA ROMAGNA,040043,c_i310
I311,SANTA TERESA DI RIVA,MESSINA,SICILIA,083089,c_i311
I312,SANTA TERESA GALLURA,SASSARI,SARDEGNA,090063,c_i312
I314,SANTA VENERINA,CATANIA,SICILIA,087048,c_i314
I315,SANTA VITTORIA IN MATENANO,FERMO,MARCHE,109036,c_i315
I316,SANTA VITTORIA D'ALBA,CUNEO,PIEMONTE,004212,c_i316
I317,SANT'EGIDIO DEL MONTE ALBINO,SALERNO,CAMPANIA,065130,c_i317
I318,SANT'EGIDIO ALLA VIBRATA,TERAMO,ABRUZZO,067038,c_i318
I319,SANT'ELENA,PADOVA,VENETO,028083,c_i319
I320,SANT'ELIA A PIANISI,CAMPOBASSO,MOLISE,070074,c_i320
I321,SANT'ELIA FIUMERAPIDO,FROSINONE,LAZIO,060068,c_i321
I322,VALLEFIORITA,CATANZARO,CALABRIA,079151,c_i322
I324,SANT'ELPIDIO A MARE,FERMO,MARCHE,109037,c_i324
I326,SANTE MARIE,AQUILA,ABRUZZO,066089,c_i326
I327,SANTENA,TORINO,PIEMONTE,001257,c_i327
I328,SAN TEODORO,MESSINA,SICILIA,083090,c_i328
I329,SAN TEODORO,SASSARI,SARDEGNA,090092,c_i32k
I330,SANTERAMO IN COLLE,BARI,PUGLIA,072041,c_i330
I332,SANT'EUFEMIA A MAIELLA,PESCARA,ABRUZZO,068037,c_i332
I333,SANT'EUFEMIA D'ASPROMONTE,REGGIO CALABRIA,CALABRIA,080081,c_i333
I335,SANT'EUSANIO DEL SANGRO,CHIETI,ABRUZZO,069085,c_i335
I336,SANT'EUSANIO FORCONESE,AQUILA,ABRUZZO,066090,c_i336
I337,SANTHIA',VERCELLI,PIEMONTE,002133,c_i337
I339,SANTI COSMA E DAMIANO,LATINA,LAZIO,059026,c_i339
I341,SANT'ILARIO DELLO IONIO,REGGIO CALABRIA,CALABRIA,080082,c_i341
I342,SANT'ILARIO D'ENZA,REGGIO EMILIA,EMILIA ROMAGNA,035039,c_i342
I344,SANT'IPPOLITO,PESARO E URBINO,MARCHE,041058,c_l344
I346,SANT'OLCESE,GENOVA,LIGURIA,010055,c_i346
I347,SAN TOMASO AGORDINO,BELLUNO,VENETO,025049,c_i347
I348,SANT'OMERO,TERAMO,ABRUZZO,067039,c_067039
I350,SANT'ONOFRIO,VIBO VALENTIA,CALABRIA,102036,c_i350
I351,SANTOPADRE,FROSINONE,LAZIO,060069,c_i351
I352,SANT'ORESTE,ROMA,LAZIO,058099,c_i352
I353,SANTORSO,VICENZA,VENETO,024095,c_i353
I354,SANT'ORSOLA TERME,TRENTO,TRENTINO ALTO ADIGE,022168,c_i354
I356,SANTO STEFANO QUISQUINA,AGRIGENTO,SICILIA,084040,c_i356
I357,SANTO STEFANO DEL SOLE,AVELLINO,CAMPANIA,064095,c_i357
I359,SANTO STEFANO DI ROGLIANO,COSENZA,CALABRIA,078134,c_i359
I360,SANTO STEFANO DI SESSANIO,AQUILA,ABRUZZO,066091,c_i360
I361,SANTO STEFANO TICINO,MILANO,LOMBARDIA,015200,c_i361
I362,SANTO STEFANO LODIGIANO,LODI,LOMBARDIA,098051,c_i362
I363,SANTO STEFANO DI MAGRA,LA SPEZIA,LIGURIA,011026,c_i363
I364,VILLA SANTO STEFANO,FROSINONE,LAZIO,060090,c_i364
I365,SANTO STEFANO AL MARE,IMPERIA,LIGURIA,008056,c_l365
I367,SANTO STEFANO BELBO,CUNEO,PIEMONTE,004213,c_i367
I368,SANTO STEFANO D'AVETO,GENOVA,LIGURIA,010056,c_i368
I370,SANTO STEFANO DI CAMASTRA,MESSINA,SICILIA,083091,c_i370
I371,SANTO STEFANO IN ASPROMONTE,REGGIO CALABRIA,CALABRIA,080083,c_i371
I372,SANTO STEFANO ROERO,CUNEO,PIEMONTE,004214,c_i372
I373,SAN STINO DI LIVENZA,VENEZIA,VENETO,027036,c_i373
I374,SANTU LUSSURGIU,ORISTANO,SARDEGNA,095049,c_i374
I375,SANT'URBANO,PADOVA,VENETO,028084,c_i375
I376,SAN VALENTINO IN ABRUZZO CITERIORE,PESCARA,ABRUZZO,068038,c_i376
I377,SAN VALENTINO TORIO,SALERNO,CAMPANIA,065132,c_i377
I381,SAN VENANZO,TERNI,UMBRIA,055030,c_i381
I382,SAN VENDEMIANO,TREVISO,VENETO,026076,c_i382
I384,SAN VERO MILIS,ORISTANO,SARDEGNA,095050,c_i384
I388,SAN VINCENZO LA COSTA,COSENZA,CALABRIA,078135,c_i388
I389,SAN VINCENZO VALLE ROVETO,AQUILA,ABRUZZO,066092,c_i389
I390,SAN VINCENZO,LIVORNO,TOSCANA,049018,c_l390
I391,SAN VITALIANO,NAPOLI,CAMPANIA,063075,c_i391
I392,SAN VITO DI CADORE,BELLUNO,VENETO,025051,c_i392k
I393,SAN VITO SULLO IONIO,CATANZARO,CALABRIA,079122,c_i393
I394,SAN VITO CHIETINO,CHIETI,ABRUZZO,069086,c_i394
I396,SAN VITO DEI NORMANNI,BRINDISI,PUGLIA,074017,c_i396
I400,SAN VITO ROMANO,ROMA,LAZIO,058100,c_h494
I401,SAN VITO DI LEGUZZANO,VICENZA,VENETO,024096,c_i401
I402,SAN VITO,SUD SARDEGNA,SARDEGNA,111066,c_i402
I403,SAN VITO AL TAGLIAMENTO,PORDENONE,FRIULI VENEZIA GIULIA,093041,c_i403
I404,SAN VITO AL TORRE,UDINE,FRIULI VENEZIA GIULIA,030105,c_i404
I405,SAN VITO DI FAGAGNA,UDINE,FRIULI VENEZIA GIULIA,030106,c_i405
I407,SAN VITO LO CAPO,TRAPANI,SICILIA,081020,c_i407
I408,SAN VITTORE DEL LAZIO,FROSINONE,LAZIO,060070,c_i408
I409,SAN VITTORE OLONA,MILANO,LOMBARDIA,015201,c_i409
I410,SANZA,SALERNO,CAMPANIA,065133,C_I410
I411,SANZENO,TRENTO,TRENTINO ALTO ADIGE,022169,c_i411
I412,SAN ZENO NAVIGLIO,BRESCIA,LOMBARDIA,017173,c_i412
I414,SAN ZENO DI MONTAGNA,VERONA,VENETO,023079,c_i414
I415,SAN ZENONE AL LAMBRO,MILANO,LOMBARDIA,015202,c_i415
I416,SAN ZENONE AL PO,PAVIA,LOMBARDIA,018145,c_i416
I417,SAN ZENONE DEGLI EZZELINI,TREVISO,VENETO,026077,c_i417
I418,SAONARA,PADOVA,VENETO,028085,c_i418
I420,SAPONARA,MESSINA,SICILIA,083092,c_i420
I421,SAPPADA,UDINE,FRIULI VENEZIA GIULIA,030189,c_i421
I422,SAPRI,SALERNO,CAMPANIA,065134,c_i422
I423,SARACENA,COSENZA,CALABRIA,078136,c_i423
I424,SARACINESCO,ROMA,LAZIO,058101,c_i424
I425,SARCEDO,VICENZA,VENETO,024097,c_i425
I426,SARCONI,POTENZA,BASILICATA,076081,c_i426
I428,SARDARA,SUD SARDEGNA,SARDEGNA,111072,c_i428
I429,SARDIGLIANO,ALESSANDRIA,PIEMONTE,006157,c_i429
I430,SAREGO,VICENZA,VENETO,024098,c_i430
I431,SARENTINO,BOLZANO,TRENTINO ALTO ADIGE,021086,c_i431
I432,SAREZZANO,ALESSANDRIA,PIEMONTE,006158,c_i432
I433,SAREZZO,BRESCIA,LOMBARDIA,017174,c_i433
I434,SARMATO,PIACENZA,EMILIA ROMAGNA,033042,c_i434
I435,SARMEDE,TREVISO,VENETO,026078,c_i435
I436,SARNANO,MACERATA,MARCHE,043049,c_i436
I437,SARNICO,BERGAMO,LOMBARDIA,016193,c_i437
I438,SARNO,SALERNO,CAMPANIA,065135,c_i438
I439,SARNONICO,TRENTO,TRENTINO ALTO ADIGE,022170,c_i439
I441,SARONNO,VARESE,LOMBARDIA,012119,c_i441
I442,SARRE,AOSTA,VALLE D'AOSTA,007066,c_i442
I443,SARROCH,CITTA' METROPOLITANA DI CAGLIARI,SARDEGNA,092066,c_i443
I444,SARSINA,FORLI,EMILIA ROMAGNA,040044,c_i444
I445,SARTEANO,SIENA,TOSCANA,052031,c_i445
I447,SARTIRANA LOMELLINA,PAVIA,LOMBARDIA,018146,c_i447
I448,SARULE,NUORO,SARDEGNA,091077,c_i448
I449,SARZANA,LA SPEZIA,LIGURIA,011027,c_i449
I451,SASSANO,SALERNO,CAMPANIA,065136,c_i451
I452,SASSARI,SASSARI,SARDEGNA,090064,c_i452
I453,SASSELLO,SAVONA,LIGURIA,009055,c_i453
I454,SASSETTA,LIVORNO,TOSCANA,049019,c_i454
I455,SASSINORO,BENEVENTO,CAMPANIA,062072,c_i455
I457,SASSO DI CASTALDA,POTENZA,BASILICATA,076082,c_i457
I460,SASSOFELTRIO,RIMINI,EMILIA ROMAGNA,099031,c_i460
I461,SASSOFERRATO,ANCONA,MARCHE,042044,c_i461
I462,SASSUOLO,MODENA,EMILIA ROMAGNA,036040,c_i462
I463,SATRIANO,CATANZARO,CALABRIA,079123,c_i463
I464,SAURIS,UDINE,FRIULI VENEZIA GIULIA,030107,c_i464
I465,SAUZE DI CESANA,TORINO,PIEMONTE,001258,c_i465
I466,SAUZE D'OULX,TORINO,PIEMONTE,001259,c_i466
I467,SAVA,TARANTO,PUGLIA,073026,c_i467
I468,SAVELLI,CROTONE,CALABRIA,101023,c_i468
I469,SAVIANO,NAPOLI,CAMPANIA,063076,c_i469
I470,SAVIGLIANO,CUNEO,PIEMONTE,004215,c_i470
I471,SAVIGNANO IRPINO,AVELLINO,CAMPANIA,064096,c_i471
I472,SAVIGNANO SUL RUBICONE,FORLI,EMILIA ROMAGNA,040045,c_i472
I473,SAVIGNANO SUL PANARO,MODENA,EMILIA ROMAGNA,036041,c_i473
I475,SAVIGNONE,GENOVA,LIGURIA,010057,c_i475
I476,SAVIORE DELL'ADAMELLO,BRESCIA,LOMBARDIA,017175,c_l476
I477,SAVOCA,MESSINA,SICILIA,083093,c_i477
I478,SAVOGNA,UDINE,FRIULI VENEZIA GIULIA,030108,c_i478
I479,SAVOGNA D'ISONZO,GORIZIA,FRIULI VENEZIA GIULIA,031022,c_l082
I480,SAVONA,SAVONA,LIGURIA,009056,c_i480
I482,SCAFA,PESCARA,ABRUZZO,068039,c_i482
I483,SCAFATI,SALERNO,CAMPANIA,065137,c_i483
I484,SCAGNELLO,CUNEO,PIEMONTE,004216,c_i484
I485,SCALA COELI,COSENZA,CALABRIA,078137,c_i485
I486,SCALA,SALERNO,CAMPANIA,065138,c_i486
I487,SCALDASOLE,PAVIA,LOMBARDIA,018147,c_i487
I489,SCALEA,COSENZA,CALABRIA,078138,c_i489
I490,SCALENGHE,TORINO,PIEMONTE,001260,c_i490
I492,SCALETTA ZANCLEA,MESSINA,SICILIA,083094,c_i492
I493,SCAMPITELLA,AVELLINO,CAMPANIA,064097,c_i493
I494,SCANDALE,CROTONE,CALABRIA,101024,c_i494
I496,SCANDIANO,REGGIO EMILIA,EMILIA ROMAGNA,035040,c_i496
I497,SCANDOLARA RAVARA,CREMONA,LOMBARDIA,019092,c_i497
I498,SCANDOLARA RIPA D'OGLIO,CREMONA,LOMBARDIA,019093,c_i498
I499,SCANDRIGLIA,RIETI,LAZIO,057064,c_i499
I501,SCANNO,AQUILA,ABRUZZO,066093,c_i501
I503,SCANO DI MONTIFERRO,ORISTANO,SARDEGNA,095051,c_i503
I504,SCANSANO,GROSSETO,TOSCANA,053023,c_i504
I506,SCANZOROSCIATE,BERGAMO,LOMBARDIA,016194,c_i506
I507,SCAPOLI,ISERNIA,MOLISE,094048,c_i507
I510,SCARLINO,GROSSETO,TOSCANA,053024,c_i510
I511,SCARMAGNO,TORINO,PIEMONTE,001261,C_I511
I512,SCARNAFIGI,CUNEO,PIEMONTE,004217,c_i512
I519,SCENA,BOLZANO,TRENTINO ALTO ADIGE,021087,c_i519
I520,SCERNI,CHIETI,ABRUZZO,069087,c_i520
I522,SCHEGGIA E PASCELUPO,PERUGIA,UMBRIA,054046,c_i522
I523,SCHEGGINO,PERUGIA,UMBRIA,054047,c_i523
I526,SCHIAVI DI ABRUZZO,CHIETI,ABRUZZO,069088,c_i526
I527,SCHIAVON,VICENZA,VENETO,024099,c_i527
I529,SCHIGNANO,COMO,LOMBARDIA,013211,c_i529
I530,SCHILPARIO,BERGAMO,LOMBARDIA,016195,c_i530
I531,SCHIO,VICENZA,VENETO,024100,c_i531
I532,SCHIVENOGLIA,MANTOVA,LOMBARDIA,020060,c_i532
I533,SCIACCA,AGRIGENTO,SICILIA,084041,c_i533
I534,SCIARA,PALERMO,SICILIA,082068,c_l534
I535,SCICLI,RAGUSA,SICILIA,088011,c_i535
I536,SCIDO,REGGIO CALABRIA,CALABRIA,080084,c_i536
I537,SCILLA,REGGIO CALABRIA,CALABRIA,080085,c_i537
I538,SCILLATO,PALERMO,SICILIA,082081,c_i538
I539,SCIOLZE,TORINO,PIEMONTE,001262,c_i539
I540,SCISCIANO,NAPOLI,CAMPANIA,063077,c_i540
I541,SCLAFANI BAGNI,PALERMO,SICILIA,082069,c_i541
I543,SCONTRONE,AQUILA,ABRUZZO,066094,c_i543
I544,SCOPA,VERCELLI,PIEMONTE,002134,c_i544
I545,SCOPELLO,VERCELLI,PIEMONTE,002135,c_i545
I546,SCOPPITO,AQUILA,ABRUZZO,066095,c_i546
I548,SCORDIA,CATANIA,SICILIA,087049,c_i548
I549,SCORRANO,LECCE,PUGLIA,075073,c_i549
I551,SCORZE',VENEZIA,VENETO,027037,c_i551
I553,SCURCOLA MARSICANA,AQUILA,ABRUZZO,066096,c_i553
I554,SCURELLE,TRENTO,TRENTINO ALTO ADIGE,022171,c_i554
I555,SCURZOLENGO,ASTI,PIEMONTE,005103,c_i555
I556,SEBORGA,IMPERIA,LIGURIA,008057,c_i556
I558,SECINARO,AQUILA,ABRUZZO,066097,c_i558
I559,SECLI',LECCE,PUGLIA,075074,c_i559
I561,SECUGNAGO,LODI,LOMBARDIA,098052,c_l561
I562,SEDEGLIANO,UDINE,FRIULI VENEZIA GIULIA,030109,c_i562
I563,SEDICO,BELLUNO,VENETO,025053,c_i563
I564,SEDILO,ORISTANO,SARDEGNA,095052,c_i564
I565,SEDINI,SASSARI,SARDEGNA,090065,c_i565
I566,SEDRIANO,MILANO,LOMBARDIA,015204,c_i566
I567,SEDRINA,BERGAMO,LOMBARDIA,016196,C_I567
I569,SEFRO,MACERATA,MARCHE,043050,c_i569
I570,SEGARIU,SUD SARDEGNA,SARDEGNA,111073,c_i570
I571,SEGGIANO,GROSSETO,TOSCANA,053025,c_i571
I573,SEGNI,ROMA,LAZIO,058102,c_i573
I576,SEGONZANO,TRENTO,TRENTINO ALTO ADIGE,022172,c_i576
I577,SEGRATE,MILANO,LOMBARDIA,015205,c_i577
I578,SEGUSINO,TREVISO,VENETO,026079,c_i578
I580,SELARGIUS,CITTA' METROPOLITANA DI CAGLIARI,SARDEGNA,092068,c_i580
I581,SELCI,RIETI,LAZIO,057065,c_i581
I582,SELEGAS,SUD SARDEGNA,SARDEGNA,111074,c_i582
I585,SELLANO,PERUGIA,UMBRIA,054048,c_i585
I588,SELLERO,BRESCIA,LOMBARDIA,017176,c_i588
I589,SELLIA,CATANZARO,CALABRIA,079126,c_xett
I590,SELLIA MARINA,CATANZARO,CALABRIA,079127,c_i590
I591,SELVA DI VAL GARDENA,BOLZANO,TRENTINO ALTO ADIGE,021089,c_i591
I592,SELVA DI CADORE,BELLUNO,VENETO,025054,c_i592
I593,SELVA DEI MOLINI,BOLZANO,TRENTINO ALTO ADIGE,021088,c_i593
I594,SELVA DI PROGNO,VERONA,VENETO,023080,c_i594
I595,SELVAZZANO DENTRO,PADOVA,VENETO,028086,c_i595
I597,SELVINO,BERGAMO,LOMBARDIA,016197,c_i597
I598,SEMESTENE,SASSARI,SARDEGNA,090066,c_i598
I599,SEMIANA,PAVIA,LOMBARDIA,018148,c_i599
I600,SEMINARA,REGGIO CALABRIA,CALABRIA,080086,c_i600
I601,SEMPRONIANO,GROSSETO,TOSCANA,053028,c_i601
I602,SENAGO,MILANO,LOMBARDIA,015206,c_i602
I603,SENALE-SAN FELICE,BOLZANO,TRENTINO ALTO ADIGE,021118,c_i603
I604,SENALES,BOLZANO,TRENTINO ALTO ADIGE,021091,c_i604
I605,SENEGHE,ORISTANO,SARDEGNA,095053,c_i605
I606,SENERCHIA,AVELLINO,CAMPANIA,064098,C_I606
I607,SENIGA,BRESCIA,LOMBARDIA,017177,c_i607
I608,SENIGALLIA,ANCONA,MARCHE,042045,c_i608
I609,SENIS,ORISTANO,SARDEGNA,095054,c_i609
I610,SENISE,POTENZA,BASILICATA,076085,c_i610
I611,SENNA COMASCO,COMO,LOMBARDIA,013212,c_i611
I612,SENNA LODIGIANA,LODI,LOMBARDIA,098053,c_i612
I613,SENNARIOLO,ORISTANO,SARDEGNA,095055,c_i613
I614,SENNORI,SASSARI,SARDEGNA,090067,c_i614
I615,SENORBI',SUD SARDEGNA,SARDEGNA,111075,c_i615
I618,SEPINO,CAMPOBASSO,MOLISE,070075,c_i618
I621,SEQUALS,PORDENONE,FRIULI VENEZIA GIULIA,093042,c_i621
I622,SERAVEZZA,LUCCA,TOSCANA,046028,c_i622
I624,SERDIANA,SUD SARDEGNA,SARDEGNA,111076,c_i624
I625,SEREGNO,MONZA E DELLA BRIANZA,LOMBARDIA,108039,c_i625
I626,SEREN DEL GRAPPA,BELLUNO,VENETO,025055,c_i626
I627,SERGNANO,CREMONA,LOMBARDIA,019094,c_i627
I628,SERIATE,BERGAMO,LOMBARDIA,016198,c_i628
I629,SERINA,BERGAMO,LOMBARDIA,016199,c_i629
I630,SERINO,AVELLINO,CAMPANIA,064099,c_i630
I631,SERLE,BRESCIA,LOMBARDIA,017178,c_i631
I632,SERMIDE E FELONICA,MANTOVA,LOMBARDIA,020061,c_i632
I633,SIRMIONE,BRESCIA,LOMBARDIA,017179,c_i633
I634,SERMONETA,LATINA,LAZIO,059027,c_i634
I635,SERNAGLIA DELLA BATTAGLIA,TREVISO,VENETO,026080,c_i635
I636,SERNIO,SONDRIO,LOMBARDIA,014059,c_i636
I637,SEROLE,ASTI,PIEMONTE,005104,c_i637
I639,SERRA SAN BRUNO,VIBO VALENTIA,CALABRIA,102037,c_l639
I640,SERRA RICCO',GENOVA,LIGURIA,010058,c_jz4m
I641,SERRACAPRIOLA,FOGGIA,PUGLIA,071053,c_i641
I642,SERRA D'AIELLO,COSENZA,CALABRIA,078140,c_d0869
I643,SERRA DE' CONTI,ANCONA,MARCHE,042046,c_i643
I644,SERRADIFALCO,CALTANISSETTA,SICILIA,085018,c_i644
I645,SERRALUNGA DI CREA,ALESSANDRIA,PIEMONTE,006159,c_i645
I646,SERRALUNGA D'ALBA,CUNEO,PIEMONTE,004218,c_i646
I647,SERRAMANNA,SUD SARDEGNA,SARDEGNA,111077,c_i647
I648,SERRAMEZZANA,SALERNO,CAMPANIA,065139,c_i648
I649,SERRAMONACESCA,PESCARA,ABRUZZO,068040,c_i649
I651,SERRAPETRONA,MACERATA,MARCHE,043051,c_i651
I652,SERRARA FONTANA,NAPOLI,CAMPANIA,063078,c_i652
I653,SERRA SAN QUIRICO,ANCONA,MARCHE,042047,c_i653
I654,SERRA SANT'ABBONDIO,PESARO E URBINO,MARCHE,041061,c_i654
I655,SERRASTRETTA,CATANZARO,CALABRIA,079129,cdss
I656,SERRATA,REGGIO CALABRIA,CALABRIA,080087,c_oa0d
I657,SERRAVALLE SCRIVIA,ALESSANDRIA,PIEMONTE,006160,c_i657
I659,SERRAVALLE LANGHE,CUNEO,PIEMONTE,004219,c_i659
I660,SERRAVALLE PISTOIESE,PISTOIA,TOSCANA,047020,c_i660
I661,SERRAVALLE DI CHIENTI,MACERATA,MARCHE,043052,c_i661
I662,SERRAVALLE A PO,MANTOVA,LOMBARDIA,020062,c_i662
I663,SERRAVALLE SESIA,VERCELLI,PIEMONTE,002137,c_i663
I666,SERRE,SALERNO,CAMPANIA,065140,c_i639
I667,SERRENTI,SUD SARDEGNA,SARDEGNA,111078,c_i667
I668,SERRI,SUD SARDEGNA,SARDEGNA,111079,c_i668
I669,SERRONE,FROSINONE,LAZIO,060071,c_i669
I671,SERSALE,CATANZARO,CALABRIA,079130,c_i671
I673,SOVRAMONTE,BELLUNO,VENETO,025058,c_i673
I676,SESSA AURUNCA,CASERTA,CAMPANIA,061088,c_i676
I677,SESSA CILENTO,SALERNO,CAMPANIA,065141,c_i677
I678,SESSAME,ASTI,PIEMONTE,005105,c_i678
I679,SESSANO DEL MOLISE,ISERNIA,MOLISE,094049,c_i679
I681,SESTINO,AREZZO,TOSCANA,051035,c_i681
I682,SESTO CAMPANO,ISERNIA,MOLISE,094050,c_i682ea
I683,SESTO ED UNITI,CREMONA,LOMBARDIA,019095,c_i683
I684,SESTO FIORENTINO,FIRENZE,TOSCANA,048043,c_i684
I686,SESTO AL REGHENA,PORDENONE,FRIULI VENEZIA GIULIA,093043,c_i686
I687,SESTO,BOLZANO,TRENTINO ALTO ADIGE,021092,c_i687
I688,SESTO CALENDE,VARESE,LOMBARDIA,012120,c_i688
I689,SESTOLA,MODENA,EMILIA ROMAGNA,036043,c_i689
I690,SESTO SAN GIOVANNI,MILANO,LOMBARDIA,015209,c_i690
I692,SESTRIERE,TORINO,PIEMONTE,001263,c_i692
I693,SESTRI LEVANTE,GENOVA,LIGURIA,010059,c_i693
I695,SESTU,CITTA' METROPOLITANA DI CAGLIARI,SARDEGNA,092074,c_i695
I696,SETTALA,MILANO,LOMBARDIA,015210,c_i696
I697,SETTEFRATI,FROSINONE,LAZIO,060072,c_i697
I698,SETTIME,ASTI,PIEMONTE,005106,c_i698
I699,SETTIMO SAN PIETRO,CITTA' METROPOLITANA DI CAGLIARI,SARDEGNA,092075,c_i699
I700,SETTIMO MILANESE,MILANO,LOMBARDIA,015211,c_i700
I701,SETTIMO ROTTARO,TORINO,PIEMONTE,001264,c_i701
I702,SETTIMO VITTONE,TORINO,PIEMONTE,001266,c_i702
I703,SETTIMO TORINESE,TORINO,PIEMONTE,001265,c_i703
I704,SETTINGIANO,CATANZARO,CALABRIA,079131,c_i704
I705,SETZU,SUD SARDEGNA,SARDEGNA,111080,c_i705
I706,SEUI,SUD SARDEGNA,SARDEGNA,111081,c_i706
I707,SEULO,SUD SARDEGNA,SARDEGNA,111082,c_i707
I709,SEVESO,MONZA E DELLA BRIANZA,LOMBARDIA,108040,c_i709
I711,SEZZADIO,ALESSANDRIA,PIEMONTE,006161,c_I711
I712,SEZZE,LATINA,LAZIO,059028,c_i712
I714,SFRUZ,TRENTO,TRENTINO ALTO ADIGE,022173,c_i714
I715,SGONICO,TRIESTE,FRIULI VENEZIA GIULIA,032005,c_i715
I716,SGURGOLA,FROSINONE,LAZIO,060073,c_i716
I717,SIAMAGGIORE,ORISTANO,SARDEGNA,095056,c_l717
I718,SIAMANNA,ORISTANO,SARDEGNA,095057,c_i718
I720,SIANO,SALERNO,CAMPANIA,065142,c_i720
I721,SIAPICCIA,ORISTANO,SARDEGNA,095076,c_i719
I723,SICULIANA,AGRIGENTO,SICILIA,084042,c_i723
I724,SIDDI,SUD SARDEGNA,SARDEGNA,111083,c_i724
I725,SIDERNO,REGGIO CALABRIA,CALABRIA,080088,c_i725
I726,SIENA,SIENA,TOSCANA,052032,c_i726
I727,SIGILLO,PERUGIA,UMBRIA,054049,c_i727
I728,SIGNA,FIRENZE,TOSCANA,048044,c_i728
I729,SILANDRO,BOLZANO,TRENTINO ALTO ADIGE,021093,c_i729
I730,SILANUS,NUORO,SARDEGNA,091083,c_i730
I732,SILIGO,SASSARI,SARDEGNA,090068,c_i732
I734,SILIQUA,SUD SARDEGNA,SARDEGNA,111084,c_i734
I735,SILIUS,SUD SARDEGNA,SARDEGNA,111085,c_i735
I736,SILLAVENGO,NOVARA,PIEMONTE,003138,c_i736
I738,SILVANO D'ORBA,ALESSANDRIA,PIEMONTE,006162,c_i738
I739,SILVANO PIETRA,PAVIA,LOMBARDIA,018149,c_i739
I741,SILVI,TERAMO,ABRUZZO,067040,c_i741
I742,SIMALA,ORISTANO,SARDEGNA,095058,c_i742
I743,SIMAXIS,ORISTANO,SARDEGNA,095059,c_i743
I744,SIMBARIO,VIBO VALENTIA,CALABRIA,102038,c_i744
I745,SIMERI CRICHI,CATANZARO,CALABRIA,079133,c_i745
I747,SINAGRA,MESSINA,SICILIA,083095,c_i747
I748,SINDIA,NUORO,SARDEGNA,091084,c_i748
I749,SINI,ORISTANO,SARDEGNA,095060,c_i749
I750,SINIO,CUNEO,PIEMONTE,004220,c_i750
I751,SINISCOLA,NUORO,SARDEGNA,091085,c_i751
I752,SINNAI,CITTA' METROPOLITANA DI CAGLIARI,SARDEGNA,092080,c_i752
I753,SINOPOLI,REGGIO CALABRIA,CALABRIA,080089,c_i753
I754,SIRACUSA,SIRACUSA,SICILIA,089017,c_i754
I756,SIRIGNANO,AVELLINO,CAMPANIA,064100,c_i756
I757,SIRIS,ORISTANO,SARDEGNA,095061,c_i757
I758,SIROLO,ANCONA,MARCHE,042048,c_i758
I759,SIRONE,LECCO,LOMBARDIA,097075,c_i759
I761,SIRTORI,LECCO,LOMBARDIA,097076,c_i761
I765,SIURGUS DONIGALA,SUD SARDEGNA,SARDEGNA,111086,c_i765
I767,SIZZANO,NOVARA,PIEMONTE,003139,c_i767
I771,SLUDERNO,BOLZANO,TRENTINO ALTO ADIGE,021094,c_i771
I774,SMERILLO,FERMO,MARCHE,109039,c_i774
I775,SOAVE,VERONA,VENETO,023081,c_i775
I777,SOCCHIEVE,UDINE,FRIULI VENEZIA GIULIA,030110,c_i777
I778,SODDI',ORISTANO,SARDEGNA,095078,c_i778
I779,SOGLIANO AL RUBICONE,FORLI,EMILIA ROMAGNA,040046,c_i779
I780,SOGLIANO CAVOUR,LECCE,PUGLIA,075075,c_i780
I781,SOGLIO,ASTI,PIEMONTE,005107,c_i781
I782,SOIANO DEL LAGO,BRESCIA,LOMBARDIA,017180,c_i782
I783,SOLAGNA,VICENZA,VENETO,024101,c_i783
I785,SOLARINO,SIRACUSA,SICILIA,089018,c_i785
I786,SOLARO,MILANO,LOMBARDIA,015213,c_i786
I787,SOLAROLO,RAVENNA,EMILIA ROMAGNA,039018,c_i787
I790,SOLAROLO RAINERIO,CREMONA,LOMBARDIA,019096,c_i790
I791,SOLARUSSA,ORISTANO,SARDEGNA,095062,c_i791
I793,SOLBIATE ARNO,VARESE,LOMBARDIA,012121,c_i793
I794,SOLBIATE OLONA,VARESE,LOMBARDIA,012122,c_i794
I796,SOLDANO,IMPERIA,LIGURIA,008058,c_i796
I797,SOLEMINIS,SUD SARDEGNA,SARDEGNA,111087,c_i797
I798,SOLERO,ALESSANDRIA,PIEMONTE,006163,c_i798
I799,SOLESINO,PADOVA,VENETO,028087,c_i799
I800,SOLETO,LECCE,PUGLIA,075076,c_i800
I801,SOLFERINO,MANTOVA,LOMBARDIA,020063,c_i801
I802,SOLIERA,MODENA,EMILIA ROMAGNA,036044,c_i802
I803,SOLIGNANO,PARMA,EMILIA ROMAGNA,034035,c_i803
I804,SULMONA,AQUILA,ABRUZZO,066098,c_i804
I805,SOLOFRA,AVELLINO,CAMPANIA,064101,c_i805
I808,SOLONGHELLO,ALESSANDRIA,PIEMONTE,006164,c_i808
I809,SOLOPACA,BENEVENTO,CAMPANIA,062073,c_i809
I812,SOLTO COLLINA,BERGAMO,LOMBARDIA,016200,c_i812
I813,SOLZA,BERGAMO,LOMBARDIA,016251,c_i813
I815,SOMAGLIA,LODI,LOMBARDIA,098054,c_i815
I817,SOMANO,CUNEO,PIEMONTE,004221,c_l822
I819,SOMMA LOMBARDO,VARESE,LOMBARDIA,012123,c_i819
I820,SOMMA VESUVIANA,NAPOLI,CAMPANIA,063079,c_i820
I821,SOMMACAMPAGNA,VERONA,VENETO,023082,c_i821
I822,SOMMARIVA DEL BOSCO,CUNEO,PIEMONTE,004222,c_i822
I823,SOMMARIVA PERNO,CUNEO,PIEMONTE,004223,c_i823
I824,SOMMATINO,CALTANISSETTA,SICILIA,085019,c_i824
I825,SOMMO,PAVIA,LOMBARDIA,018151,c_i825
I826,SONA,VERONA,VENETO,023083,c_i826
I827,SONCINO,CREMONA,LOMBARDIA,019097,c_I827
I828,SONDALO,SONDRIO,LOMBARDIA,014060,c_i828
I829,SONDRIO,SONDRIO,LOMBARDIA,014061,c_i829
I830,SONGAVAZZO,BERGAMO,LOMBARDIA,016201,c_l830
I831,SONICO,BRESCIA,LOMBARDIA,017181,c_i831
I832,SONNINO,LATINA,LAZIO,059029,c_i832
I838,SORA,FROSINONE,LAZIO,060074,c_i838
I839,SORAGA DI FASSA,TRENTO,TRENTINO ALTO ADIGE,022176,c_i839
I840,SORAGNA,PARMA,EMILIA ROMAGNA,034036,c_i840
I841,SORANO,GROSSETO,TOSCANA,053026,c_i841
I843,SORBO SERPICO,AVELLINO,CAMPANIA,064102,C_I843
I844,SORBO SAN BASILE,CATANZARO,CALABRIA,079134,c_i844
I847,SORDEVOLO,BIELLA,PIEMONTE,096063,c_i847
I848,SORDIO,LODI,LOMBARDIA,098055,c_i848
I849,SORESINA,CREMONA,LOMBARDIA,019098,c_i849
I850,SORGA',VERONA,VENETO,023084,c_i850
I851,SORGONO,NUORO,SARDEGNA,091086,c_i851
I852,SORI,GENOVA,LIGURIA,010060,c_i852
I853,SORIANELLO,VIBO VALENTIA,CALABRIA,102039,c_i853
I854,SORIANO CALABRO,VIBO VALENTIA,CALABRIA,102040,c_i854
I855,SORIANO NEL CIMINO,VITERBO,LAZIO,056048,c_i855
I856,SORICO,COMO,LOMBARDIA,013216,c_i856
I857,SORISO,NOVARA,PIEMONTE,003140,c_i857
I858,SORISOLE,BERGAMO,LOMBARDIA,016202,c_i830
I860,SORMANO,COMO,LOMBARDIA,013217,c_i860
I861,SORRADILE,ORISTANO,SARDEGNA,095063,c_i861
I862,SORRENTO,NAPOLI,CAMPANIA,063080,c_i862
I863,SORSO,SASSARI,SARDEGNA,090069,c_i863
I864,SORTINO,SIRACUSA,SICILIA,089019,c_i864
I865,SOSPIRO,CREMONA,LOMBARDIA,019099,c_i865
I866,SOSPIROLO,BELLUNO,VENETO,025056,c_i866
I867,SOSSANO,VICENZA,VENETO,024102,c_i867
I868,SOSTEGNO,BIELLA,PIEMONTE,096064,c_i868
I869,SOTTO IL MONTE GIOVANNI XXIII,BERGAMO,LOMBARDIA,016203,c_i869
I871,SOVER,TRENTO,TRENTINO ALTO ADIGE,022177,c_i871
I872,SOVERATO,CATANZARO,CALABRIA,079137,c_i872
I873,SOVERE,BERGAMO,LOMBARDIA,016204,c_i873
I874,SOVERIA MANNELLI,CATANZARO,CALABRIA,079138,c_i874
I875,SOVERIA SIMERI,CATANZARO,CALABRIA,079139,c_i875
I876,SOVERZENE,BELLUNO,VENETO,025057,c_i876
I877,SOVICILLE,SIENA,TOSCANA,052034,c_i877
I878,SOVICO,MONZA E DELLA BRIANZA,LOMBARDIA,108041,c_i878
I880,SOZZAGO,NOVARA,PIEMONTE,003141,c_i880
I881,SPADAFORA,MESSINA,SICILIA,083096,c_i881
I884,SPADOLA,VIBO VALENTIA,CALABRIA,102041,c_i884
I885,SPARANISE,CASERTA,CAMPANIA,061089,c_i885
I886,SPARONE,TORINO,PIEMONTE,001267,c_i886
I887,SPECCHIA,LECCE,PUGLIA,075077,c_l887
I888,SPELLO,PERUGIA,UMBRIA,054050,c_i888
I891,SPERLINGA,ENNA,SICILIA,086017,c_i891
I892,SPERLONGA,LATINA,LAZIO,059030,c_i892
I893,SPERONE,AVELLINO,CAMPANIA,064103,c_i893
I894,SPESSA,PAVIA,LOMBARDIA,018152,c_i894
I895,SPEZZANO ALBANESE,COSENZA,CALABRIA,078142,c_i895
I896,SPEZZANO DELLA SILA,COSENZA,CALABRIA,078143,c_i896
I899,SPIAZZO,TRENTO,TRENTINO ALTO ADIGE,022179,c_i899
I901,SPIGNO MONFERRATO,ALESSANDRIA,PIEMONTE,006165,c_i901
I902,SPIGNO SATURNIA,LATINA,LAZIO,059031,c_i902
I903,SPILAMBERTO,MODENA,EMILIA ROMAGNA,036045,c_l903
I904,SPILIMBERGO,PORDENONE,FRIULI VENEZIA GIULIA,093044,c_i904
I905,SPILINGA,VIBO VALENTIA,CALABRIA,102042,c_i905
I906,SPINADESCO,CREMONA,LOMBARDIA,019100,c_i906
I907,SPINAZZOLA,BARLETTA-ANDRIA-TRANI,PUGLIA,110008,c_i907
I908,SPINEA,VENEZIA,VENETO,027038,c_i908
I909,SPINEDA,CREMONA,LOMBARDIA,019101,c_i909
I910,SPINETE,CAMPOBASSO,MOLISE,070076,c_i910
I911,SPINETO SCRIVIA,ALESSANDRIA,PIEMONTE,006166,c_l911
I912,SPINETOLI,ASCOLI PICENO,MARCHE,044071,c_i912
I914,SPINO D'ADDA,CREMONA,LOMBARDIA,019102,c_i914
I916,SPINONE AL LAGO,BERGAMO,LOMBARDIA,016205,c_i916
I917,SPINOSO,POTENZA,BASILICATA,076086,c_i917
I919,SPIRANO,BERGAMO,LOMBARDIA,016206,c_i919
I921,SPOLETO,PERUGIA,UMBRIA,054051,c_i921
I922,SPOLTORE,PESCARA,ABRUZZO,068041,c_i922
I923,SPONGANO,LECCE,PUGLIA,075078,c_i923
I924,SPORMAGGIORE,TRENTO,TRENTINO ALTO ADIGE,022180,c_I924
I925,SPORMINORE,TRENTO,TRENTINO ALTO ADIGE,022181,c_i925
I926,SPOTORNO,SAVONA,LIGURIA,009057,c_i926
I927,SPRESIANO,TREVISO,VENETO,026082,c_i927
I928,SPRIANA,SONDRIO,LOMBARDIA,014062,c_i928a
I929,SQUILLACE,CATANZARO,CALABRIA,079142,c_i937
I930,SQUINZANO,LECCE,PUGLIA,075079,c_i930
I932,STAFFOLO,ANCONA,MARCHE,042049,c_i932
I935,STAGNO LOMBARDO,CREMONA,LOMBARDIA,019103,c_i935
I936,STAITI,REGGIO CALABRIA,CALABRIA,080090,c_i936
I937,STALETTI',CATANZARO,CALABRIA,079143,c_i937q
I938,STANGHELLA,PADOVA,VENETO,028088,c_i938
I939,STARANZANO,GORIZIA,FRIULI VENEZIA GIULIA,031023,c_i939
I941,STAZZANO,ALESSANDRIA,PIEMONTE,006167,c_i941
I942,STAZZEMA,LUCCA,TOSCANA,046030,c_i942
I943,STAZZONA,COMO,LOMBARDIA,013218,c_i943
I945,STEFANACONI,VIBO VALENTIA,CALABRIA,102043,c_i945
I946,STELLA,SAVONA,LIGURIA,009058,c_i946
I947,STELLANELLO,SAVONA,LIGURIA,009059,c_i947
I948,STELVIO,BOLZANO,TRENTINO ALTO ADIGE,021095,c_i948
I949,STENICO,TRENTO,TRENTINO ALTO ADIGE,022182,c_i949
I950,STERNATIA,LECCE,PUGLIA,075080,c_i950
I951,STEZZANO,BERGAMO,LOMBARDIA,016207,c_i951
I953,STIENTA,ROVIGO,VENETO,029045,c_i953
I954,STIGLIANO,MATERA,BASILICATA,077027,c_i954
I955,STIGNANO,REGGIO CALABRIA,CALABRIA,080091,c_i955
I956,STILO,REGGIO CALABRIA,CALABRIA,080092,c_i956
I959,STIMIGLIANO,RIETI,LAZIO,057066,c_i959
I960,STIO,SALERNO,CAMPANIA,065145,c_i960
I962,STORNARA,FOGGIA,PUGLIA,071054,c_i962
I963,STORNARELLA,FOGGIA,PUGLIA,071055,c_i963
I964,STORO,TRENTO,TRENTINO ALTO ADIGE,022183,c_i964
I965,STRA,VENEZIA,VENETO,027039,c_i965
I968,STRADELLA,PAVIA,LOMBARDIA,018153,c_i968
I969,STRAMBINELLO,TORINO,PIEMONTE,001268,c_i969
I970,STRAMBINO,TORINO,PIEMONTE,001269,c_i970
I973,STRANGOLAGALLI,FROSINONE,LAZIO,060075,c_i973
I974,STREGNA,UDINE,FRIULI VENEZIA GIULIA,030111,c_i974
I975,STREMBO,TRENTO,TRENTINO ALTO ADIGE,022184,c_i975
I976,STRESA,VERBANO-CUSIO-OSSOLA,PIEMONTE,103064,c_i976
I977,STREVI,ALESSANDRIA,PIEMONTE,006168,c_i977
I978,STRIANO,NAPOLI,CAMPANIA,063081,c_i978
I980,STRONA,BIELLA,PIEMONTE,096065,c_i980
I981,STRONCONE,TERNI,UMBRIA,055031,c_i981
I982,STRONGOLI,CROTONE,CALABRIA,101025,c_i982
I984,STROPPIANA,VERCELLI,PIEMONTE,002142,c_I984
I985,STROPPO,CUNEO,PIEMONTE,004224,c_i985
I986,STROZZA,BERGAMO,LOMBARDIA,016208,c_i986
I990,STURNO,AVELLINO,CAMPANIA,064104,c_l990
I991,SUBBIANO,AREZZO,TOSCANA,051037,c_i991
I992,SUBIACO,ROMA,LAZIO,058103,c_i992
I993,SUCCIVO,CASERTA,CAMPANIA,061090,c_i993
I994,SUEGLIO,LECCO,LOMBARDIA,097077,c_i994
I995,SUELLI,SUD SARDEGNA,SARDEGNA,111088,c_i995
I996,SUELLO,LECCO,LOMBARDIA,097078,c_i996
I997,SUISIO,BERGAMO,LOMBARDIA,016209,c_i997
I998,SULBIATE,MONZA E DELLA BRIANZA,LOMBARDIA,108042,C_I998
L002,SULZANO,BRESCIA,LOMBARDIA,017182,c_l002
L003,SUMIRAGO,VARESE,LOMBARDIA,012124,c_l003
L004,SUMMONTE,AVELLINO,CAMPANIA,064105,c_l004
L006,SUNI,ORISTANO,SARDEGNA,095087,c_l006
L007,SUNO,NOVARA,PIEMONTE,003143,c_l007
L008,SUPERSANO,LECCE,PUGLIA,075081,c_l008
L009,SUPINO,FROSINONE,LAZIO,060076,c_l009
L010,SURANO,LECCE,PUGLIA,075082,c_l010
L011,SURBO,LECCE,PUGLIA,075083,c_l011
L013,SUSA,TORINO,PIEMONTE,001270,c_l013
L014,SUSEGANA,TREVISO,VENETO,026083,c_l014
L015,SUSTINENTE,MANTOVA,LOMBARDIA,020064,c_l015
L016,SUTERA,CALTANISSETTA,SICILIA,085020,c_l016
L017,SUTRI,VITERBO,LAZIO,056049,c_l017
L018,SUTRIO,UDINE,FRIULI VENEZIA GIULIA,030112,c_l018
L019,SUVERETO,LIVORNO,TOSCANA,049020,c_l019
L020,SUZZARA,MANTOVA,LOMBARDIA,020065,c_l020
L022,TACENO,LECCO,LOMBARDIA,097079,c_l022
L023,TADASUNI,ORISTANO,SARDEGNA,095064,c_l023
L024,TAGGIA,IMPERIA,LIGURIA,008059,c_l024
L025,TAGLIACOZZO,AQUILA,ABRUZZO,066099,c_l025
L026,TAGLIO DI PO,ROVIGO,VENETO,029046,c_l026
L027,TAGLIOLO MONFERRATO,ALESSANDRIA,PIEMONTE,006169,c_l027
L030,TAIBON AGORDINO,BELLUNO,VENETO,025059,c_l030
L032,TAINO,VARESE,LOMBARDIA,012125,c_l032
L034,TALAMELLO,RIMINI,EMILIA ROMAGNA,099027,c_l034
L035,TALAMONA,SONDRIO,LOMBARDIA,014063,c_l035
L036,TALANA,NUORO,SARDEGNA,091088,c_l514
L037,TALEGGIO,BERGAMO,LOMBARDIA,016210,c_l037
L038,TALLA,AREZZO,TOSCANA,051038,c_l038
L039,TALMASSONS,UDINE,FRIULI VENEZIA GIULIA,030114,c_l039
L040,TAMBRE,BELLUNO,VENETO,025060,c_l040
L042,TAORMINA,MESSINA,SICILIA,083097,c_l042
L046,TARANO,RIETI,LAZIO,057067,c_l046
L047,TARANTA PELIGNA,CHIETI,ABRUZZO,069089,c_l047
L048,TARANTASCA,CUNEO,PIEMONTE,004225,c_l048
L049,TARANTO,TARANTO,PUGLIA,073027,c_l049
L050,TARCENTO,UDINE,FRIULI VENEZIA GIULIA,030116,c_l050
L055,TARSIA,COSENZA,CALABRIA,078145,c_l055
L056,TARTANO,SONDRIO,LOMBARDIA,014064,c_l056
L057,TARVISIO,UDINE,FRIULI VENEZIA GIULIA,030117,c_l057
L058,TARZO,TREVISO,VENETO,026084,c_l058
L059,TASSAROLO,ALESSANDRIA,PIEMONTE,006170,c_l059
L061,TAURANO,AVELLINO,CAMPANIA,064106,c_l061
L062,TAURASI,AVELLINO,CAMPANIA,064107,c_l062
L063,TAURIANOVA,REGGIO CALABRIA,CALABRIA,080093,c_l063
L064,TAURISANO,LECCE,PUGLIA,075084,c_l064
L065,TAVAGNACCO,UDINE,FRIULI VENEZIA GIULIA,030118,c_l065
L066,TAVAGNASCO,TORINO,PIEMONTE,001271,c_l066
L069,TAVENNA,CAMPOBASSO,MOLISE,070077,c_l069
L070,TAVERNA,CATANZARO,CALABRIA,079146,c_l070
L071,TAVERNERIO,COMO,LOMBARDIA,013222,c_l071
L073,TAVERNOLA BERGAMASCA,BERGAMO,LOMBARDIA,016211,c_l073
L074,TAVIANO,LECCE,PUGLIA,075085,c_l074
L075,TAVIGLIANO,BIELLA,PIEMONTE,096066,c_l075
L078,TAVOLETO,PESARO E URBINO,MARCHE,041064,c_l078
L081,TAVULLIA,PESARO E URBINO,MARCHE,041065,c_l081
L082,TEANA,POTENZA,BASILICATA,076087,c_l08273
L083,TEANO,CASERTA,CAMPANIA,061091,c_l083
L084,TEGLIO,SONDRIO,LOMBARDIA,014065,c_l084
L085,TEGLIO VENETO,VENEZIA,VENETO,027040,c_l085
L086,TELESE TERME,BENEVENTO,CAMPANIA,062074,c_l086
L087,TELGATE,BERGAMO,LOMBARDIA,016212,c_l087
L088,TELTI,SASSARI,SARDEGNA,090080,c_l088
L089,TELVE,TRENTO,TRENTINO ALTO ADIGE,022188,c_l089
L090,TELVE DI SOPRA,TRENTO,TRENTINO ALTO ADIGE,022189,c_l090
L093,TEMPIO PAUSANIA,SASSARI,SARDEGNA,090070,c_l093
L094,TEMU',BRESCIA,LOMBARDIA,017184,c_l094
L096,TENNA,TRENTO,TRENTINO ALTO ADIGE,022190,c_l096
L097,TENNO,TRENTO,TRENTINO ALTO ADIGE,022191,c_l097
L100,TEOLO,PADOVA,VENETO,028089,c_l100
L102,TEORA,AVELLINO,CAMPANIA,064108,c_l102
L103,TERAMO,TERAMO,ABRUZZO,067041,c_l103
L104,TERDOBBIATE,NOVARA,PIEMONTE,003144,c_l104
L105,TERELLE,FROSINONE,LAZIO,060077,c_l105
L106,TERENTO,BOLZANO,TRENTINO ALTO ADIGE,021096,c_l106
L108,TERLANO,BOLZANO,TRENTINO ALTO ADIGE,021097,c_l108
L109,TERLIZZI,BARI,PUGLIA,072043,c_l109
L111,TERMENO SULLA STRADA DEL VINO,BOLZANO,TRENTINO ALTO ADIGE,021098,c_l111
L112,TERMINI IMERESE,PALERMO,SICILIA,082070,c_l112
L113,TERMOLI,CAMPOBASSO,MOLISE,070078,c_l113
L115,TERNATE,VARESE,LOMBARDIA,012126,c_l115
L116,TERNENGO,BIELLA,PIEMONTE,096067,c_l116
L117,TERNI,TERNI,UMBRIA,055032,c_l117
L118,TERNO D'ISOLA,BERGAMO,LOMBARDIA,016213,c_l118
L120,TERRACINA,LATINA,LAZIO,059032,c_l120
L121,TERRAGNOLO,TRENTO,TRENTINO ALTO ADIGE,022193,c_l121
L122,TERRALBA,ORISTANO,SARDEGNA,095065,c_l122
L123,TERRANUOVA BRACCIOLINI,AREZZO,TOSCANA,051039,c_l123
L124,TERRANOVA DA SIBARI,COSENZA,CALABRIA,078146,c_l124
L125,TERRANOVA DEI PASSERINI,LODI,LOMBARDIA,098057,c_l125
L126,TERRANOVA DI POLLINO,POTENZA,BASILICATA,076088,c_l126
L127,TERRANOVA SAPPO MINULIO,REGGIO CALABRIA,CALABRIA,080094,c_l127
L131,TERRASINI,PALERMO,SICILIA,082071,c_l131
L132,TERRASSA PADOVANA,PADOVA,VENETO,028090,c_l132
L134,TERRAVECCHIA,COSENZA,CALABRIA,078147,c_l134
L136,TERRAZZO,VERONA,VENETO,023085,c_l136
L138,TERRICCIOLA,PISA,TOSCANA,050036,c_l138
L139,TERRUGGIA,ALESSANDRIA,PIEMONTE,006171,c_l139
L140,TERTENIA,NUORO,SARDEGNA,091089,c_l140
L142,TERZIGNO,NAPOLI,CAMPANIA,063082,c_l142
L143,TERZO,ALESSANDRIA,PIEMONTE,006172,c_l143
L144,TERZO DI AQUILEIA,UDINE,FRIULI VENEZIA GIULIA,030120,c_l144
L145,TERZOLAS,TRENTO,TRENTINO ALTO ADIGE,022195,c_l145
L146,TERZORIO,IMPERIA,LIGURIA,008060,c_l146
L147,TESERO,TRENTO,TRENTINO ALTO ADIGE,022196,c_l147
L149,TESIMO,BOLZANO,TRENTINO ALTO ADIGE,021099,c_l149
L150,TESSENNANO,VITERBO,LAZIO,056051,c_l150
L152,TESTICO,SAVONA,LIGURIA,009060,c_l152
L153,TETI,NUORO,SARDEGNA,091090,c_l153
L154,TEULADA,SUD SARDEGNA,SARDEGNA,111089,c_l154
L155,TEVEROLA,CASERTA,CAMPANIA,061092,c_l155
L156,TEZZE SUL BRENTA,VICENZA,VENETO,024104,c_l156
L157,THIENE,VICENZA,VENETO,024105,c_l157
L158,THIESI,SASSARI,SARDEGNA,090071,c_l158a
L160,TIANA,NUORO,SARDEGNA,091091,c_l160
L164,TICENGO,CREMONA,LOMBARDIA,019104,c_l164p
L165,TICINETO,ALESSANDRIA,PIEMONTE,006173,c_l165
L166,TIGGIANO,LECCE,PUGLIA,075086,c_l166
L167,TIGLIETO,GENOVA,LIGURIA,010061,c_l167
L168,TIGLIOLE,ASTI,PIEMONTE,005108,c_l168
L169,TIGNALE,BRESCIA,LOMBARDIA,017185,c_l169
L172,TINNURA,ORISTANO,SARDEGNA,095088,c_hi5a
L173,TIONE DEGLI ABRUZZI,AQUILA,ABRUZZO,066100,c_l173
L174,TIONE DI TRENTO,TRENTO,TRENTINO ALTO ADIGE,022199,c_l174
L175,TIRANO,SONDRIO,LOMBARDIA,014066,c_l175
L176,TIRES,BOLZANO,TRENTINO ALTO ADIGE,021100,c_l176
L177,TIRIOLO,CATANZARO,CALABRIA,079147,c_l177
L178,TIROLO,BOLZANO,TRENTINO ALTO ADIGE,021101,c_l178
L180,TISSI,SASSARI,SARDEGNA,090072,c_l180
L181,TITO,POTENZA,BASILICATA,076089,c_l181
L182,TIVOLI,ROMA,LAZIO,058104,c_l182
L183,TIZZANO VAL PARMA,PARMA,EMILIA ROMAGNA,034039,c_l183
L184,TOANO,REGGIO EMILIA,EMILIA ROMAGNA,035041,c_l184
L185,TOCCO CAUDIO,BENEVENTO,CAMPANIA,062075,c_l185
L186,TOCCO DA CASAURIA,PESCARA,ABRUZZO,068042,c_l186
L187,TOCENO,VERBANO-CUSIO-OSSOLA,PIEMONTE,103065,c_l187
L188,TODI,PERUGIA,UMBRIA,054052,c_l188
L189,TOFFIA,RIETI,LAZIO,057068,c_l189
L190,TOIRANO,SAVONA,LIGURIA,009061,c_l190
L191,TOLENTINO,MACERATA,MARCHE,043053,c_l191
L192,TOLFA,ROMA,LAZIO,058105,c_l192
L193,TOLLEGNO,BIELLA,PIEMONTE,096068,c_l193
L194,TOLLO,CHIETI,ABRUZZO,069090,c_l194
L195,TOLMEZZO,UDINE,FRIULI VENEZIA GIULIA,030121,c_l195
L197,TOLVE,POTENZA,BASILICATA,076090,c_l197
L199,TOMBOLO,PADOVA,VENETO,028091,c_l199
L200,TON,TRENTO,TRENTINO ALTO ADIGE,022200,c_l200
L202,TONARA,NUORO,SARDEGNA,091093,c_l202
L203,TONCO,ASTI,PIEMONTE,005109,c_l203
L205,TORA E PICCILLI,CASERTA,CAMPANIA,061093,c_l205
L206,TORANO CASTELLO,COSENZA,CALABRIA,078148,c_l206i
L207,TORANO NUOVO,TERAMO,ABRUZZO,067042,c_l207
L210,TORBOLE CASAGLIA,BRESCIA,LOMBARDIA,017186,c_l210
L211,TORCEGNO,TRENTO,TRENTINO ALTO ADIGE,022202,c_l211
L212,TORCHIARA,SALERNO,CAMPANIA,065147,c_l212
L213,TORCHIAROLO,BRINDISI,PUGLIA,074018,c_l213
L214,TORELLA DEI LOMBARDI,AVELLINO,CAMPANIA,064109,c_l214
L215,TORELLA DEL SANNIO,CAMPOBASSO,MOLISE,070079,c_l215
L216,TORGIANO,PERUGIA,UMBRIA,054053,c_l216
L217,TORGNON,AOSTA,VALLE D'AOSTA,007067,c_l217
L218,TORINO DI SANGRO,CHIETI,ABRUZZO,069091,c_l218
L219,TORINO,TORINO,PIEMONTE,001272,c_l219
L220,TORITTO,BARI,PUGLIA,072044,c_l220
L221,TORLINO VIMERCATI,CREMONA,LOMBARDIA,019105,c_l221
L223,TORNACO,NOVARA,PIEMONTE,003146,c_l223
L224,TORNARECCIO,CHIETI,ABRUZZO,069092,c_l224
L225,TORNATA,CREMONA,LOMBARDIA,019106,c_l225
L227,TORNIMPARTE,AQUILA,ABRUZZO,066101,c_l227
L228,TORNO,COMO,LOMBARDIA,013223,c_l228
L229,TORNOLO,PARMA,EMILIA ROMAGNA,034040,c_l229
L230,TORO,CAMPOBASSO,MOLISE,070080,c_l230
L231,TORPE',NUORO,SARDEGNA,091094,c_l231
L233,TORRACA,SALERNO,CAMPANIA,065148,c_l233
L235,TORRALBA,SASSARI,SARDEGNA,090073,c_l235
L237,TORRAZZA COSTE,PAVIA,LOMBARDIA,018155,c_l237
L238,TORRAZZA PIEMONTE,TORINO,PIEMONTE,001273,c_l238
L239,TORRAZZO,BIELLA,PIEMONTE,096069,c_l239
L240,TORRE DI RUGGIERO,CATANZARO,CALABRIA,079148,c_l240
L241,TORRE MONDOVI',CUNEO,PIEMONTE,004227,c_l241
L243,TORRE CAJETANI,FROSINONE,LAZIO,060078,c_I243
L244,TORRE DI SANTA MARIA,SONDRIO,LOMBARDIA,014067,c_l244
L245,TORRE ANNUNZIATA,NAPOLI,CAMPANIA,063083,c_l245
L246,TORREANO,UDINE,FRIULI VENEZIA GIULIA,030122,c_l246
L247,TORRE CANAVESE,TORINO,PIEMONTE,001274,c_l247
L248,TORREBELVICINO,VICENZA,VENETO,024107,c_l248
L250,TORRE BERETTI E CASTELLARO,PAVIA,LOMBARDIA,018156,c_l250
L251,TORRE BOLDONE,BERGAMO,LOMBARDIA,016214,c_l251
L252,TORRE BORMIDA,CUNEO,PIEMONTE,004226,c_l252
L253,TORREBRUNA,CHIETI,ABRUZZO,069093,c_l253a
L254,TORRECUSO,BENEVENTO,CAMPANIA,062076,c_l254
L256,TORRE D'ARESE,PAVIA,LOMBARDIA,018157,c_l256sa
L257,TORRE DE' BUSI,BERGAMO,LOMBARDIA,016215,c_tdblc
L258,TORRE DE' PICENARDI,CREMONA,LOMBARDIA,019107,c_l258
L259,TORRE DEL GRECO,NAPOLI,CAMPANIA,063084,c_l259
L262,TORRE DE' NEGRI,PAVIA,LOMBARDIA,018158,c_l262
L263,TORRE DE' PASSERI,PESCARA,ABRUZZO,068043,c_L263
L265,TORRE DE' ROVERI,BERGAMO,LOMBARDIA,016216,c_l265
L267,TORRE DI MOSTO,VENEZIA,VENETO,027041,c_l267
L269,TORRE D'ISOLA,PAVIA,LOMBARDIA,018159,c_l269
L270,TORREGLIA,PADOVA,VENETO,028092,c_l270
L271,TORREGROTTA,MESSINA,SICILIA,083098,c_l271
L272,TORRE LE NOCELLE,AVELLINO,CAMPANIA,064110,c_l272
L273,TORREMAGGIORE,FOGGIA,PUGLIA,071056,c_l273
L274,TORRE ORSAIA,SALERNO,CAMPANIA,065149,c_l274
L276,TORRE PALLAVICINA,BERGAMO,LOMBARDIA,016217,c_l276
L277,TORRE PELLICE,TORINO,PIEMONTE,001275,c_l277
L278,TORRE SAN GIORGIO,CUNEO,PIEMONTE,004228,c_l278
L279,TORRE SAN PATRIZIO,FERMO,MARCHE,109040,c_l279
L280,TORRE SANTA SUSANNA,BRINDISI,PUGLIA,074019,c_l280
L281,TORRESINA,CUNEO,PIEMONTE,004229,C_L281
L282,TORRETTA,PALERMO,SICILIA,082072,c_l282
L284,TORREVECCHIA TEATINA,CHIETI,ABRUZZO,069094,c_l284
L285,TORREVECCHIA PIA,PAVIA,LOMBARDIA,018160,c_l285
L286,TORRI IN SABINA,RIETI,LAZIO,057070,c_l286
L287,TORRI DEL BENACO,VERONA,VENETO,023086,c_l287
L290,TORRICE,FROSINONE,LAZIO,060079,c_l290
L291,TORRICELLA PELIGNA,CHIETI,ABRUZZO,069095,c_l291
L292,TORRICELLA VERZATE,PAVIA,LOMBARDIA,018161,c_l292
L293,TORRICELLA IN SABINA,RIETI,LAZIO,057069,c_l293
L294,TORRICELLA,TARANTO,PUGLIA,073028,c_l294
L295,TORRICELLA SICURA,TERAMO,ABRUZZO,067043,c_l295
L296,TORRICELLA DEL PIZZO,CREMONA,LOMBARDIA,019108,c_l296
L297,TORRI DI QUARTESOLO,VICENZA,VENETO,024108,c_l297
L298,TORRIGLIA,GENOVA,LIGURIA,010062,C_l298
L299,TORRILE,PARMA,EMILIA ROMAGNA,034041,c_l299
L301,TORRIONI,AVELLINO,CAMPANIA,064111,c_l301
L302,TORRITA TIBERINA,ROMA,LAZIO,058106,c_l302
L303,TORRITA DI SIENA,SIENA,TOSCANA,052035,c_l303
L304,TORTONA,ALESSANDRIA,PIEMONTE,006174,c_l304
L305,TORTORA,COSENZA,CALABRIA,078149,c_l305
L306,TORTORELLA,SALERNO,CAMPANIA,065150,c_l306
L307,TORTORETO,TERAMO,ABRUZZO,067044,c_l307
L308,TORTORICI,MESSINA,SICILIA,083099,c_l308
L309,TORVISCOSA,UDINE,FRIULI VENEZIA GIULIA,030123,c_l309
L310,TUSCANIA,VITERBO,LAZIO,056052,c_l310
L312,TOSCOLANO-MADERNO,BRESCIA,LOMBARDIA,017187,c_l312
L314,TOSSICIA,TERAMO,ABRUZZO,067045,c_l314
L315,TOVO SAN GIACOMO,SAVONA,LIGURIA,009062,c_l315
L316,TOVO DI SANT'AGATA,SONDRIO,LOMBARDIA,014068,c_l316
L317,TRABIA,PALERMO,SICILIA,082073,c_l317
L319,TRADATE,VARESE,LOMBARDIA,012127,c_l319
L321,TRAMATZA,ORISTANO,SARDEGNA,095066,c_l321
L322,TRAMBILENO,TRENTO,TRENTINO ALTO ADIGE,022203,c_l322
L323,TRAMONTI,SALERNO,CAMPANIA,065151,c_l3235q
L324,TRAMONTI DI SOPRA,PORDENONE,FRIULI VENEZIA GIULIA,093045,c_l324
L325,TRAMONTI DI SOTTO,PORDENONE,FRIULI VENEZIA GIULIA,093046,c_l325
L326,TRAMUTOLA,POTENZA,BASILICATA,076091,c_l326
L327,TRANA,TORINO,PIEMONTE,001276,c_l327
L328,TRANI,BARLETTA-ANDRIA-TRANI,PUGLIA,110009,c_l328
L330,TRAONA,SONDRIO,LOMBARDIA,014069,c_l330
L331,TRAPANI,TRAPANI,SICILIA,081021,c_l331
L332,TRAPPETO,PALERMO,SICILIA,082074,c_l332
L333,TRAREGO VIGGIONA,VERBANO-CUSIO-OSSOLA,PIEMONTE,103066,c_l333
L334,TRASACCO,AQUILA,ABRUZZO,066102,c_l334
L335,TRASAGHIS,UDINE,FRIULI VENEZIA GIULIA,030124,c_l335
L336,TRASQUERA,VERBANO-CUSIO-OSSOLA,PIEMONTE,103067,c_l336
L337,TRATALIAS,SUD SARDEGNA,SARDEGNA,111090,c_l337
L339,TRAVAGLIATO,BRESCIA,LOMBARDIA,017188,c_l339
L340,TRAVES,TORINO,PIEMONTE,001279,c_l340
L342,TRAVEDONA-MONATE,VARESE,LOMBARDIA,012128,c_l342
L345,TRAVERSELLA,TORINO,PIEMONTE,001278,c_l345
L346,TRAVERSETOLO,PARMA,EMILIA ROMAGNA,034042,c_l346
L347,TRAVESIO,PORDENONE,FRIULI VENEZIA GIULIA,093047,c_l347
L348,TRAVO,PIACENZA,EMILIA ROMAGNA,033043,c_l348
L349,TREBASELEGHE,PADOVA,VENETO,028093,c_l349
L353,TREBISACCE,COSENZA,CALABRIA,078150,c_l353
L355,TRECASTAGNI,CATANIA,SICILIA,087050,c_l355
L356,TRECATE,NOVARA,PIEMONTE,003149,c_l356
L357,TRECCHINA,POTENZA,BASILICATA,076092,c_l357
L359,TRECENTA,ROVIGO,VENETO,029047,c_l359
L361,TREDOZIO,FORLI,EMILIA ROMAGNA,040049,c_l361
L363,TREGLIO,CHIETI,ABRUZZO,069096,c_l363
L364,TREGNAGO,VERONA,VENETO,023087,c_l364
L366,TREIA,MACERATA,MARCHE,043054,c_l366
L367,TREISO,CUNEO,PIEMONTE,004230,c_l367
L369,TREMESTIERI ETNEO,CATANIA,SICILIA,087051,c_l369
L372,TREMOSINE SUL GARDA,BRESCIA,LOMBARDIA,017189,c_l372
L377,TRENTINARA,SALERNO,CAMPANIA,065152,c_l377
L378,TRENTO,TRENTO,TRENTINO ALTO ADIGE,022205,c_l378
L379,TRENTOLA DUCENTA,CASERTA,CAMPANIA,061094,c_l379
L380,TRENZANO,BRESCIA,LOMBARDIA,017190,c_l380
L382,TREPPO GRANDE,UDINE,FRIULI VENEZIA GIULIA,030126,c_l382
L383,TREPUZZI,LECCE,PUGLIA,075087,c_l383
L384,TREQUANDA,SIENA,TOSCANA,052036,c_l384
L386,TRESANA,MASSA-CARRARA,TOSCANA,045015,c_l386
L388,TRESCORE BALNEARIO,BERGAMO,LOMBARDIA,016218,c_l388
L389,TRESCORE CREMASCO,CREMONA,LOMBARDIA,019109,c_l389
L392,TRESIVIO,SONDRIO,LOMBARDIA,014070,C_L392
L393,TRESNURAGHES,ORISTANO,SARDEGNA,095067,c_l393
L396,TREVENZUOLO,VERONA,VENETO,023088,c_l396
L397,TREVI,PERUGIA,UMBRIA,054054,c_l397
L398,TREVI NEL LAZIO,FROSINONE,LAZIO,060080,c_l398
L399,TREVICO,AVELLINO,CAMPANIA,064112,c_l399
L400,TREVIGLIO,BERGAMO,LOMBARDIA,016219,c_l400
L401,TREVIGNANO ROMANO,ROMA,LAZIO,058107,c_l401
L402,TREVIGNANO,TREVISO,VENETO,026085,C_L402
L403,TREVILLE,ALESSANDRIA,PIEMONTE,006175,c_l403
L404,TREVIOLO,BERGAMO,LOMBARDIA,016220,c_l404
L406,TREVISO BRESCIANO,BRESCIA,LOMBARDIA,017191,c_mo7
L407,TREVISO,TREVISO,VENETO,026086,c_l407
L408,TREZZANO ROSA,MILANO,LOMBARDIA,015219,c_l408
L409,TREZZANO SUL NAVIGLIO,MILANO,LOMBARDIA,015220,c_l409
L410,TREZZO TINELLA,CUNEO,PIEMONTE,004231,c_l410
L411,TREZZO SULL'ADDA,MILANO,LOMBARDIA,015221,c_l411
L413,TREZZONE,COMO,LOMBARDIA,013226,c_l413
L414,TRIBANO,PADOVA,VENETO,028094,c_l414
L415,TRIBIANO,MILANO,LOMBARDIA,015222,c_l415
L416,TRIBOGNA,GENOVA,LIGURIA,010063,c_l416
L418,TRICARICO,MATERA,BASILICATA,077028,c_l418
L419,TRICASE,LECCE,PUGLIA,075088,c_l419
L420,TRICERRO,VERCELLI,PIEMONTE,002147,c_l420
L421,TRICESIMO,UDINE,FRIULI VENEZIA GIULIA,030127,c_l421
L423,TRIEI,NUORO,SARDEGNA,091097,c_l423
L424,TRIESTE,TRIESTE,FRIULI VENEZIA GIULIA,032006,c_l424
L425,TRIGGIANO,BARI,PUGLIA,072046,c_l425
L426,TRIGOLO,CREMONA,LOMBARDIA,019110,c_l426
L427,TRINITA',CUNEO,PIEMONTE,004232,c_l427
L428,TRINITA' D'AGULTU E VIGNOLA,SASSARI,SARDEGNA,090074,c_l428
L429,TRINO,VERCELLI,PIEMONTE,002148,c_l429
L430,TRIORA,IMPERIA,LIGURIA,008061,c_f290
L431,TRIPI - ABAKAINON,MESSINA,SICILIA,083100,c_l431
L432,TRISOBBIO,ALESSANDRIA,PIEMONTE,006176,c_l432
L433,TRISSINO,VICENZA,VENETO,024110,c_l433
L434,TRIUGGIO,MONZA E DELLA BRIANZA,LOMBARDIA,108043,c_l434
L435,TRIVENTO,CAMPOBASSO,MOLISE,070081,c_l435
L437,TRIVIGLIANO,FROSINONE,LAZIO,060081,c_l437
L438,TRIVIGNANO UDINESE,UDINE,FRIULI VENEZIA GIULIA,030128,c_l438
L439,TRIVIGNO,POTENZA,BASILICATA,076093,c_l439
L440,TRIVOLZIO,PAVIA,LOMBARDIA,018163,c_l440
L444,TRODENA NEL PARCO NATURALE,BOLZANO,TRENTINO ALTO ADIGE,021102,c_l444
L445,TROFARELLO,TORINO,PIEMONTE,001280,c_l445
L447,TROIA,FOGGIA,PUGLIA,071058,c_l447
L448,TROINA,ENNA,SICILIA,086018,c_l448
L449,TROMELLO,PAVIA,LOMBARDIA,018164,c_l449
L450,TRONTANO,VERBANO-CUSIO-OSSOLA,PIEMONTE,103068,c_l450
L451,TRONZANO VERCELLESE,VERCELLI,PIEMONTE,002150,c_l451
L452,TROPEA,VIBO VALENTIA,CALABRIA,102044,c_l452
L453,TROVO,PAVIA,LOMBARDIA,018165,c_l453
L454,TRUCCAZZANO,MILANO,LOMBARDIA,015224,c_l454
L455,TUBRE,BOLZANO,TRENTINO ALTO ADIGE,021103,c_l455
L458,TUFARA,CAMPOBASSO,MOLISE,070082,c_l458
L459,TUFILLO,CHIETI,ABRUZZO,069097,c_l459
L460,TUFINO,NAPOLI,CAMPANIA,063085,c_l460
L461,TUFO,AVELLINO,CAMPANIA,064113,c_l461
L462,TUGLIE,LECCE,PUGLIA,075089,c_l462
L463,TUILI,SUD SARDEGNA,SARDEGNA,111091,c_l463
L464,TULA,SASSARI,SARDEGNA,090075,c_l464
L466,TUORO SUL TRASIMENO,PERUGIA,UMBRIA,054055,c_l466
L468,VALVESTINO,BRESCIA,LOMBARDIA,017194,c_l468
L469,TURANO LODIGIANO,LODI,LOMBARDIA,098058,c_l469
L470,TURATE,COMO,LOMBARDIA,013227,c_l470
L471,TURBIGO,MILANO,LOMBARDIA,015226,c_l471
L472,TURI,BARI,PUGLIA,072047,c_l472
L473,TURRI,SUD SARDEGNA,SARDEGNA,111092,c_l473
L474,TURRIACO,GORIZIA,FRIULI VENEZIA GIULIA,031024,c_l474
L475,TURRIVALIGNANI,PESCARA,ABRUZZO,068044,c_l475
L477,TURSI,MATERA,BASILICATA,077029,c_l477
L478,TUSA,MESSINA,SICILIA,083101,c_l478
L480,UBOLDO,VARESE,LOMBARDIA,012130,c_l480
L482,UCRIA,MESSINA,SICILIA,083102,c_l482
L483,UDINE,UDINE,FRIULI VENEZIA GIULIA,030129,c_l483
L484,UGENTO,LECCE,PUGLIA,075090,c_l484
L485,UGGIANO LA CHIESA,LECCE,PUGLIA,075091,c_l485
L488,ULA' TIRSO,ORISTANO,SARDEGNA,095068,c_l488
L489,ULASSAI,NUORO,SARDEGNA,091098,c_l489
L490,ULTIMO,BOLZANO,TRENTINO ALTO ADIGE,021104,c_l490
L492,UMBRIATICO,CROTONE,CALABRIA,101026,c_l492
L494,URAGO D'OGLIO,BRESCIA,LOMBARDIA,017192,c_l494
L496,URAS,ORISTANO,SARDEGNA,095069,c_l496
L497,URBANA,PADOVA,VENETO,028095,c_l497
L498,URBANIA,PESARO E URBINO,MARCHE,041066,c_l498
L499,URBE,SAVONA,LIGURIA,009063,c_l499
L500,URBINO,PESARO E URBINO,MARCHE,041067,c_l500
L501,URBISAGLIA,MACERATA,MARCHE,043055,c_l501
L502,URGNANO,BERGAMO,LOMBARDIA,016222,c_l502
L503,URI,SASSARI,SARDEGNA,090076,c_l503
L505,URURI,CAMPOBASSO,MOLISE,070083,c_l505
L506,URZULEI,NUORO,SARDEGNA,091099,c_l506
L507,USCIO,GENOVA,LIGURIA,010064,c_l507
L508,USELLUS,ORISTANO,SARDEGNA,095070,c_l508
L509,USINI,SASSARI,SARDEGNA,090077,c_l509
L511,USMATE VELATE,MONZA E DELLA BRIANZA,LOMBARDIA,108044,c_l511
L512,USSANA,SUD SARDEGNA,SARDEGNA,111093,c_l512
L513,USSARAMANNA,SUD SARDEGNA,SARDEGNA,111094,c_l513
L514,USSASSAI,NUORO,SARDEGNA,091100,cl514
L515,USSEAUX,TORINO,PIEMONTE,001281,c_l515
L516,USSEGLIO,TORINO,PIEMONTE,001282,c_l516
L517,USSITA,MACERATA,MARCHE,043056,c_l517
L519,USTICA,PALERMO,SICILIA,082075,c_b9ow
L521,UTA,CITTA' METROPOLITANA DI CAGLIARI,SARDEGNA,092090,c_l521
L522,UZZANO,PISTOIA,TOSCANA,047021,c_l522
L524,VACCARIZZO ALBANESE,COSENZA,CALABRIA,078152,c_l524
L525,VACONE,RIETI,LAZIO,057072,c_l525
L526,VACRI,CHIETI,ABRUZZO,069098,c_l526
L527,VADENA,BOLZANO,TRENTINO ALTO ADIGE,021105,c_l527
L528,VADO LIGURE,SAVONA,LIGURIA,009064,c_l528
L529,VAGLIA,FIRENZE,TOSCANA,048046,c_l529
L531,VAGLIO SERRA,ASTI,PIEMONTE,005111,c_l531
L532,VAGLIO BASILICATA,POTENZA,BASILICATA,076094,c_l532
L533,VAGLI SOTTO,LUCCA,TOSCANA,046031,c_l533
L535,VAIANO CREMASCO,CREMONA,LOMBARDIA,019111,c_l535
L537,VAIANO,PRATO,TOSCANA,100006,c_l537
L538,VAIE,TORINO,PIEMONTE,001283,c_l538
L539,VAILATE,CREMONA,LOMBARDIA,019112,c_l539
L540,VAIRANO PATENORA,CASERTA,CAMPANIA,061095,c_l540
L544,VALBONDIONE,BERGAMO,LOMBARDIA,016223,c_l544
L545,VALBREMBO,BERGAMO,LOMBARDIA,016224,c_l545
L546,VALBREVENNA,GENOVA,LIGURIA,010065,c_l546
L547,VALBRONA,COMO,LOMBARDIA,013229,c_l547
L551,VALDAGNO,VICENZA,VENETO,024111,c_l551
L552,VALDAORA,BOLZANO,TRENTINO ALTO ADIGE,021106,c_l552
L554,VALDASTICO,VICENZA,VENETO,024112,c_l554
L555,VAL DELLA TORRE,TORINO,PIEMONTE,001284,c_l555
L556,VALDENGO,BIELLA,PIEMONTE,096071,c_l556
L557,VALDIDENTRO,SONDRIO,LOMBARDIA,014071,c_l557
L558,VALDIERI,CUNEO,PIEMONTE,004233,c_l558
L561,VALDINA,MESSINA,SICILIA,083103,c_l5618r
L562,VAL DI NIZZA,PAVIA,LOMBARDIA,018166,c_l562
L563,VALDISOTTO,SONDRIO,LOMBARDIA,014072,c_l563
L564,VAL DI VIZZE,BOLZANO,TRENTINO ALTO ADIGE,021107,c_l564
L565,VALDOBBIADENE,TREVISO,VENETO,026087,c_l565
L566,VALDUGGIA,VERCELLI,PIEMONTE,002152,c_l566
L567,VALEGGIO SUL MINCIO,VERONA,VENETO,023089,c_l567
L568,VALEGGIO,PAVIA,LOMBARDIA,018167,c_l568
L569,VALENTANO,VITERBO,LAZIO,056053,c_l569
L570,VALENZA,ALESSANDRIA,PIEMONTE,006177,c_l570
L571,VALENZANO,BARI,PUGLIA,072048,c_l571
L572,VALERA FRATTA,LODI,LOMBARDIA,098059,c_l572
L573,VALFABBRICA,PERUGIA,UMBRIA,054057,c_l573
L574,VALFENERA,ASTI,PIEMONTE,005112,c_l574
L575,VALFLORIANA,TRENTO,TRENTINO ALTO ADIGE,022209,c_l575
L576,VALFURVA,SONDRIO,LOMBARDIA,014073,c_l576
L577,VALGANNA,VARESE,LOMBARDIA,012131,c_l577
L578,VALGIOIE,TORINO,PIEMONTE,001285,c_l578
L579,VALGOGLIO,BERGAMO,LOMBARDIA,016225,c_l579
L580,VALGRANA,CUNEO,PIEMONTE,004234,c_l580
L581,VALGREGHENTINO,LECCO,LOMBARDIA,097082,c_l581
L582,VALGRISENCHE,AOSTA,VALLE D'AOSTA,007068,c_l582
L583,VALGUARNERA CAROPEPE,ENNA,SICILIA,086019,c_l583
L584,VALLADA AGORDINA,BELLUNO,VENETO,025062,c_l584
L586,VALLANZENGO,BIELLA,PIEMONTE,096072,c_l586
L588,VALLARSA,TRENTO,TRENTINO ALTO ADIGE,022210,c_l588
L589,VALLATA,AVELLINO,CAMPANIA,064114,c_l589
L590,VALLE DI CADORE,BELLUNO,VENETO,025063,c_l590
L591,VALLE DI MADDALONI,CASERTA,CAMPANIA,061097,c_l591
L593,VALLE LOMELLINA,PAVIA,LOMBARDIA,018168,c_l593
L594,VALLE AGRICOLA,CASERTA,CAMPANIA,061096,C_L594
L595,VALLE AURINA,BOLZANO,TRENTINO ALTO ADIGE,021108,c_l595
L596,VALLEBONA,IMPERIA,LIGURIA,008062,c_l596
L597,VALLE CASTELLANA,TERAMO,ABRUZZO,067046,c_l597
L598,VALLECORSA,FROSINONE,LAZIO,060082,c_l598
L599,VALLECROSIA,IMPERIA,LIGURIA,008063,c_l599
L601,VALLE DI CASIES,BOLZANO,TRENTINO ALTO ADIGE,021109,c_l660c
L603,VALLEDOLMO,PALERMO,SICILIA,082076,c_l603
L604,VALLEDORIA,SASSARI,SARDEGNA,090079,c_l604
L605,VALLEMAIO,FROSINONE,LAZIO,060083,c_l605
L607,VALLELONGA,VIBO VALENTIA,CALABRIA,102045,c_l607
L609,VALLELUNGA PRATAMENO,CALTANISSETTA,SICILIA,085021,c_l609
L611,VALLEPIETRA,ROMA,LAZIO,058108,c_l611
L612,VALLERANO,VITERBO,LAZIO,056054,c_l612
L613,VALLERMOSA,SUD SARDEGNA,SARDEGNA,111095,c_l613
L614,VALLEROTONDA,FROSINONE,LAZIO,060084,c_m083
L616,VALLESACCARDA,AVELLINO,CAMPANIA,064115,c_l616
L617,VALLE SALIMBENE,PAVIA,LOMBARDIA,018169,c_l617
L620,VALLE SAN NICOLAO,BIELLA,PIEMONTE,096074,c_l620
L623,VALLEVE,BERGAMO,LOMBARDIA,016226,c_l632
L624,VALLI DEL PASUBIO,VICENZA,VENETO,024113,c_l624
L625,VALLINFREDA,ROMA,LAZIO,058109,c_l625
L626,VALLIO TERME,BRESCIA,LOMBARDIA,017193,c_1jzf
L627,VALLO DI NERA,PERUGIA,UMBRIA,054058,c_l627
L628,VALLO DELLA LUCANIA,SALERNO,CAMPANIA,065154,c_l628
L629,VALLO TORINESE,TORINO,PIEMONTE,001286,c_l629
L631,VALLORIATE,CUNEO,PIEMONTE,004235,c_l631
L633,VALMACCA,ALESSANDRIA,PIEMONTE,006178,c_l633
L634,VALMADRERA,LECCO,LOMBARDIA,097083,c_l634
L638,VAL MASINO,SONDRIO,LOMBARDIA,014074,c_l638
L639,VALMONTONE,ROMA,LAZIO,058110,c_l639a
L640,VALMOREA,COMO,LOMBARDIA,013232,c_l640
L641,VALMOZZOLA,PARMA,EMILIA ROMAGNA,034044,c_l641
L642,VALNEGRA,BERGAMO,LOMBARDIA,016227,c_l642
L643,VALPELLINE,AOSTA,VALLE D'AOSTA,007069,c_l643
L644,VALPERGA,TORINO,PIEMONTE,001287,c_l644
L647,VALSAVARENCHE,AOSTA,VALLE D'AOSTA,007070,c_l647
L651,VALSTRONA,VERBANO-CUSIO-OSSOLA,PIEMONTE,103069,c_l651
L653,VALTOPINA,PERUGIA,UMBRIA,054059,c_l653
L654,VALTOURNENCHE,AOSTA,VALLE D'AOSTA,007071,c_l654
L655,VALTORTA,BERGAMO,LOMBARDIA,016229,c_l655
L656,VALVA,SALERNO,CAMPANIA,065155,c_l656
L658,VALVERDE,CATANIA,SICILIA,087052,c_l658
L660,VANDOIES,BOLZANO,TRENTINO ALTO ADIGE,021110,c_l660
L664,VANZAGHELLO,MILANO,LOMBARDIA,015249,c_l664
L665,VANZAGO,MILANO,LOMBARDIA,015229,c_l665
L666,VANZONE CON SAN CARLO,VERBANO-CUSIO-OSSOLA,PIEMONTE,103070,c_l666
L667,VAPRIO D'ADDA,MILANO,LOMBARDIA,015230,c_l667
L668,VAPRIO D'AGOGNA,NOVARA,PIEMONTE,003153,c_l668
L669,VARALLO,VERCELLI,PIEMONTE,002156,c_l669
L670,VARALLO POMBIA,NOVARA,PIEMONTE,003154,c_l670
L671,VARANO BORGHI,VARESE,LOMBARDIA,012132,c_l671
L672,VARANO DE' MELEGARI,PARMA,EMILIA ROMAGNA,034045,c_l672
L673,VARAPODIO,REGGIO CALABRIA,CALABRIA,080095,c_l673
L675,VARAZZE,SAVONA,LIGURIA,009065,c_l675
L676,VARCO SABINO,RIETI,LAZIO,057073,c_l676
L677,VAREDO,MONZA E DELLA BRIANZA,LOMBARDIA,108045,c_l677
L680,VARENNA,LECCO,LOMBARDIA,097084,c_l680
L681,VARESE LIGURE,LA SPEZIA,LIGURIA,011029,c_l681
L682,VARESE,VARESE,LOMBARDIA,012133,c_l682
L685,VARISELLA,TORINO,PIEMONTE,001289,c_l685
L686,VARMO,UDINE,FRIULI VENEZIA GIULIA,030130,l_686
L687,VARNA,BOLZANO,TRENTINO ALTO ADIGE,021111,c_l687
L689,VARSI,PARMA,EMILIA ROMAGNA,034046,c_l689
L690,VARZI,PAVIA,LOMBARDIA,018171,c_l690
L691,VARZO,VERBANO-CUSIO-OSSOLA,PIEMONTE,103071,c_l691
L693,VASIA,IMPERIA,LIGURIA,008064,c_l693f
L696,VASTOGIRARDI,ISERNIA,MOLISE,094051,c_l696
L698,VAUDA CANAVESE,TORINO,PIEMONTE,001290,c_l698
L699,VAZZANO,VIBO VALENTIA,CALABRIA,102046,c_l699
L700,VAZZOLA,TREVISO,VENETO,026088,c_l700
L702,VECCHIANO,PISA,TOSCANA,050037,c_l702
L703,VEDANO OLONA,VARESE,LOMBARDIA,012134,c_l703
L704,VEDANO AL LAMBRO,MONZA E DELLA BRIANZA,LOMBARDIA,108046,c_l704
L706,VEDELAGO,TREVISO,VENETO,026089,c_l706
L707,VEDESETA,BERGAMO,LOMBARDIA,016230,c_l707
L709,VEDUGGIO CON COLZANO,MONZA E DELLA BRIANZA,LOMBARDIA,108047,c_l709
L710,VEGGIANO,PADOVA,VENETO,028096,c_l710
L711,VEGLIE,LECCE,PUGLIA,075092,c_l711
L712,VEGLIO,BIELLA,PIEMONTE,096075,c_l712
L713,VEJANO,VITERBO,LAZIO,056056,c_l713
L715,VELESO,COMO,LOMBARDIA,013236,c_l715
L716,VELEZZO LOMELLINA,PAVIA,LOMBARDIA,018172,c_l716
L719,VELLETRI,ROMA,LAZIO,058111,c_l719
L720,VELLEZZO BELLINI,PAVIA,LOMBARDIA,018173,c_l720
L722,VELO VERONESE,VERONA,VENETO,023090,c_l722
L723,VELO D'ASTICO,VICENZA,VENETO,024115,c_l723
L724,VELTURNO,BOLZANO,TRENTINO ALTO ADIGE,021116,c_l724
L725,VENAFRO,ISERNIA,MOLISE,094052,c_l725
L726,VENAUS,TORINO,PIEMONTE,001291,c_l726
L727,VENARIA REALE,TORINO,PIEMONTE,001292,c_l727
L728,VENAROTTA,ASCOLI PICENO,MARCHE,044073,c_l728
L729,VENASCA,CUNEO,PIEMONTE,004237,c_l729
L730,VENDONE,SAVONA,LIGURIA,009066,c_l730
L733,VENEGONO INFERIORE,VARESE,LOMBARDIA,012136,c_l733
L734,VENEGONO SUPERIORE,VARESE,LOMBARDIA,012137,c_l734
L735,VENETICO,MESSINA,SICILIA,083104,c_l735
L736,VENEZIA,VENEZIA,VENETO,027042,c_l736
L737,VENIANO,COMO,LOMBARDIA,013238,c_l737h
L738,VENOSA,POTENZA,BASILICATA,076095,c_l738
L739,VENTICANO,AVELLINO,CAMPANIA,064116,c_l739
L740,VENTIMIGLIA DI SICILIA,PALERMO,SICILIA,082077,c_l740
L741,VENTIMIGLIA,IMPERIA,LIGURIA,008065,c_l741
L742,VENTOTENE,LATINA,LAZIO,059033,c_l742
L743,VENZONE,UDINE,FRIULI VENEZIA GIULIA,030131,c_l743
L744,VERANO BRIANZA,MONZA E DELLA BRIANZA,LOMBARDIA,108048,c_l744
L745,VERANO,BOLZANO,TRENTINO ALTO ADIGE,021112,c_l745
L746,VERBANIA,VERBANO-CUSIO-OSSOLA,PIEMONTE,103072,c_l746
L747,VERBICARO,COSENZA,CALABRIA,078153,c_l747a
L748,VERCANA,COMO,LOMBARDIA,013239,c_l748
L749,VERCEIA,SONDRIO,LOMBARDIA,014075,c_l749
L750,VERCELLI,VERCELLI,PIEMONTE,002158,c_l750
L751,VERCURAGO,LECCO,LOMBARDIA,097086,c_l751
L752,VERDELLINO,BERGAMO,LOMBARDIA,016232,c_l752
L753,VERDELLO,BERGAMO,LOMBARDIA,016233,c_l753
L758,VERDUNO,CUNEO,PIEMONTE,004238,c_l758
L762,VERGATO,BOLOGNA,EMILIA ROMAGNA,037059,c_l762
L764,VERGHERETO,FORLI,EMILIA ROMAGNA,040050,c_l764
L765,VERGIATE,VARESE,LOMBARDIA,012138,c_l765
L769,VERMIGLIO,TRENTO,TRENTINO ALTO ADIGE,022213,c_l769
L771,VERNANTE,CUNEO,PIEMONTE,004239,c_l771
L772,VERNASCA,PIACENZA,EMILIA ROMAGNA,033044,c_l772
L773,VERNATE,MILANO,LOMBARDIA,015236,c_l773
L774,VERNAZZA,LA SPEZIA,LIGURIA,011030,c_l774
L775,VERNIO,PRATO,TOSCANA,100007,c_l775
L776,VERNOLE,LECCE,PUGLIA,075093,c_l776
L777,VEROLANUOVA,BRESCIA,LOMBARDIA,017195,c_l777
L778,VEROLAVECCHIA,BRESCIA,LOMBARDIA,017196,c_l778
L779,VEROLENGO,TORINO,PIEMONTE,001293,c_l779
L780,VEROLI,FROSINONE,LAZIO,060085,c_l780
L781,VERONA,VERONA,VENETO,023091,c_l781
L783,VERRAYES,AOSTA,VALLE D'AOSTA,007072,c_l783
L784,VERRETTO,PAVIA,LOMBARDIA,018174,c_l784
L785,VERRONE,BIELLA,PIEMONTE,096076,c_l785
L787,VERRUA SAVOIA,TORINO,PIEMONTE,001294,c_l787
L788,VERRUA PO,PAVIA,LOMBARDIA,018175,c_l788
L792,VERTEMATE CON MINOPRIO,COMO,LOMBARDIA,013242,c_l792
L795,VERTOVA,BERGAMO,LOMBARDIA,016234,c_l795
L797,VERUCCHIO,RIMINI,EMILIA ROMAGNA,099020,c_l797
L799,VERVIO,SONDRIO,LOMBARDIA,014076,c_l799
L801,VERZEGNIS,UDINE,FRIULI VENEZIA GIULIA,030132,c_l801
L802,VERZINO,CROTONE,CALABRIA,101027,c_l802
L804,VERZUOLO,CUNEO,PIEMONTE,004240,c_l804
L805,VESCOVANA,PADOVA,VENETO,028097,c_l805
L806,VESCOVATO,CREMONA,LOMBARDIA,019113,c_l806
L807,VESIME,ASTI,PIEMONTE,005113,c_l807
L808,VESPOLATE,NOVARA,PIEMONTE,003158,c_l808
L809,VESSALICO,IMPERIA,LIGURIA,008066,c_l809
L810,VESTENANOVA,VERONA,VENETO,023093,c_l810
L811,VESTIGNE',TORINO,PIEMONTE,001295,c_l811
L812,VESTONE,BRESCIA,LOMBARDIA,017197,c_l812
L814,VETRALLA,VITERBO,LAZIO,056057,c_l814
L815,VETTO,REGGIO EMILIA,EMILIA ROMAGNA,035042,c_l815
L816,VEZZA D'OGLIO,BRESCIA,LOMBARDIA,017198,c_l816
L817,VEZZA D'ALBA,CUNEO,PIEMONTE,004241,c_l817
L819,VEZZANO LIGURE,LA SPEZIA,LIGURIA,011031,c_l819
L820,VEZZANO SUL CROSTOLO,REGGIO EMILIA,EMILIA ROMAGNA,035043,c_l820
L823,VEZZI PORTIO,SAVONA,LIGURIA,009067,c_l823
L826,VIADANA,MANTOVA,LOMBARDIA,020066,c_l826
L827,VIADANICA,BERGAMO,LOMBARDIA,016235,c_l827
L828,VIAGRANDE,CATANIA,SICILIA,087053,c_l828
L829,VIALE,ASTI,PIEMONTE,005114,c_l829
L830,VIALFRE',TORINO,PIEMONTE,001296,c_l218f
L831,VIANO,REGGIO EMILIA,EMILIA ROMAGNA,035044,c_l831
L833,VIAREGGIO,LUCCA,TOSCANA,046033,c_l833
L834,VIARIGI,ASTI,PIEMONTE,005115,c_l834
L835,VIBONATI,SALERNO,CAMPANIA,065156,c_l835
L836,VICALVI,FROSINONE,LAZIO,060086,c_l836
L837,VICARI,PALERMO,SICILIA,082078,cl837
L838,VICCHIO,FIRENZE,TOSCANA,048049,c_l838
L840,VICENZA,VICENZA,VENETO,024116,c_l840
L841,VICOFORTE,CUNEO,PIEMONTE,004242,c_l841
L842,VICO DEL GARGANO,FOGGIA,PUGLIA,071059,c_l842
L843,VICO NEL LAZIO,FROSINONE,LAZIO,060087,c_l843
L844,VILLA LITERNO,CASERTA,CAMPANIA,061099,c_l844
L845,VICO EQUENSE,NAPOLI,CAMPANIA,063086,c_l845
L846,VICOLI,PESCARA,ABRUZZO,068045,c_l846
L847,VICOLUNGO,NOVARA,PIEMONTE,003159,c_l847
L848,ZIANO PIACENTINO,PIACENZA,EMILIA ROMAGNA,033048,c_l848
L850,VICOPISANO,PISA,TOSCANA,050038,c_l850
L851,VICOVARO,ROMA,LAZIO,058112,c_l851
L854,VIDIGULFO,PAVIA,LOMBARDIA,018176,c_l854
L856,VIDOR,TREVISO,VENETO,026090,c_l856
L857,VIDRACCO,TORINO,PIEMONTE,001298,c_l857
L858,VIESTE,FOGGIA,PUGLIA,071060,c_l858
L859,VIETRI DI POTENZA,POTENZA,BASILICATA,076096,c_l859
L860,VIETRI SUL MARE,SALERNO,CAMPANIA,065157,c_l860
L865,VIGANO SAN MARTINO,BERGAMO,LOMBARDIA,016236,c_l865
L866,VIGANO',LECCO,LOMBARDIA,097090,c_l866
L868,VIGARANO MAINARDA,FERRARA,EMILIA ROMAGNA,038022,c_l868
L869,VIGASIO,VERONA,VENETO,023094,c_l869
L872,VIGEVANO,PAVIA,LOMBARDIA,018177,c_l872
L873,VIGGIANELLO,POTENZA,BASILICATA,076097,c_l873
L874,VIGGIANO,POTENZA,BASILICATA,076098,c_l874
L876,VIGGIU',VARESE,LOMBARDIA,012139,c_l876
L879,VIGLIANO D'ASTI,ASTI,PIEMONTE,005116,c_l879
L880,VIGLIANO BIELLESE,BIELLA,PIEMONTE,096077,c_l880
L881,VIGNALE MONFERRATO,ALESSANDRIA,PIEMONTE,006179,c_l881
L882,VIGNANELLO,VITERBO,LAZIO,056058,c_L882
L883,VIGNATE,MILANO,LOMBARDIA,015237,c_l883
L885,VIGNOLA,MODENA,EMILIA ROMAGNA,036046,c_l885
L886,VIGNOLA FALESINA,TRENTO,TRENTINO ALTO ADIGE,022216,c_l886
L887,VIGNOLE BORBERA,ALESSANDRIA,PIEMONTE,006180,c_i887
L888,VIGNOLO,CUNEO,PIEMONTE,004243,c_l888
L889,VIGNONE,VERBANO-CUSIO-OSSOLA,PIEMONTE,103074,c_l889
L890,VIGO DI CADORE,BELLUNO,VENETO,025065,c_l890
L892,VIGODARZERE,PADOVA,VENETO,028099,c_l892
L894,VIGOLO,BERGAMO,LOMBARDIA,016237,c_l894
L897,VIGOLZONE,PIACENZA,EMILIA ROMAGNA,033045,c_l897
L898,VIGONE,TORINO,PIEMONTE,001299,c_l898
L899,VIGONOVO,VENEZIA,VENETO,027043,c_l899
L900,VIGONZA,PADOVA,VENETO,028100,c_l900
L904,VIGUZZOLO,ALESSANDRIA,PIEMONTE,006181,c_l904
L905,VILLA SANTA LUCIA,FROSINONE,LAZIO,060089,c_l905
L906,VILLADOSSOLA,VERBANO-CUSIO-OSSOLA,PIEMONTE,103075,c_l906
L907,VILLA DI CHIAVENNA,SONDRIO,LOMBARDIA,014077,c_l907
L908,VILLA DI TIRANO,SONDRIO,LOMBARDIA,014078,c_l908
L909,VILLA SANTINA,UDINE,FRIULI VENEZIA GIULIA,030133,c_l909
L912,VILLA BARTOLOMEA,VERONA,VENETO,023095,c_l912
L913,VILLA BASILICA,LUCCA,TOSCANA,046034,c_l913
L915,VILLABASSA,BOLZANO,TRENTINO ALTO ADIGE,021113,c_l915
L916,VILLABATE,PALERMO,SICILIA,082079,c_l916
L917,VILLA BISCOSSI,PAVIA,LOMBARDIA,018178,c_l917
L919,VILLA CARCINA,BRESCIA,LOMBARDIA,017199,c_l919
L920,VILLA CASTELLI,BRINDISI,PUGLIA,074020,c_l920
L922,VILLA CELIERA,PESCARA,ABRUZZO,068046,c_l922
L923,VILLACHIARA,BRESCIA,LOMBARDIA,017200,c_l923
L924,VILLACIDRO,SUD SARDEGNA,SARDEGNA,111096,c_l924
L926,VILLA COLLEMANDINA,LUCCA,TOSCANA,046035,c_l926
L928,VILLA CORTESE,MILANO,LOMBARDIA,015248,c_l928
L929,VILLA D'ADDA,BERGAMO,LOMBARDIA,016238,c_l929
L931,VILLADEATI,ALESSANDRIA,PIEMONTE,006182,c_l931
L933,VILLA DEL BOSCO,BIELLA,PIEMONTE,096078,c_l933
L934,VILLA DEL CONTE,PADOVA,VENETO,028101,c_l934
L936,VILLA DI SERIO,BERGAMO,LOMBARDIA,016240,c_l936
L937,VILLA ESTENSE,PADOVA,VENETO,028102,c_l937
L938,VILLA D'OGNA,BERGAMO,LOMBARDIA,016241,c_l938
L939,VILLADOSE,ROVIGO,VENETO,029048,c_l939
L942,VILLAFALLETTO,CUNEO,PIEMONTE,004244,c_l942
L943,VILLA FARALDI,IMPERIA,LIGURIA,008067,c_l943
L944,VILLAFRANCA SICULA,AGRIGENTO,SICILIA,084043,c_l944
L945,VILLAFRANCA D'ASTI,ASTI,PIEMONTE,005117,c_l945
L946,VILLAFRANCA IN LUNIGIANA,MASSA-CARRARA,TOSCANA,045016,c_l946
L947,VILLAFRANCA PADOVANA,PADOVA,VENETO,028103,c_l947
L948,VILLAFRANCA PIEMONTE,TORINO,PIEMONTE,001300,c_l948
L949,VILLAFRANCA DI VERONA,VERONA,VENETO,023096,c_l949
L950,VILLAFRANCA TIRRENA,MESSINA,SICILIA,083105,c_l950
L951,VILLAFRATI,PALERMO,SICILIA,082080,c_l951
L952,VILLAGA,VICENZA,VENETO,024117,c_l952
L953,VILLAGRANDE STRISAILI,NUORO,SARDEGNA,091101,c_l953
L956,VILLA GUARDIA,COMO,LOMBARDIA,013245,c_l956
L957,VILLA LAGARINA,TRENTO,TRENTINO ALTO ADIGE,022222,c_xz49
L958,VILLALAGO,AQUILA,ABRUZZO,066103,c_l958
L959,VILLALBA,CALTANISSETTA,SICILIA,085022,c_l959
L961,VILLALFONSINA,CHIETI,ABRUZZO,069100,c_l961
L963,VILLALVERNIA,ALESSANDRIA,PIEMONTE,006183,c_l963
L964,VILLAMAGNA,CHIETI,ABRUZZO,069101,c_l964
L965,VILLAMAINA,AVELLINO,CAMPANIA,064117,c_l965
L966,VILLAMAR,SUD SARDEGNA,SARDEGNA,111097,c_l966
L967,VILLAMARZANA,ROVIGO,VENETO,029049,c_l967
L968,VILLAMASSARGIA,SUD SARDEGNA,SARDEGNA,111098,c_l968
L969,VILLA MINOZZO,REGGIO EMILIA,EMILIA ROMAGNA,035045,c_l969
L970,VILLAMIROGLIO,ALESSANDRIA,PIEMONTE,006184,c_l970
L971,VILLANDRO,BOLZANO,TRENTINO ALTO ADIGE,021114,c_l971
L972,VILLANOVA MONFERRATO,ALESSANDRIA,PIEMONTE,006185,c_l972
L973,VILLANOVA DEL BATTISTA,AVELLINO,CAMPANIA,064118,c_l973
L974,VILLANOVA MONDOVI',CUNEO,PIEMONTE,004245,c_l974
L975,VILLANOVA D'ALBENGA,SAVONA,LIGURIA,009068,c_l975
L977,VILLANOVA DEL SILLARO,LODI,LOMBARDIA,098060,c_l977
L978,VILLANOVA BIELLESE,BIELLA,PIEMONTE,096079,c_l978
L979,VILLANOVA DI CAMPOSAMPIERO,PADOVA,VENETO,028104,c_l979
L980,VILLANOVA SULL'ARDA,PIACENZA,EMILIA ROMAGNA,033046,c_l980
L981,VILLENEUVE,AOSTA,VALLE D'AOSTA,007074,c_l981
L982,VILLANOVA CANAVESE,TORINO,PIEMONTE,001301,c_l982
L983,VILLANOVA D'ARDENGHI,PAVIA,LOMBARDIA,018179,c_l983
L984,VILLANOVA D'ASTI,ASTI,PIEMONTE,005118,c_l984
L985,VILLANOVA DEL GHEBBO,ROVIGO,VENETO,029050,c_l985
L986,VILLANOVAFORRU,SUD SARDEGNA,SARDEGNA,111100,c_l986
L987,VILLANOVAFRANCA,SUD SARDEGNA,SARDEGNA,111101,c_l987
L988,VILLANOVA MARCHESANA,ROVIGO,VENETO,029051,c_l988
L989,VILLANOVA MONTELEONE,SASSARI,SARDEGNA,090078,c_l989
L990,VILLANOVA SOLARO,CUNEO,PIEMONTE,004246,c_l990y
L991,VILLANOVA TRUSCHEDU,ORISTANO,SARDEGNA,095071,c_l991
L992,VILLANOVA TULO,SUD SARDEGNA,SARDEGNA,111099,c_f073
L994,VILLANTERIO,PAVIA,LOMBARDIA,018180,c_l994
L995,VILLANUOVA SUL CLISI,BRESCIA,LOMBARDIA,017201,c_l995
L998,VILLAPUTZU,SUD SARDEGNA,SARDEGNA,111103,c_l998
L999,VILLAR DORA,TORINO,PIEMONTE,001303,c_l999
M002,VILLARBASSE,TORINO,PIEMONTE,001302,c_m002
M003,VILLARBOIT,VERCELLI,PIEMONTE,002163,c_m003
M004,VILLAREGGIA,TORINO,PIEMONTE,001304,c_m004
M007,VILLAR FOCCHIARDO,TORINO,PIEMONTE,001305,c_m007
M009,VILLAROMAGNANO,ALESSANDRIA,PIEMONTE,006186,c_m009
M011,VILLAROSA,ENNA,SICILIA,086020,c_m011
M013,VILLAR PELLICE,TORINO,PIEMONTE,001306,c_m013
M014,VILLAR PEROSA,TORINO,PIEMONTE,001307,c_m014
M015,VILLAR SAN COSTANZO,CUNEO,PIEMONTE,004247,c_m015
M016,VILLASALTO,SUD SARDEGNA,SARDEGNA,111104,c_m016
M017,VILLASANTA,MONZA E DELLA BRIANZA,LOMBARDIA,108049,c_m017
M018,VILLA SAN GIOVANNI,REGGIO CALABRIA,CALABRIA,080096,c_m018
M019,VILLA SAN SECONDO,ASTI,PIEMONTE,005119,c_m019
M021,VILLA SANTA LUCIA DEGLI ABRUZZI,AQUILA,ABRUZZO,066104,c_m021
M022,VILLA SANTA MARIA,CHIETI,ABRUZZO,069102,c_m022
M023,VILLA SANT'ANGELO,AQUILA,ABRUZZO,066105,c_M023
M025,VILLASOR,SUD SARDEGNA,SARDEGNA,111106,c_m025
M026,VILLASPECIOSA,SUD SARDEGNA,SARDEGNA,111107,c_m026
M027,VILLASTELLONE,TORINO,PIEMONTE,001308,c_m087
M028,VILLATA,VERCELLI,PIEMONTE,002164,c_m028
M030,VILLAURBANA,ORISTANO,SARDEGNA,095072,c_m030
M031,VILLAVALLELONGA,AQUILA,ABRUZZO,066106,c_m031
M032,VILLAVERLA,VICENZA,VENETO,024118,c_m032
M041,VILLETTA BARREA,AQUILA,ABRUZZO,066107,c_m041
M042,VILLETTE,VERBANO-CUSIO-OSSOLA,PIEMONTE,103076,c_m042
M043,VILLESSE,GORIZIA,FRIULI VENEZIA GIULIA,031025,c_m043
M044,VILLIMPENTA,MANTOVA,LOMBARDIA,020068,c_m044
M045,VILLONGO,BERGAMO,LOMBARDIA,016242,c_m045
M048,VILLORBA,TREVISO,VENETO,026091,c_m048
M050,VILMINORE DI SCALVE,BERGAMO,LOMBARDIA,016243,c_m050
M052,VIMERCATE,MONZA E DELLA BRIANZA,LOMBARDIA,108050,c_m052
M053,VIMODRONE,MILANO,LOMBARDIA,015242,c_m053
M055,VINADIO,CUNEO,PIEMONTE,004248,c_m055
M057,VINCHIATURO,CAMPOBASSO,MOLISE,070084,c_m057
M058,VINCHIO,ASTI,PIEMONTE,005120,c_m058
M059,VINCI,FIRENZE,TOSCANA,048050,c_m059
M060,VINOVO,TORINO,PIEMONTE,001309,c_m060
M062,VINZAGLIO,NOVARA,PIEMONTE,003164,c_m062
M063,VIOLA,CUNEO,PIEMONTE,004249,c_m063
M065,VIONE,BRESCIA,LOMBARDIA,017202,c_m065
M067,VIPITENO,BOLZANO,TRENTINO ALTO ADIGE,021115,c_m067
M069,VIRLE PIEMONTE,TORINO,PIEMONTE,001310,c_m069
M070,VISANO,BRESCIA,LOMBARDIA,017203,c_m070
M071,VISCHE,TORINO,PIEMONTE,001311,c_m071
M072,VISCIANO,NAPOLI,CAMPANIA,063088,c_m072
M073,VISCO,UDINE,FRIULI VENEZIA GIULIA,030135,c_m073
M077,VISONE,ALESSANDRIA,PIEMONTE,006187,c_m077
M078,VISSO,MACERATA,MARCHE,043057,c_m078
M079,VISTARINO,PAVIA,LOMBARDIA,018181,c_m079
M080,VISTRORIO,TORINO,PIEMONTE,001312,c_m080
M081,VITA,TRAPANI,SICILIA,081023,c_m081
M082,VITERBO,VITERBO,LAZIO,056059,c_m082
M083,VITICUSO,FROSINONE,LAZIO,060091,c_ddt8
M085,VITO D'ASIO,PORDENONE,FRIULI VENEZIA GIULIA,093049,c_m085
M086,VITORCHIANO,VITERBO,LAZIO,056060,c_m086
M088,VITTORIA,RAGUSA,SICILIA,088012,c_m088
M089,VITTORIO VENETO,TREVISO,VENETO,026092,c_m089
M090,VITTORITO,AQUILA,ABRUZZO,066108,c_m090gs
M091,VITTUONE,MILANO,LOMBARDIA,015243,c_m091
M092,VITULAZIO,CASERTA,CAMPANIA,061100,c_m092
M093,VITULANO,BENEVENTO,CAMPANIA,062077,c_m093
M094,VIU',TORINO,PIEMONTE,001313,c_m094to
M095,VIVARO ROMANO,ROMA,LAZIO,058113,c_m0954j
M096,VIVARO,PORDENONE,FRIULI VENEZIA GIULIA,093050,c_m096
M098,VIVERONE,BIELLA,PIEMONTE,096080,c_m098
M100,VIZZINI,CATANIA,SICILIA,087054,c_m100
M101,VIZZOLA TICINO,VARESE,LOMBARDIA,012140,c_m101
M102,VIZZOLO PREDABISSI,MILANO,LOMBARDIA,015244,c_m102
M103,VO',PADOVA,VENETO,028105,c_m103
M104,VOBARNO,BRESCIA,LOMBARDIA,017204,c_m104
M105,VOBBIA,GENOVA,LIGURIA,010066,c_m105
M106,VOCCA,VERCELLI,PIEMONTE,002166,c_m106
M108,VODO CADORE,BELLUNO,VENETO,025066,c_m108
M109,VOGHERA,PAVIA,LOMBARDIA,018182,c_m109
M110,VOGHIERA,FERRARA,EMILIA ROMAGNA,038023,c_m110
M111,VOGOGNA,VERBANO-CUSIO-OSSOLA,PIEMONTE,103077,c_m111
M113,VOLANO,TRENTO,TRENTINO ALTO ADIGE,022224,c_m113
M115,VOLLA,NAPOLI,CAMPANIA,063089,c_m115
M116,VOLONGO,CREMONA,LOMBARDIA,019114,c_m116
M118,VOLPAGO DEL MONTELLO,TREVISO,VENETO,026093,c_m118
M119,VOLPARA,PAVIA,LOMBARDIA,018183,c_m119
M120,VOLPEDO,ALESSANDRIA,PIEMONTE,006188,c_m120
M121,VOLPEGLINO,ALESSANDRIA,PIEMONTE,006189,c_m121
M122,VOLPIANO,TORINO,PIEMONTE,001314,c_m122
M123,VOLTAGGIO,ALESSANDRIA,PIEMONTE,006190,c_m123
M124,VOLTAGO AGORDINO,BELLUNO,VENETO,025067,c_m124
M125,VOLTA MANTOVANA,MANTOVA,LOMBARDIA,020070,c_m125
M126,VOLTERRA,PISA,TOSCANA,050039,c_m126
M127,VOLTIDO,CREMONA,LOMBARDIA,019115,c_m127
M130,VOLTURARA IRPINA,AVELLINO,CAMPANIA,064119,c_m130
M131,VOLTURARA APPULA,FOGGIA,PUGLIA,071061,c_m131
M132,VOLTURINO,FOGGIA,PUGLIA,071062,c_m132
M133,VOLVERA,TORINO,PIEMONTE,001315,c_m133
M136,VOTTIGNASCO,CUNEO,PIEMONTE,004250,c_m136v
M138,ZACCANOPOLI,VIBO VALENTIA,CALABRIA,102048,c_m138
M139,ZAFFERANA ETNEA,CATANIA,SICILIA,087055,c_m139
M140,ZAGARISE,CATANZARO,CALABRIA,079157,c_m140
M141,ZAGAROLO,ROMA,LAZIO,058114,c_m141
M143,ZAMBRONE,VIBO VALENTIA,CALABRIA,102049,c_m143
M144,ZANDOBBIO,BERGAMO,LOMBARDIA,016244,c_m144
M145,ZANE',VICENZA,VENETO,024119,c_m145
M147,ZANICA,BERGAMO,LOMBARDIA,016245,c_m147
M150,ZAVATTARELLO,PAVIA,LOMBARDIA,018184,c_m150
M152,ZECCONE,PAVIA,LOMBARDIA,018185,c_m152
M153,ZEDDIANI,ORISTANO,SARDEGNA,095074,c_m153
M156,ZELBIO,COMO,LOMBARDIA,013246,c_m156
M158,ZELO BUON PERSICO,LODI,LOMBARDIA,098061,c_m158
M161,ZEME,PAVIA,LOMBARDIA,018186,c_m161
M162,ZENEVREDO,PAVIA,LOMBARDIA,018187,c_m162
M163,ZENSON DI PIAVE,TREVISO,VENETO,026094,c_m163
M165,ZERBA,PIACENZA,EMILIA ROMAGNA,033047,c_m165
M166,ZERBO,PAVIA,LOMBARDIA,018188,c_m166
M167,ZERBOLO',PAVIA,LOMBARDIA,018189,c_m167
M168,ZERFALIU,ORISTANO,SARDEGNA,095075,c_m168s
M169,ZERI,MASSA-CARRARA,TOSCANA,045017,c_m169
M170,ZERMEGHEDO,VICENZA,VENETO,024120,c_m170
M171,ZERO BRANCO,TREVISO,VENETO,026095,c_m171
M172,ZEVIO,VERONA,VENETO,023097,c_m172
M173,ZIANO DI FIEMME,TRENTO,TRENTINO ALTO ADIGE,022226,c_m173
M176,ZIBIDO SAN GIACOMO,MILANO,LOMBARDIA,015247,c_m176
M177,ZIGNAGO,LA SPEZIA,LIGURIA,011032,c_m177
M178,ZIMELLA,VERONA,VENETO,023098,c_m178
M179,ZIMONE,BIELLA,PIEMONTE,096081,c_m179
M180,ZINASCO,PAVIA,LOMBARDIA,018190,c_m1803
M182,ZOAGLI,GENOVA,LIGURIA,010067,c_m182
M183,ZOCCA,MODENA,EMILIA ROMAGNA,036047,c_m183
M184,ZOGNO,BERGAMO,LOMBARDIA,016246,c_m184
M185,ZOLA PREDOSA,BOLOGNA,EMILIA ROMAGNA,037060,c_m185
M187,ZOLLINO,LECCE,PUGLIA,075094,C_M187
M188,ZONE,BRESCIA,LOMBARDIA,017205,c_m188
M189,ZOPPE' DI CADORE,BELLUNO,VENETO,025069,c_m189
M190,ZOPPOLA,PORDENONE,FRIULI VENEZIA GIULIA,093051,c_m190
M194,ZOVENCEDO,VICENZA,VENETO,024121,c_m194
M196,ZUBIENA,BIELLA,PIEMONTE,096082,c_m196
M197,ZUCCARELLO,SAVONA,LIGURIA,009069,c_m197
M199,ZUGLIANO,VICENZA,VENETO,024122,c_m199
M200,ZUGLIO,UDINE,FRIULI VENEZIA GIULIA,030136,c_m200
M201,ZUMAGLIA,BIELLA,PIEMONTE,096083,c_m201
M202,ZUMPANO,COSENZA,CALABRIA,078155,c_m202a
M203,ZUNGOLI,AVELLINO,CAMPANIA,064120,c_m203
M204,ZUNGRI,VIBO VALENTIA,CALABRIA,102050,c_m204
M207,LARIANO,ROMA,LAZIO,058115,c_h432
M208,LAMEZIA TERME,CATANZARO,CALABRIA,079160,c_m208
M209,SANT'ANNA ARRESI,SUD SARDEGNA,SARDEGNA,111070,c_m209
M210,TERME VIGLIATORE,MESSINA,SICILIA,083106,c_m210
M211,ACQUEDOLCI,MESSINA,SICILIA,083107,c_m211
M212,LADISPOLI,ROMA,LAZIO,058116,c_m212
M213,ARDEA,ROMA,LAZIO,058117,c_m213
M214,BADESI,SASSARI,SARDEGNA,090081,c_m214
M253,SICIGNANO DEGLI ALBURNI,SALERNO,CAMPANIA,065143,c_d866
M255,MOLINA ATERNO,AQUILA,ABRUZZO,066055,c_m255
M256,SCANZANO JONICO,MATERA,BASILICATA,077031,c_m256
M257,PORTOPALO DI CAPO PASSERO,SIRACUSA,SICILIA,089020,c_m257
M258,AVIGLIANO UMBRO,TERNI,UMBRIA,055033,c_m258
M259,VIDDALBA,SASSARI,SARDEGNA,090082,c_m259
M260,CASAPESENNA,CASERTA,CAMPANIA,061103,c_m260
M261,CASTRO,LECCE,PUGLIA,075096,c_m261
M262,CELLOLE,CASERTA,CAMPANIA,061102,c_m262
M263,PORTO CESAREO,LECCE,PUGLIA,075097,c_m263
M264,SAN CASSIANO,LECCE,PUGLIA,075095,c_m264
M265,VAJONT,PORDENONE,FRIULI VENEZIA GIULIA,093052,c_m265
M266,ORDONA,FOGGIA,PUGLIA,071063,c_m266
M267,ZAPPONETA,FOGGIA,PUGLIA,071064,c_m267
M268,BLUFI,PALERMO,SICILIA,082082,c_m268
M269,PATERNO,POTENZA,BASILICATA,076100,c_m269
M270,MASAINAS,SUD SARDEGNA,SARDEGNA,111040,c_m270
M271,MAZZARRONE,CATANIA,SICILIA,087056,c_m271
M272,CIAMPINO,ROMA,LAZIO,058118,c_m272
M273,SANTA MARIA LA CARITA',NAPOLI,CAMPANIA,063090,c_m273
M274,GOLFO ARANCI,SASSARI,SARDEGNA,090083,c_m274
M275,LOIRI PORTO SAN PAOLO,SASSARI,SARDEGNA,090084,c_m275
M276,SANT'ANTONIO DI GALLURA,SASSARI,SARDEGNA,090085,c_m276
M277,SAN FERDINANDO,REGGIO CALABRIA,CALABRIA,080097,c_m277
M278,VILLAPERUCCIO,SUD SARDEGNA,SARDEGNA,111102,c_m278
M279,PRIOLO GARGALLO,SIRACUSA,SICILIA,089021,c_m279
M280,TRECASE,NAPOLI,CAMPANIA,063091,c_m280
M281,PETROSINO,TRAPANI,SICILIA,081024,c_m281
M282,TERGU,SASSARI,SARDEGNA,090086,c_m282
M283,MANIACE,CATANIA,SICILIA,087057,c_m283
M284,SANTA MARIA COGHINAS,SASSARI,SARDEGNA,090087,c_m284
M285,CARDEDU,NUORO,SARDEGNA,091103,c_m285
M286,TORRENOVA,MESSINA,SICILIA,083108,c_m286
M287,RAGALNA,CATANIA,SICILIA,087058,c_m287
M288,CASTIADAS,SUD SARDEGNA,SARDEGNA,111011,c_m288
M289,MASSA DI SOMMA,NAPOLI,CAMPANIA,063092,c_m289
M290,STINTINO,SASSARI,SARDEGNA,090089,c_m290
M291,PISCINAS,SUD SARDEGNA,SARDEGNA,111056,c_m291
M292,ERULA,SASSARI,SARDEGNA,090088,c_m292
M294,BELLIZZI,SALERNO,CAMPANIA,065158,c_m294
M295,SAN CESAREO,ROMA,LAZIO,058119,c_m295
M297,FIUMICINO,ROMA,LAZIO,058120,c_m297
M298,STATTE,TARANTO,PUGLIA,073029,c_m298
M300,DUE CARRARE,PADOVA,VENETO,028106,c_m300
M301,PADRU,SASSARI,SARDEGNA,090090,c_m301
M302,MONTIGLIO MONFERRATO,ASTI,PIEMONTE,005121,c_m302
M303,RONZO-CHIENIS,TRENTO,TRENTINO ALTO ADIGE,022135,c_m303
M308,CAVALLINO-TREPORTI,VENEZIA,VENETO,027044,c_m308
M309,FONTE NUOVA,ROMA,LAZIO,058122,c_m309
M311,CAMPOLONGO TAPOGLIANO,UDINE,FRIULI VENEZIA GIULIA,030138,c_m311
M312,LONATO DEL GARDA,BRESCIA,LOMBARDIA,017092,c_e667
M313,LEDRO,TRENTO,TRENTINO ALTO ADIGE,022229,c_m313
M314,COMANO TERME,TRENTO,TRENTINO ALTO ADIGE,022228,c_m314
M315,GRAVEDONA ED UNITI,COMO,LOMBARDIA,013249,c_m315
M316,MAPPANO,TORINO,PIEMONTE,001316,c_m316
M317,RIVIGNANO TEOR,UDINE,FRIULI VENEZIA GIULIA,030188,c_m317
M318,TRECASTELLI,ANCONA,MARCHE,042050,c_m318
M319,FABBRICHE DI VERGEMOLI,LUCCA,TOSCANA,046036,cfv
M320,VALSAMOGGIA,BOLOGNA,EMILIA ROMAGNA,037061,c_a726n
M321,FIGLINE E INCISA VALDARNO,FIRENZE,TOSCANA,048052,c_fiv
M322,CASTELFRANCO PIANDISCO',AREZZO,TOSCANA,051040,c_cp112
M323,FISCAGLIA,FERRARA,EMILIA ROMAGNA,038027,c_m323
M324,POGGIO TORRIANA,RIMINI,EMILIA ROMAGNA,099028,c_m324
M325,SISSA TRECASALI,PARMA,EMILIA ROMAGNA,034049,c_im325
M326,SCARPERIA E SAN PIERO,FIRENZE,TOSCANA,048053,c_m326
M327,CASCIANA TERME LARI,PISA,TOSCANA,050040,c_e4557
M328,CRESPINA LORENZANA,PISA,TOSCANA,050041,c_d1600
M329,PRATOVECCHIO STIA,AREZZO,TOSCANA,051041,c_i9526
M330,MONTORO,AVELLINO,CAMPANIA,064121,c_m330
M331,VALLEFOGLIA,PESARO E URBINO,MARCHE,041068,c_m331
M333,SANT'OMOBONO TERME,BERGAMO,LOMBARDIA,016252,c_m3330
M334,VAL BREMBILLA,BERGAMO,LOMBARDIA,016253,c_m334
M335,BELLAGIO,COMO,LOMBARDIA,013250,c_a744
M336,COLVERDE,COMO,LOMBARDIA,013251,c_m336
M337,VERDERIO,LECCO,LOMBARDIA,097091,c_m337
M338,CORNALE E BASTIDA,PAVIA,LOMBARDIA,018191,c_m338
M339,MACCAGNO CON PINO E VEDDASCA,VARESE,LOMBARDIA,012142,c_m339
M340,BORGO VIRGILIO,MANTOVA,LOMBARDIA,020071,c_m340
M341,TREMEZZINA,COMO,LOMBARDIA,013252,c_m341
M342,LONGARONE,BELLUNO,VENETO,025071,c_e672bl
M343,VALDAONE,TRENTO,TRENTINO ALTO ADIGE,022232,m343
M344,PREDAIA,TRENTO,TRENTINO ALTO ADIGE,022230,c_m344
M345,SAN LORENZO DORSINO,TRENTO,TRENTINO ALTO ADIGE,022231,c_m345
M346,VALVASONE ARZENE,PORDENONE,FRIULI VENEZIA GIULIA,093053,c_m346
M347,SILLANO GIUNCUGNANO,LUCCA,TOSCANA,046037,c_m347
M348,LA VALLETTA BRIANZA,LECCO,LOMBARDIA,097092,c_M348
M349,ALTAVALLE,TRENTO,TRENTINO ALTO ADIGE,022235,c_m349
M350,ALTOPIANO DELLA VIGOLANA,TRENTO,TRENTINO ALTO ADIGE,022236,c_m350
M351,AMBLAR-DON,TRENTO,TRENTINO ALTO ADIGE,022237,c_m351
M352,BORGO CHIESE,TRENTO,TRENTINO ALTO ADIGE,022238,c_m352
M353,BORGO LARES,TRENTO,TRENTINO ALTO ADIGE,022239,c_m353
M354,CASTEL IVANO,TRENTO,TRENTINO ALTO ADIGE,022240,c_m354
M355,CEMBRA LISIGNAGO,TRENTO,TRENTINO ALTO ADIGE,022241,c_m355
M356,CONTA',TRENTO,TRENTINO ALTO ADIGE,022242,c_m356
M357,MADRUZZO,TRENTO,TRENTINO ALTO ADIGE,022243,c_m357
M358,PORTE DI RENDENA,TRENTO,TRENTINO ALTO ADIGE,022244,c_m358
M359,PRIMIERO SAN MARTINO DI CASTROZZA,TRENTO,TRENTINO ALTO ADIGE,022245,c_m359
M360,SELLA GIUDICARIE,TRENTO,TRENTINO ALTO ADIGE,022246,c_m360
M361,TRE VILLE,TRENTO,TRENTINO ALTO ADIGE,022247,c_m361
M362,VALLELAGHI,TRENTO,TRENTINO ALTO ADIGE,022248,c_m362
M363,VILLE D'ANAUNIA,TRENTO,TRENTINO ALTO ADIGE,022249,c_m363
M364,VENTASSO,REGGIO EMILIA,EMILIA ROMAGNA,035046,c_m364
M365,PIEVE DI BONO-PREZZO,TRENTO,TRENTINO ALTO ADIGE,022234,c_m365
M366,DIMARO FOLGARIDA,TRENTO,TRENTINO ALTO ADIGE,022233,c_m366
M367,POLESINE ZIBELLO,PARMA,EMILIA ROMAGNA,034050,c_m367
M368,MONTESCUDO-MONTE COLOMBO,RIMINI,EMILIA ROMAGNA,099029,c_m368
M369,ALTO RENO TERME,BOLOGNA,EMILIA ROMAGNA,037062,c_m369
M370,BORGOMEZZAVALLE,VERBANO-CUSIO-OSSOLA,PIEMONTE,103078,c_m370
M371,LESSONA,BIELLA,PIEMONTE,096085,c_e552
M372,CORTEOLONA E GENZONE,PAVIA,LOMBARDIA,018192,c_M372
M373,CAMPIGLIA CERVO,BIELLA,PIEMONTE,096086,c_b508
M374,VAL DI ZOLDO,BELLUNO,VENETO,025073,c_3740
M375,ALPAGO,BELLUNO,VENETO,025072,c_m375
M376,ABETONE CUTIGLIANO,PISTOIA,TOSCANA,047023,cdacuti
M377,SAN MARCELLO PITEGLIO,PISTOIA,TOSCANA,047024,cdsmpi
M378,MONTALCINO,SIENA,TOSCANA,052037,cdmo
M379,TERRE ROVERESCHE,PESARO E URBINO,MARCHE,041070,cdtro
M380,COLLI AL METAURO,PESARO E URBINO,MARCHE,041069,cdcoame
M381,TERRE DEL RENO,FERRARA,EMILIA ROMAGNA,038028,cdtdr
M382,VALFORNACE,MACERATA,MARCHE,043058,comvalfo
M383,ALTA VALLE INTELVI,COMO,LOMBARDIA,013253,cavinte
M384,VAL LIONA,VICENZA,VENETO,024123,c_m384
M385,CASALI DEL MANCO,COSENZA,CALABRIA,078156,c_m385
M386,ALTA VAL TIDONE,PIACENZA,EMILIA ROMAGNA,033049,c_m386
M387,MONTALTO CARPASIO,IMPERIA,LIGURIA,008068,c_m387
M388,CASSANO SPINOLA,ALESSANDRIA,PIEMONTE,006191,c_m388
M389,ALTO SERMENZA,VERCELLI,PIEMONTE,002170,c_m389
M390,SAN GIOVANNI DI FASSA,TRENTO,TRENTINO ALTO ADIGE,022250,c_m390
M391,RIO,LIVORNO,TOSCANA,049021,c_m391
M392,LATERINA PERGINE VALDARNO,AREZZO,TOSCANA,051042,c_m392
M393,CASTELGERUNDO,LODI,LOMBARDIA,098062,c_m393
M394,CENTRO VALLE INTELVI,COMO,LOMBARDIA,013254,c_m394
M395,VALVARRONE,LECCO,LOMBARDIA,097093,c_m395
M396,BORGO MANTOVANO,MANTOVA,LOMBARDIA,020072,c_m396
M397,ALLUVIONI PIOVERA,ALESSANDRIA,PIEMONTE,006192,c_m397
M398,CELLIO CON BREIA,VERCELLI,PIEMONTE,002171,c_m398
M399,TREPPO LIGOSULLO,UDINE,FRIULI VENEZIA GIULIA,030191,c_m399
M400,FIUMICELLO VILLA VICENTINA,UDINE,FRIULI VENEZIA GIULIA,030190,c_m400
M401,BARBARANO MOSSANO,VICENZA,VENETO,024124,c_m401
M402,BORGO VENETO,PADOVA,VENETO,028107,c_m402
M403,CORIGLIANO-ROSSANO,COSENZA,CALABRIA,078157,c_m403
M404,VALLE CANNOBINA,VERBANO-CUSIO-OSSOLA,PIEMONTE,103079,c_m404
M405,VAL DI CHY,TORINO,PIEMONTE,001317,c_m405
M406,BORGOCARBONARA,MANTOVA,LOMBARDIA,020073,c_m406
M407,TERRE D'ADIGE,TRENTO,TRENTINO ALTO ADIGE,022251,c_m407
M408,BARBERINO TAVARNELLE,FIRENZE,TOSCANA,048054,c_m408
M409,TRESIGNANA,FERRARA,EMILIA ROMAGNA,038030,c_m409
M410,RIVA DEL PO,FERRARA,EMILIA ROMAGNA,038029,c_m410
M411,SORBOLO MEZZANI,PARMA,EMILIA ROMAGNA,034051,c_m411
M412,SOLBIATE CON CAGNO,COMO,LOMBARDIA,013255,c_m412
M413,SASSOCORVARO AUDITORE,PESARO E URBINO,MARCHE,041071,c_M413
M414,QUAREGNA CERRETO,BIELLA,PIEMONTE,096087,c_m414
M415,VALCHIUSA,TORINO,PIEMONTE,001318,c_m415
M416,GATTICO-VERUNO,NOVARA,PIEMONTE,003166,c_m416
M417,VALDILANA,BIELLA,PIEMONTE,096088,c_m417
M418,PIADENA DRIZZONA,CREMONA,LOMBARDIA,019116,c_m418
M419,COLLI VERDI,PAVIA,LOMBARDIA,018193,c_m419
M420,LU E CUCCARO MONFERRATO,ALESSANDRIA,PIEMONTE,006193,c_m420
M421,BORGO VALBELLUNA,BELLUNO,VENETO,025074,c_m421
M422,PIEVE DEL GRAPPA,TREVISO,VENETO,026096,c_m422
M423,VALBRENTA,VICENZA,VENETO,024125,c_m423
M424,VERMEZZO CON ZELO,MILANO,LOMBARDIA,015251,c_M424
M425,CADREZZATE CON OSMATE,VARESE,LOMBARDIA,012143,c_m425
M426,COLCERESA,VICENZA,VENETO,024126,c_m426
M427,LUSIANA CONCO,VICENZA,VENETO,024127,c_m427
M428,PRESICCE-ACQUARICA,LECCE,PUGLIA,075098,c_m428
M429,BORGO D'ANAUNIA,TRENTO,TRENTINO ALTO ADIGE,022252,c_M429
M430,NOVELLA,TRENTO,TRENTINO ALTO ADIGE,022253,c_M430
M431,VILLE DI FIEMME,TRENTO,TRENTINO ALTO ADIGE,022254,c_M431
M432,MISILISCEMI,TRAPANI,SICILIA,081025,3PS17TYB
M433,BARDELLO CON MALGESSO E BREGANO,VARESE,LOMBARDIA,012144,X3BN8HJ1
M434,MORANSENGO-TONENGO,ASTI,PIEMONTE,005122,3BEP4ZAX
M435,UGGIATE CON RONAGO,COMO,LOMBARDIA,013256,XURJPVZN
M436,SOVIZZO,VICENZA,VENETO,024128,40B59AWR
M437,SETTEVILLE,BELLUNO,VENETO,025075,RHARNICS
M438,SANTA CATERINA D'ESTE,PADOVA,VENETO,028108,FVZWE5SF
M439,CASTEGNERO NANTO,VICENZA,VENETO,024129,17UW94ZL
