REGIONE,PROVINCIA,COMUNE,NUMERI_CIVICI,CON_COORDINATE,COMPLETAMENTO_%,COORDINATE_AGGIUNTE,CIVICI_AGGIUNTI,COSA_E_CAMBIATO,ULTIMO_AGGIORNAMENTO,CON_COORDINATE_MESE_SCORSO,NUMERI_CIVICI_MESE_SCORSO,DATI_AGGIORNATI_AL,CODICE_ISTAT,CODICE_CATASTALE,CODICE_IPA
LOMBARDIA,BERGAMO,ADRARA SAN MARTINO,1884,1884,100.0,0,0,Invariato,2026-03,1884,1884,2026-07-31,016001,A057,c_a057
LOMBARDIA,BERGAMO,ADRARA SAN ROCCO,983,929,94.51,0,54,Aggiunti civici,2026-07,929,929,2026-07-31,016002,A058,c_a058
LOMBARDIA,BERGAMO,ALBANO SANT'ALESSANDRO,2473,2473,100.0,0,0,Invariato,2026-03,2473,2473,2026-07-31,016003,A129,c_a129
LOMBARDIA,BERGAMO,ALBINO,4857,4857,100.0,0,0,Invariato,2026-03,4857,4857,2026-07-31,016004,A163,c_a163
LOMBARDIA,BERGAMO,ALGUA,428,0,0.0,0,0,Invariato,2026-03,0,428,2026-07-31,016248,A193,c_a193
LOMBARDIA,BERGAMO,ALME',1849,0,0.0,0,0,Invariato,2026-03,0,1849,2026-07-31,016005,A214,c_a214
LOMBARDIA,BERGAMO,ALMENNO SAN BARTOLOMEO,2964,2964,100.0,0,0,Invariato,2026-03,2964,2964,2026-07-31,016006,A216,c_a216
LOMBARDIA,BERGAMO,ALMENNO SAN SALVATORE,1800,1800,100.0,0,0,Invariato,2026-03,1800,1800,2026-07-31,016007,A217,c_a217
LOMBARDIA,BERGAMO,ALZANO LOMBARDO,4303,4303,100.0,0,0,Invariato,2026-03,4303,4303,2026-07-31,016008,A246,c_a246
LOMBARDIA,BERGAMO,AMBIVERE,643,643,100.0,0,0,Invariato,2026-03,643,643,2026-07-31,016009,A259,c_a259
LOMBARDIA,BERGAMO,ANTEGNATE,2058,0,0.0,0,0,Invariato,2026-03,0,2058,2026-07-31,016010,A304,c_a304
LOMBARDIA,BERGAMO,ARCENE,1171,0,0.0,0,0,Invariato,2026-03,0,1171,2026-07-31,016011,A365,c_a365
LOMBARDIA,BERGAMO,ARDESIO,1395,1395,100.0,1395,0,Aggiunte coordinate,2026-07,0,1395,2026-07-31,016012,A383,c_a383
LOMBARDIA,BERGAMO,ARZAGO D'ADDA,1608,1608,100.0,0,0,Invariato,2026-03,1608,1608,2026-07-31,016013,A440,c_a440
LOMBARDIA,BERGAMO,AVERARA,447,447,100.0,0,0,Invariato,2026-03,447,447,2026-07-31,016014,A511,c_a511
LOMBARDIA,BERGAMO,AVIATICO,620,349,56.29,348,0,Aggiunte coordinate,2026-07,1,620,2026-07-31,016015,A517,c_a517
LOMBARDIA,BERGAMO,AZZANO SAN PAOLO,1905,1905,100.0,0,0,Invariato,2026-03,1905,1905,2026-07-31,016016,A528,C_A528
LOMBARDIA,BERGAMO,AZZONE,248,248,100.0,0,0,Invariato,2026-03,248,248,2026-07-31,016017,A533,c_a533
LOMBARDIA,BERGAMO,BAGNATICA,1146,1146,100.0,0,0,Invariato,2026-03,1146,1146,2026-07-31,016018,A557,c_a557
LOMBARDIA,BERGAMO,BARBATA,321,321,100.0,0,0,Invariato,2026-07,321,321,2026-07-31,016019,A631,c_a631
LOMBARDIA,BERGAMO,BARIANO,1441,1392,96.6,0,49,Aggiunti civici,2026-07,1392,1392,2026-07-31,016020,A664,c_a664
LOMBARDIA,BERGAMO,BARZANA,684,0,0.0,0,0,Invariato,2026-03,0,684,2026-07-31,016021,A684,c_a684
LOMBARDIA,BERGAMO,BEDULITA,479,0,0.0,0,0,Invariato,2026-03,0,479,2026-07-31,016022,A732,c_a732
LOMBARDIA,BERGAMO,BERBENNO,1434,1434,100.0,0,0,Invariato,2026-07,1434,1434,2026-07-31,016023,A786,c_a786
LOMBARDIA,BERGAMO,BERGAMO,25894,2553,9.86,2548,0,Aggiunte coordinate,2026-07,5,25894,2026-07-31,016024,A794,c_a794
LOMBARDIA,BERGAMO,BERZO SAN FERMO,420,0,0.0,0,0,Invariato,2026-03,0,420,2026-07-31,016025,A815,c_a815
LOMBARDIA,BERGAMO,BIANZANO,473,473,100.0,473,0,Aggiunte coordinate,2026-07,0,473,2026-07-31,016026,A846,c_a846
LOMBARDIA,BERGAMO,BLELLO,82,0,0.0,0,0,Invariato,2026-03,0,82,2026-07-31,016027,A903,c_a903
LOMBARDIA,BERGAMO,BOLGARE,2978,0,0.0,0,0,Invariato,2026-03,0,2978,2026-07-31,016028,A937,c_a937
LOMBARDIA,BERGAMO,BOLTIERE,1252,730,58.31,730,0,Aggiunte coordinate,2026-07,0,1252,2026-07-31,016029,A950,c_a950
LOMBARDIA,BERGAMO,BONATE SOPRA,2338,0,0.0,0,0,Invariato,2026-03,0,2338,2026-07-31,016030,A963,c_a963
LOMBARDIA,BERGAMO,BONATE SOTTO,1611,1611,100.0,0,0,Invariato,2026-03,1611,1611,2026-07-31,016031,A962,c_a962
LOMBARDIA,BERGAMO,BORGO DI TERZO,621,0,0.0,0,0,Invariato,2026-03,0,621,2026-07-31,016032,B010,c_b010
LOMBARDIA,BERGAMO,BOSSICO,869,869,100.0,0,0,Invariato,2026-03,869,869,2026-07-31,016033,B083,c_b083
LOMBARDIA,BERGAMO,BOTTANUCO,2024,2024,100.0,0,0,Invariato,2026-03,2024,2024,2026-07-31,016034,B088,c_b088
LOMBARDIA,BERGAMO,BRACCA,395,395,100.0,0,0,Invariato,2026-03,395,395,2026-07-31,016035,B112,c_b112
LOMBARDIA,BERGAMO,BRANZI,778,0,0.0,0,0,Invariato,2026-03,0,778,2026-07-31,016036,B123,c_b123
LOMBARDIA,BERGAMO,BREMBATE,3390,3390,100.0,0,0,Invariato,2026-03,3390,3390,2026-07-31,016037,B137,c_b137
LOMBARDIA,BERGAMO,BREMBATE DI SOPRA,2807,2758,98.25,2758,0,Aggiunte coordinate,2026-07,0,2807,2026-07-31,016038,B138,c_b138
LOMBARDIA,BERGAMO,BRIGNANO GERA D'ADDA,1978,0,0.0,0,0,Invariato,2026-03,0,1978,2026-07-31,016040,B178,c_b178
LOMBARDIA,BERGAMO,BRUMANO,282,282,100.0,0,0,Invariato,2026-03,282,282,2026-07-31,016041,B217,c_b217
LOMBARDIA,BERGAMO,BRUSAPORTO,1634,1634,100.0,0,0,Invariato,2026-03,1634,1634,2026-07-31,016042,B223,c_b223
LOMBARDIA,BERGAMO,CALCINATE,1902,1902,100.0,0,0,Invariato,2026-03,1902,1902,2026-07-31,016043,B393,c_b393
LOMBARDIA,BERGAMO,CALCIO,3269,3269,100.0,0,0,Invariato,2026-03,3269,3269,2026-07-31,016044,B395,c_b395
LOMBARDIA,BERGAMO,CALUSCO D'ADDA,3170,3170,100.0,0,0,Invariato,2026-03,3170,3170,2026-07-31,016046,B434,c_b434
LOMBARDIA,BERGAMO,CALVENZANO,1264,1264,100.0,0,0,Invariato,2026-03,1264,1264,2026-07-31,016047,B442,c_b442
LOMBARDIA,BERGAMO,CAMERATA CORNELLO,534,534,100.0,0,0,Invariato,2026-03,534,534,2026-07-31,016048,B471,c_b471
LOMBARDIA,BERGAMO,CANONICA D'ADDA,875,875,100.0,0,0,Invariato,2026-03,875,875,2026-07-31,016049,B618,c_b618
LOMBARDIA,BERGAMO,CAPIZZONE,537,537,100.0,0,0,Invariato,2026-03,537,537,2026-07-31,016050,B661,c_b661
LOMBARDIA,BERGAMO,CAPRIATE SAN GERVASIO,2718,0,0.0,0,0,Invariato,2026-03,0,2718,2026-07-31,016051,B703,c_b703
LOMBARDIA,BERGAMO,CAPRINO BERGAMASCO,927,0,0.0,0,0,Invariato,2026-03,0,927,2026-07-31,016052,B710,c_b710
LOMBARDIA,BERGAMO,CARAVAGGIO,6956,6952,99.94,0,0,Invariato,2026-07,6952,6956,2026-07-31,016053,B731,c_b731
LOMBARDIA,BERGAMO,CAROBBIO DEGLI ANGELI,1960,1960,100.0,0,0,Invariato,2026-03,1960,1960,2026-07-31,016055,B801,c_b801
LOMBARDIA,BERGAMO,CARONA,516,516,100.0,0,0,Invariato,2026-03,516,516,2026-07-31,016056,B803,c_b803
LOMBARDIA,BERGAMO,CARVICO,1477,0,0.0,0,0,Invariato,2026-03,0,1477,2026-07-31,016057,B854,c_b854
LOMBARDIA,BERGAMO,CASAZZA,1487,1487,100.0,0,0,Invariato,2026-03,1487,1487,2026-07-31,016058,B947,c_b947
LOMBARDIA,BERGAMO,CASIRATE D'ADDA,957,957,100.0,0,0,Invariato,2026-03,957,957,2026-07-31,016059,B971,c_b971
LOMBARDIA,BERGAMO,CASNIGO,2043,2043,100.0,0,0,Invariato,2026-03,2043,2043,2026-07-31,016060,B978,c_b978
LOMBARDIA,BERGAMO,CASSIGLIO,115,115,100.0,0,0,Invariato,2026-03,115,115,2026-07-31,016061,C007,c_c007
LOMBARDIA,BERGAMO,CASTEL ROZZONE,1074,1074,100.0,0,0,Invariato,2026-03,1074,1074,2026-07-31,016063,C255,c_c255
LOMBARDIA,BERGAMO,CASTELLI CALEPIO,4784,4784,100.0,0,0,Invariato,2026-03,4784,4784,2026-07-31,016062,C079,c_c079
LOMBARDIA,BERGAMO,CASTIONE DELLA PRESOLANA,3311,0,0.0,0,0,Invariato,2026-03,0,3311,2026-07-31,016064,C324,c_c324
LOMBARDIA,BERGAMO,CASTRO,337,337,100.0,0,0,Invariato,2026-03,337,337,2026-07-31,016065,C337,c_c337
LOMBARDIA,BERGAMO,CAVERNAGO,731,731,100.0,0,0,Invariato,2026-07,731,731,2026-07-31,016066,C396,c_c396
LOMBARDIA,BERGAMO,CAZZANO SANT'ANDREA,564,564,100.0,0,0,Invariato,2026-03,564,564,2026-07-31,016067,C410,c_c410
LOMBARDIA,BERGAMO,CENATE SOPRA,838,0,0.0,0,0,Invariato,2026-03,0,838,2026-07-31,016068,C456,c_c456
LOMBARDIA,BERGAMO,CENATE SOTTO,1325,0,0.0,0,0,Invariato,2026-07,0,1325,2026-07-31,016069,C457,c_c457
LOMBARDIA,BERGAMO,CENE,1505,0,0.0,0,0,Invariato,2026-03,0,1505,2026-07-31,016070,C459,c_c459
LOMBARDIA,BERGAMO,CERETE,1139,0,0.0,0,0,Invariato,2026-03,0,1139,2026-07-31,016071,C506,c_c506
LOMBARDIA,BERGAMO,CHIGNOLO D'ISOLA,695,677,97.41,0,18,Aggiunti civici,2026-07,677,677,2026-07-31,016072,C635,C_C635
LOMBARDIA,BERGAMO,CHIUDUNO,1804,1800,99.78,0,0,Invariato,2026-03,1800,1804,2026-07-31,016073,C649,c_c649
LOMBARDIA,BERGAMO,CISANO BERGAMASCO,2414,37,1.53,0,0,Invariato,2026-03,37,2414,2026-07-31,016074,C728,c_c728
LOMBARDIA,BERGAMO,CISERANO,1583,0,0.0,0,0,Invariato,2026-03,0,1583,2026-07-31,016075,C730,c_c730
LOMBARDIA,BERGAMO,CIVIDATE AL PIANO,2022,2022,100.0,0,0,Invariato,2026-03,2022,2022,2026-07-31,016076,C759,c_c759
LOMBARDIA,BERGAMO,CLUSONE,3105,3105,100.0,0,0,Invariato,2026-03,3105,3105,2026-07-31,016077,C800,c_c800
LOMBARDIA,BERGAMO,COLERE,806,806,100.0,0,0,Invariato,2026-03,806,806,2026-07-31,016078,C835,c_c835
LOMBARDIA,BERGAMO,COLOGNO AL SERIO,4421,4421,100.0,0,0,Invariato,2026-03,4421,4421,2026-07-31,016079,C894,c_c894
LOMBARDIA,BERGAMO,COLZATE,608,608,100.0,0,0,Invariato,2026-03,608,608,2026-07-31,016080,C910,c_c910
LOMBARDIA,BERGAMO,COMUN NUOVO,1107,0,0.0,0,0,Invariato,2026-03,0,1107,2026-07-31,016081,C937,c_c937
LOMBARDIA,BERGAMO,CORNA IMAGNA,419,419,100.0,419,0,Aggiunte coordinate,2026-07,0,419,2026-07-31,016082,D015,c_d015
LOMBARDIA,BERGAMO,CORNALBA,281,0,0.0,0,0,Invariato,2026-03,0,281,2026-07-31,016249,D016,c_d016
LOMBARDIA,BERGAMO,CORTENUOVA,569,569,100.0,569,0,Aggiunte coordinate,2026-07,0,569,2026-07-31,016083,D066,c_d066
LOMBARDIA,BERGAMO,COSTA DI MEZZATE,988,988,100.0,0,0,Invariato,2026-03,988,988,2026-07-31,016084,D110,c_d110
LOMBARDIA,BERGAMO,COSTA SERINA,849,0,0.0,0,0,Invariato,2026-03,0,849,2026-07-31,016247,D111,c_d111
LOMBARDIA,BERGAMO,COSTA VALLE IMAGNA,440,440,100.0,0,0,Invariato,2026-03,440,440,2026-07-31,016085,D103,c_d103
LOMBARDIA,BERGAMO,COSTA VOLPINO,3227,3227,100.0,0,0,Invariato,2026-03,3227,3227,2026-07-31,016086,D117,c_d117
LOMBARDIA,BERGAMO,COVO,1272,0,0.0,0,0,Invariato,2026-03,0,1272,2026-07-31,016087,D126,c_d126
LOMBARDIA,BERGAMO,CREDARO,888,888,100.0,888,0,Aggiunte coordinate,2026-07,0,888,2026-07-31,016088,D139,c_d139
LOMBARDIA,BERGAMO,CURNO,1757,1757,100.0,0,0,Invariato,2026-03,1757,1757,2026-07-31,016089,D221,c_d221
LOMBARDIA,BERGAMO,CUSIO,291,0,0.0,0,0,Invariato,2026-03,0,291,2026-07-31,016090,D233,c_d233
LOMBARDIA,BERGAMO,DALMINE,7988,7988,100.0,13,0,Aggiunte coordinate,2026-07,7975,7988,2026-07-31,016091,D245,c_d245
LOMBARDIA,BERGAMO,DOSSENA,651,2,0.31,0,0,Invariato,2026-03,2,651,2026-07-31,016092,D352,c_d352
LOMBARDIA,BERGAMO,ENDINE GAIANO,1809,1809,100.0,0,0,Invariato,2026-03,1809,1809,2026-07-31,016093,D406,c_d406
LOMBARDIA,BERGAMO,ENTRATICO,650,176,27.08,176,28,Aggiunti civici e coordinate,2026-07,0,622,2026-07-31,016094,D411,c_d411
LOMBARDIA,BERGAMO,FARA GERA D'ADDA,12670,0,0.0,0,0,Invariato,2026-03,0,12670,2026-07-31,016096,D490,c_d490
LOMBARDIA,BERGAMO,FARA OLIVANA CON SOLA,440,0,0.0,0,0,Invariato,2026-03,0,440,2026-07-31,016097,D491,c_d491
LOMBARDIA,BERGAMO,FILAGO,1135,0,0.0,0,0,Invariato,2026-03,0,1135,2026-07-31,016098,D588,c_d588
LOMBARDIA,BERGAMO,FINO DEL MONTE,567,0,0.0,0,0,Invariato,2026-03,0,567,2026-07-31,016099,D604,c_d604
LOMBARDIA,BERGAMO,FIORANO AL SERIO,1004,1004,100.0,0,0,Invariato,2026-03,1004,1004,2026-07-31,016100,D606,c_d606
LOMBARDIA,BERGAMO,FONTANELLA,2355,0,0.0,0,0,Invariato,2026-03,0,2355,2026-07-31,016101,D672,c_d672
LOMBARDIA,BERGAMO,FONTENO,396,396,100.0,0,0,Invariato,2026-03,396,396,2026-07-31,016102,D684,c_d684
LOMBARDIA,BERGAMO,FOPPOLO,334,334,100.0,334,0,Aggiunte coordinate,2026-07,0,334,2026-07-31,016103,D688,c_d688
LOMBARDIA,BERGAMO,FORESTO SPARSO,1312,1312,100.0,0,0,Invariato,2026-07,1312,1312,2026-07-31,016104,D697,c_d697
LOMBARDIA,BERGAMO,FORNOVO SAN GIOVANNI,989,989,100.0,0,0,Invariato,2026-03,989,989,2026-07-31,016105,D727,c_d727
LOMBARDIA,BERGAMO,FUIPIANO VALLE IMAGNA,311,311,100.0,0,0,Invariato,2026-03,311,311,2026-07-31,016106,D817,c_d817
LOMBARDIA,BERGAMO,GANDELLINO,549,549,100.0,0,0,Invariato,2026-03,549,549,2026-07-31,016107,D903,c_d903
LOMBARDIA,BERGAMO,GANDINO,2082,2082,100.0,0,0,Invariato,2026-03,2082,2082,2026-07-31,016108,D905,c_d905
LOMBARDIA,BERGAMO,GANDOSSO,535,0,0.0,0,0,Invariato,2026-03,0,535,2026-07-31,016109,D906,c_d906
LOMBARDIA,BERGAMO,GAVERINA TERME,975,975,100.0,975,0,Aggiunte coordinate,2026-07,0,975,2026-07-31,016110,D943,c_d943
LOMBARDIA,BERGAMO,GAZZANIGA,3143,0,0.0,0,0,Invariato,2026-03,0,3143,2026-07-31,016111,D952,c_d952
LOMBARDIA,BERGAMO,GHISALBA,1986,1986,100.0,0,0,Invariato,2026-03,1986,1986,2026-07-31,016113,E006,c_e006
LOMBARDIA,BERGAMO,GORLAGO,2707,944,34.87,0,0,Invariato,2026-07,944,2707,2026-07-31,016114,E100,c_e100
LOMBARDIA,BERGAMO,GORLE,1907,0,0.0,0,103,Aggiunti civici,2026-07,0,1804,2026-07-31,016115,E103,c_e103
LOMBARDIA,BERGAMO,GORNO,865,0,0.0,0,0,Invariato,2026-03,0,865,2026-07-31,016116,E106,c_e106
LOMBARDIA,BERGAMO,GRASSOBBIO,3523,2232,63.36,2232,0,Aggiunte coordinate,2026-07,0,3523,2026-07-31,016117,E148,c_e148
LOMBARDIA,BERGAMO,GROMO,1109,0,0.0,0,0,Invariato,2026-03,0,1109,2026-07-31,016118,E189,c_e189
LOMBARDIA,BERGAMO,GRONE,630,0,0.0,0,0,Invariato,2026-03,0,630,2026-07-31,016119,E192,c_e192
LOMBARDIA,BERGAMO,GRUMELLO DEL MONTE,3285,1226,37.32,0,0,Invariato,2026-07,1226,3285,2026-07-31,016120,E219,c_e219
LOMBARDIA,BERGAMO,ISOLA DI FONDRA,301,301,100.0,0,0,Invariato,2026-03,301,301,2026-07-31,016121,E353,c_c35e
LOMBARDIA,BERGAMO,ISSO,327,253,77.37,0,0,Invariato,2026-03,253,327,2026-07-31,016122,E370,c_e370
LOMBARDIA,BERGAMO,LALLIO,1032,0,0.0,0,0,Invariato,2026-03,0,1032,2026-07-31,016123,E422,c_e422
LOMBARDIA,BERGAMO,LEFFE,1778,1778,100.0,0,0,Invariato,2026-07,1778,1778,2026-07-31,016124,E509,c_e509
LOMBARDIA,BERGAMO,LENNA,647,647,100.0,0,0,Invariato,2026-07,647,647,2026-07-31,016125,E524,c_e524
LOMBARDIA,BERGAMO,LEVATE,917,0,0.0,0,0,Invariato,2026-03,0,917,2026-07-31,016126,E562,c_e562
LOMBARDIA,BERGAMO,LOCATELLO,406,406,100.0,0,0,Invariato,2026-03,406,406,2026-07-31,016127,E640,c_e640
LOMBARDIA,BERGAMO,LOVERE,2677,2677,100.0,0,0,Invariato,2026-03,2677,2677,2026-07-31,016128,E704,c_e704
LOMBARDIA,BERGAMO,LURANO,815,0,0.0,0,0,Invariato,2026-03,0,815,2026-07-31,016129,E751,c_e751
LOMBARDIA,BERGAMO,LUZZANA,329,0,0.0,0,0,Invariato,2026-03,0,329,2026-07-31,016130,E770,c_e770
LOMBARDIA,BERGAMO,MADONE,1671,0,0.0,0,0,Invariato,2026-03,0,1671,2026-07-31,016131,E794,C_E794
LOMBARDIA,BERGAMO,MAPELLO,2729,2729,100.0,0,0,Invariato,2026-03,2729,2729,2026-07-31,016132,E901,c_e901
LOMBARDIA,BERGAMO,MARTINENGO,3588,3588,100.0,0,0,Invariato,2026-03,3588,3588,2026-07-31,016133,E987,c_e987
LOMBARDIA,BERGAMO,MEDOLAGO,797,127,15.93,0,0,Invariato,2026-03,127,797,2026-07-31,016250,F085,c_f085
LOMBARDIA,BERGAMO,MEZZOLDO,258,163,63.18,0,95,Aggiunti civici,2026-07,163,163,2026-07-31,016134,F186,c_f186
LOMBARDIA,BERGAMO,MISANO DI GERA D'ADDA,884,0,0.0,0,0,Invariato,2026-03,0,884,2026-07-31,016135,F243,c_f243
LOMBARDIA,BERGAMO,MOIO DE' CALVI,156,156,100.0,0,0,Invariato,2026-03,156,156,2026-07-31,016136,F276,c_f276
LOMBARDIA,BERGAMO,MONASTEROLO DEL CASTELLO,604,0,0.0,0,0,Invariato,2026-03,0,604,2026-07-31,016137,F328,c_f328
LOMBARDIA,BERGAMO,MONTELLO,806,0,0.0,0,0,Invariato,2026-03,0,806,2026-07-31,016139,F547,c_f547
LOMBARDIA,BERGAMO,MORENGO,788,72,9.14,0,0,Invariato,2026-03,72,788,2026-07-31,016140,F720,c_f720
LOMBARDIA,BERGAMO,MORNICO AL SERIO,1803,1803,100.0,0,0,Invariato,2026-03,1803,1803,2026-07-31,016141,F738,c_f738
LOMBARDIA,BERGAMO,MOZZANICA,1501,1501,100.0,0,0,Invariato,2026-03,1501,1501,2026-07-31,016142,F786,c_f786
LOMBARDIA,BERGAMO,MOZZO,1851,1851,100.0,0,0,Invariato,2026-03,1851,1851,2026-07-31,016143,F791,c_f791
LOMBARDIA,BERGAMO,NEMBRO,3160,3110,98.42,0,0,Invariato,2026-07,3110,3160,2026-07-31,016144,F864,c_f864
LOMBARDIA,BERGAMO,OLMO AL BREMBO,336,336,100.0,0,0,Invariato,2026-03,336,336,2026-07-31,016145,G049,c_g049
LOMBARDIA,BERGAMO,OLTRE IL COLLE,1748,1683,96.28,0,0,Invariato,2026-07,1683,1748,2026-07-31,016146,G050,c_g050
LOMBARDIA,BERGAMO,OLTRESSENDA ALTA,311,311,100.0,0,0,Invariato,2026-03,311,311,2026-07-31,016147,G054,c_g054
LOMBARDIA,BERGAMO,ONETA,451,0,0.0,0,0,Invariato,2026-03,0,451,2026-07-31,016148,G068,c_g068
LOMBARDIA,BERGAMO,ONORE,1532,1532,100.0,0,0,Invariato,2026-07,1532,1532,2026-07-31,016149,G075,c_g075
LOMBARDIA,BERGAMO,ORIO AL SERIO,652,0,0.0,0,0,Invariato,2026-03,0,652,2026-07-31,016150,G108,c_g108
LOMBARDIA,BERGAMO,ORNICA,176,176,100.0,0,0,Invariato,2026-03,176,176,2026-07-31,016151,G118,c_g118
LOMBARDIA,BERGAMO,OSIO SOPRA,1312,1312,100.0,0,0,Invariato,2026-03,1312,1312,2026-07-31,016152,G159,c_g159
LOMBARDIA,BERGAMO,OSIO SOTTO,3330,3330,100.0,0,0,Invariato,2026-03,3330,3330,2026-07-31,016153,G160,c_g160
LOMBARDIA,BERGAMO,PAGAZZANO,881,0,0.0,0,0,Invariato,2026-03,0,881,2026-07-31,016154,G233,c_g233
LOMBARDIA,BERGAMO,PALADINA,1021,1021,100.0,0,0,Invariato,2026-07,1021,1021,2026-07-31,016155,G249,c_g249
LOMBARDIA,BERGAMO,PALAZZAGO,1545,0,0.0,0,0,Invariato,2026-03,0,1545,2026-07-31,016156,G259,c_g259
LOMBARDIA,BERGAMO,PALOSCO,3501,0,0.0,0,0,Invariato,2026-03,0,3501,2026-07-31,016157,G295,c_g295
LOMBARDIA,BERGAMO,PARRE,868,868,100.0,0,0,Invariato,2026-07,868,868,2026-07-31,016158,G346,c_g346
LOMBARDIA,BERGAMO,PARZANICA,246,246,100.0,0,0,Invariato,2026-03,246,246,2026-07-31,016159,G350,c_g350
LOMBARDIA,BERGAMO,PEDRENGO,1436,1436,100.0,0,0,Invariato,2026-03,1436,1436,2026-07-31,016160,G412,c_g412
LOMBARDIA,BERGAMO,PEIA,1046,1046,100.0,0,0,Invariato,2026-03,1046,1046,2026-07-31,016161,G418,c_g418
LOMBARDIA,BERGAMO,PIANICO,455,0,0.0,0,0,Invariato,2026-03,0,455,2026-07-31,016162,G564,c_g564
LOMBARDIA,BERGAMO,PIARIO,358,358,100.0,0,0,Invariato,2026-03,358,358,2026-07-31,016163,G574,c_g574
LOMBARDIA,BERGAMO,PIAZZA BREMBANA,473,0,0.0,0,0,Invariato,2026-03,0,473,2026-07-31,016164,G579,c_g579
LOMBARDIA,BERGAMO,PIAZZATORRE,487,0,0.0,0,0,Invariato,2026-03,0,487,2026-07-31,016165,G583,c_g583
LOMBARDIA,BERGAMO,PIAZZOLO,176,176,100.0,0,0,Invariato,2026-03,176,176,2026-07-31,016166,G588,c_g588
LOMBARDIA,BERGAMO,POGNANO,533,533,100.0,0,0,Invariato,2026-03,533,533,2026-07-31,016167,G774,c_g774
LOMBARDIA,BERGAMO,PONTE NOSSA,985,8,0.81,0,0,Invariato,2026-03,8,985,2026-07-31,016168,F941,c_f941
LOMBARDIA,BERGAMO,PONTE SAN PIETRO,2896,2896,100.0,0,0,Invariato,2026-03,2896,2896,2026-07-31,016170,G856,c_g856
LOMBARDIA,BERGAMO,PONTERANICA,1729,0,0.0,0,0,Invariato,2026-03,0,1729,2026-07-31,016169,G853,c_g853
LOMBARDIA,BERGAMO,PONTIDA,1259,0,0.0,0,0,Invariato,2026-03,0,1259,2026-07-31,016171,G864,c_g864
LOMBARDIA,BERGAMO,PONTIROLO NUOVO,1843,0,0.0,0,0,Invariato,2026-03,0,1843,2026-07-31,016172,G867,c_g867
LOMBARDIA,BERGAMO,PRADALUNGA,1628,0,0.0,0,0,Invariato,2026-03,0,1628,2026-07-31,016173,G968,c_g968
LOMBARDIA,BERGAMO,PREDORE,1225,0,0.0,0,0,Invariato,2026-03,0,1225,2026-07-31,016174,H020,c_h020
LOMBARDIA,BERGAMO,PREMOLO,793,0,0.0,0,0,Invariato,2026-03,0,793,2026-07-31,016175,H036,c_h036
LOMBARDIA,BERGAMO,PRESEZZO,2297,2297,100.0,0,0,Invariato,2026-03,2297,2297,2026-07-31,016176,H046,c_h046
LOMBARDIA,BERGAMO,PUMENENGO,811,811,100.0,0,0,Invariato,2026-03,811,811,2026-07-31,016177,H091,c_h091
LOMBARDIA,BERGAMO,RANICA,2125,2125,100.0,0,0,Invariato,2026-03,2125,2125,2026-07-31,016178,H176,c_h176
LOMBARDIA,BERGAMO,RANZANICO,780,780,100.0,1,0,Aggiunte coordinate,2026-07,779,780,2026-07-31,016179,H177,c_h177
LOMBARDIA,BERGAMO,RIVA DI SOLTO,801,0,0.0,0,0,Invariato,2026-03,0,801,2026-07-31,016180,H331,c_h331
LOMBARDIA,BERGAMO,ROGNO,1514,0,0.0,0,0,Invariato,2026-03,0,1514,2026-07-31,016182,H492,C_H492
LOMBARDIA,BERGAMO,ROMANO DI LOMBARDIA,3011,436,14.48,0,0,Invariato,2026-07,436,3011,2026-07-31,016183,H509,c_h509
LOMBARDIA,BERGAMO,RONCOBELLO,633,633,100.0,0,0,Invariato,2026-03,633,633,2026-07-31,016184,H535,c_h535
LOMBARDIA,BERGAMO,RONCOLA,552,0,0.0,0,0,Invariato,2026-03,0,552,2026-07-31,016185,H544,c_h544
LOMBARDIA,BERGAMO,ROTA D'IMAGNA,888,888,100.0,0,0,Invariato,2026-03,888,888,2026-07-31,016186,H584,c_h584
LOMBARDIA,BERGAMO,ROVETTA,1616,1616,100.0,623,0,Aggiunte coordinate,2026-07,993,1616,2026-07-31,016187,H615,c_h615
LOMBARDIA,BERGAMO,SAN GIOVANNI BIANCO,2298,0,0.0,0,0,Invariato,2026-03,0,2298,2026-07-31,016188,H910,c_h910
LOMBARDIA,BERGAMO,SAN PAOLO D'ARGON,1583,1583,100.0,0,0,Invariato,2026-03,1583,1583,2026-07-31,016189,B310,c_b310
LOMBARDIA,BERGAMO,SAN PELLEGRINO TERME,1725,1725,100.0,0,0,Invariato,2026-03,1725,1725,2026-07-31,016190,I079,c_i079
LOMBARDIA,BERGAMO,SANT'OMOBONO TERME,3133,0,0.0,0,0,Invariato,2026-03,0,3133,2026-07-31,016252,M333,c_m3330
LOMBARDIA,BERGAMO,SANTA BRIGIDA,398,398,100.0,0,0,Invariato,2026-03,398,398,2026-07-31,016191,I168,c_i168
LOMBARDIA,BERGAMO,SARNICO,1955,1955,100.0,0,0,Invariato,2026-03,1955,1955,2026-07-31,016193,I437,c_i437
LOMBARDIA,BERGAMO,SCANZOROSCIATE,2732,0,0.0,0,0,Invariato,2026-03,0,2732,2026-07-31,016194,I506,c_i506
LOMBARDIA,BERGAMO,SCHILPARIO,1088,1088,100.0,0,0,Invariato,2026-03,1088,1088,2026-07-31,016195,I530,c_i530
LOMBARDIA,BERGAMO,SEDRINA,747,747,100.0,747,0,Aggiunte coordinate,2026-07,0,747,2026-07-31,016196,I567,C_I567
LOMBARDIA,BERGAMO,SELVINO,1572,0,0.0,0,0,Invariato,2026-03,0,1572,2026-07-31,016197,I597,c_i597
LOMBARDIA,BERGAMO,SERIATE,4647,4647,100.0,0,0,Invariato,2026-03,4647,4647,2026-07-31,016198,I628,c_i628
LOMBARDIA,BERGAMO,SERINA,1338,1338,100.0,0,0,Invariato,2026-03,1338,1338,2026-07-31,016199,I629,c_i629
LOMBARDIA,BERGAMO,SOLTO COLLINA,893,893,100.0,0,0,Invariato,2026-03,893,893,2026-07-31,016200,I812,c_i812
LOMBARDIA,BERGAMO,SOLZA,619,0,0.0,0,62,Aggiunti civici,2026-07,0,557,2026-07-31,016251,I813,c_i813
LOMBARDIA,BERGAMO,SONGAVAZZO,509,509,100.0,0,0,Invariato,2026-03,509,509,2026-07-31,016201,I830,c_l830
LOMBARDIA,BERGAMO,SORISOLE,2405,2358,98.05,0,0,Invariato,2026-03,2358,2405,2026-07-31,016202,I858,c_i830
LOMBARDIA,BERGAMO,SOTTO IL MONTE GIOVANNI XXIII,1304,1304,100.0,0,0,Invariato,2026-03,1304,1304,2026-07-31,016203,I869,c_i869
LOMBARDIA,BERGAMO,SOVERE,2092,0,0.0,0,0,Invariato,2026-03,0,2092,2026-07-31,016204,I873,c_i873
LOMBARDIA,BERGAMO,SPINONE AL LAGO,352,0,0.0,0,0,Invariato,2026-03,0,352,2026-07-31,016205,I916,c_i916
LOMBARDIA,BERGAMO,SPIRANO,1939,0,0.0,0,0,Invariato,2026-03,0,1939,2026-07-31,016206,I919,c_i919
LOMBARDIA,BERGAMO,STEZZANO,2326,14,0.6,0,0,Invariato,2026-03,14,2326,2026-07-31,016207,I951,c_i951
LOMBARDIA,BERGAMO,STROZZA,459,459,100.0,0,0,Invariato,2026-03,459,459,2026-07-31,016208,I986,c_i986
LOMBARDIA,BERGAMO,SUISIO,1029,1029,100.0,0,0,Invariato,2026-07,1029,1029,2026-07-31,016209,I997,c_i997
LOMBARDIA,BERGAMO,TALEGGIO,807,0,0.0,0,0,Invariato,2026-03,0,807,2026-07-31,016210,L037,c_l037
LOMBARDIA,BERGAMO,TAVERNOLA BERGAMASCA,647,647,100.0,0,0,Invariato,2026-03,647,647,2026-07-31,016211,L073,c_l073
LOMBARDIA,BERGAMO,TELGATE,2220,2220,100.0,0,0,Invariato,2026-03,2220,2220,2026-07-31,016212,L087,c_l087
LOMBARDIA,BERGAMO,TERNO D'ISOLA,1671,0,0.0,0,0,Invariato,2026-03,0,1671,2026-07-31,016213,L118,c_l118
LOMBARDIA,BERGAMO,TORRE BOLDONE,1430,1430,100.0,0,0,Invariato,2026-03,1430,1430,2026-07-31,016214,L251,c_l251
LOMBARDIA,BERGAMO,TORRE DE' BUSI,926,0,0.0,0,0,Invariato,2026-03,0,926,2026-07-31,016215,L257,c_tdblc
LOMBARDIA,BERGAMO,TORRE DE' ROVERI,773,773,100.0,773,0,Aggiunte coordinate,2026-07,0,773,2026-07-31,016216,L265,c_l265
LOMBARDIA,BERGAMO,TORRE PALLAVICINA,508,0,0.0,0,0,Invariato,2026-03,0,508,2026-07-31,016217,L276,c_l276
LOMBARDIA,BERGAMO,TRESCORE BALNEARIO,2738,2738,100.0,0,0,Invariato,2026-03,2738,2738,2026-07-31,016218,L388,c_l388
LOMBARDIA,BERGAMO,TREVIGLIO,10522,10522,100.0,0,0,Invariato,2026-03,10522,10522,2026-07-31,016219,L400,c_l400
LOMBARDIA,BERGAMO,TREVIOLO,4410,390,8.84,0,0,Invariato,2026-03,390,4410,2026-07-31,016220,L404,c_l404
LOMBARDIA,BERGAMO,UBIALE CLANEZZO,446,0,0.0,0,0,Invariato,2026-03,0,446,2026-07-31,016221,C789,c_c789
LOMBARDIA,BERGAMO,URGNANO,3501,0,0.0,0,0,Invariato,2026-03,0,3501,2026-07-31,016222,L502,c_l502
LOMBARDIA,BERGAMO,VAL BREMBILLA,2955,2955,100.0,0,0,Invariato,2026-03,2955,2955,2026-07-31,016253,M334,c_m334
LOMBARDIA,BERGAMO,VALBONDIONE,1008,1008,100.0,0,0,Invariato,2026-03,1008,1008,2026-07-31,016223,L544,c_l544
LOMBARDIA,BERGAMO,VALBREMBO,875,0,0.0,0,0,Invariato,2026-03,0,875,2026-07-31,016224,L545,c_l545
LOMBARDIA,BERGAMO,VALGOGLIO,341,341,100.0,0,0,Invariato,2026-03,341,341,2026-07-31,016225,L579,c_l579
LOMBARDIA,BERGAMO,VALLEVE,191,191,100.0,0,0,Invariato,2026-03,191,191,2026-07-31,016226,L623,c_l632
LOMBARDIA,BERGAMO,VALNEGRA,166,166,100.0,0,0,Invariato,2026-03,166,166,2026-07-31,016227,L642,c_l642
LOMBARDIA,BERGAMO,VALTORTA,462,462,100.0,0,0,Invariato,2026-03,462,462,2026-07-31,016229,L655,c_l655
LOMBARDIA,BERGAMO,VEDESETA,271,250,92.25,0,0,Invariato,2026-03,250,271,2026-07-31,016230,L707,c_l707
LOMBARDIA,BERGAMO,VERDELLINO,2942,0,0.0,0,0,Invariato,2026-03,0,2942,2026-07-31,016232,L752,c_l752
LOMBARDIA,BERGAMO,VERDELLO,2701,0,0.0,0,0,Invariato,2026-03,0,2701,2026-07-31,016233,L753,c_l753
LOMBARDIA,BERGAMO,VERTOVA,2280,2280,100.0,0,0,Invariato,2026-03,2280,2280,2026-07-31,016234,L795,c_l795
LOMBARDIA,BERGAMO,VIADANICA,383,0,0.0,0,0,Invariato,2026-03,0,383,2026-07-31,016235,L827,c_l827
LOMBARDIA,BERGAMO,VIGANO SAN MARTINO,427,427,100.0,0,0,Invariato,2026-03,427,427,2026-07-31,016236,L865,c_l865
LOMBARDIA,BERGAMO,VIGOLO,696,0,0.0,0,0,Invariato,2026-03,0,696,2026-07-31,016237,L894,c_l894
LOMBARDIA,BERGAMO,VILLA D'ADDA,1303,1303,100.0,0,0,Invariato,2026-03,1303,1303,2026-07-31,016238,L929,c_l929
LOMBARDIA,BERGAMO,VILLA D'ALME',1777,0,0.0,0,0,Invariato,2026-03,0,1777,2026-07-31,016239,A215,c_a215
LOMBARDIA,BERGAMO,VILLA D'OGNA,708,708,100.0,0,0,Invariato,2026-03,708,708,2026-07-31,016241,L938,c_l938
LOMBARDIA,BERGAMO,VILLA DI SERIO,1431,1431,100.0,0,0,Invariato,2026-03,1431,1431,2026-07-31,016240,L936,c_l936
LOMBARDIA,BERGAMO,VILLONGO,1817,1817,100.0,0,0,Invariato,2026-03,1817,1817,2026-07-31,016242,M045,c_m045
LOMBARDIA,BERGAMO,VILMINORE DI SCALVE,1422,33,2.32,0,0,Invariato,2026-03,33,1422,2026-07-31,016243,M050,c_m050
LOMBARDIA,BERGAMO,ZANDOBBIO,1208,0,0.0,0,0,Invariato,2026-03,0,1208,2026-07-31,016244,M144,c_m144
LOMBARDIA,BERGAMO,ZANICA,2707,1,0.04,0,0,Invariato,2026-03,1,2707,2026-07-31,016245,M147,c_m147
LOMBARDIA,BERGAMO,ZOGNO,2791,2791,100.0,0,0,Invariato,2026-03,2791,2791,2026-07-31,016246,M184,c_m184
LOMBARDIA,BRESCIA,ACQUAFREDDA,752,752,100.0,0,0,Invariato,2026-03,752,752,2026-07-31,017001,A034,c_a034
LOMBARDIA,BRESCIA,ADRO,3135,878,28.01,878,0,Aggiunte coordinate,2026-07,0,3135,2026-07-31,017002,A060,c_a060
LOMBARDIA,BRESCIA,AGNOSINE,1546,1546,100.0,0,0,Invariato,2026-03,1546,1546,2026-07-31,017003,A082,c_a082
LOMBARDIA,BRESCIA,ALFIANELLO,1434,1434,100.0,0,0,Invariato,2026-03,1434,1434,2026-07-31,017004,A188,c_a188
LOMBARDIA,BRESCIA,ANFO,636,636,100.0,0,0,Invariato,2026-03,636,636,2026-07-31,017005,A288,c_a288
LOMBARDIA,BRESCIA,ANGOLO TERME,1710,1710,100.0,0,0,Invariato,2026-03,1710,1710,2026-07-31,017006,A293,c_a293
LOMBARDIA,BRESCIA,ARTOGNE,1991,0,0.0,0,0,Invariato,2026-03,0,1991,2026-07-31,017007,A451,C_A451
LOMBARDIA,BRESCIA,AZZANO MELLA,1363,0,0.0,0,0,Invariato,2026-03,0,1363,2026-07-31,017008,A529,c_a529
LOMBARDIA,BRESCIA,BAGNOLO MELLA,5493,0,0.0,0,0,Invariato,2026-03,0,5493,2026-07-31,017009,A569,c_a569
LOMBARDIA,BRESCIA,BAGOLINO,3023,3023,100.0,7,0,Aggiunte coordinate,2026-07,3016,3023,2026-07-31,017010,A578,c_a578
LOMBARDIA,BRESCIA,BARBARIGA,842,0,0.0,0,0,Invariato,2026-03,0,842,2026-07-31,017011,A630,c_a630
LOMBARDIA,BRESCIA,BARGHE,945,945,100.0,0,0,Invariato,2026-03,945,945,2026-07-31,017012,A661,c_a661
LOMBARDIA,BRESCIA,BASSANO BRESCIANO,766,0,0.0,0,0,Invariato,2026-03,0,766,2026-07-31,017013,A702,c_a702
LOMBARDIA,BRESCIA,BEDIZZOLE,4325,4306,99.56,0,0,Invariato,2026-03,4306,4325,2026-07-31,017014,A729,c_a729
LOMBARDIA,BRESCIA,BERLINGO,1537,1537,100.0,0,0,Invariato,2026-03,1537,1537,2026-07-31,017015,A799,c_a799
LOMBARDIA,BRESCIA,BERZO DEMO,842,842,100.0,0,0,Invariato,2026-03,842,842,2026-07-31,017016,A816,c_a816
LOMBARDIA,BRESCIA,BERZO INFERIORE,948,948,100.0,0,0,Invariato,2026-03,948,948,2026-07-31,017017,A817,c_a817
LOMBARDIA,BRESCIA,BIENNO,1558,1558,100.0,0,0,Invariato,2026-03,1558,1558,2026-07-31,017018,A861,C_A861
LOMBARDIA,BRESCIA,BIONE,1132,1129,99.73,0,0,Invariato,2026-03,1129,1132,2026-07-31,017019,A878,c_a878
LOMBARDIA,BRESCIA,BORGO SAN GIACOMO,2185,0,0.0,0,0,Invariato,2026-03,0,2185,2026-07-31,017020,B035,c_b035
LOMBARDIA,BRESCIA,BORGOSATOLLO,3589,3589,100.0,0,0,Invariato,2026-03,3589,3589,2026-07-31,017021,B040,c_b040
LOMBARDIA,BRESCIA,BORNO,2161,2161,100.0,0,0,Invariato,2026-03,2161,2161,2026-07-31,017022,B054,c_b054
LOMBARDIA,BRESCIA,BOTTICINO,3205,3205,100.0,0,0,Invariato,2026-03,3205,3205,2026-07-31,017023,B091,c_b091
LOMBARDIA,BRESCIA,BOVEGNO,1194,1194,100.0,1194,0,Aggiunte coordinate,2026-07,0,1194,2026-07-31,017024,B100,c_b100
LOMBARDIA,BRESCIA,BOVEZZO,1644,1644,100.0,0,0,Invariato,2026-03,1644,1644,2026-07-31,017025,B102,c_b102
LOMBARDIA,BRESCIA,BRANDICO,599,599,100.0,0,0,Invariato,2026-03,599,599,2026-07-31,017026,B120,c_b120
LOMBARDIA,BRESCIA,BRAONE,384,384,100.0,0,0,Invariato,2026-03,384,384,2026-07-31,017027,B124,c_b124
LOMBARDIA,BRESCIA,BRENO,2634,0,0.0,0,0,Invariato,2026-03,0,2634,2026-07-31,017028,B149,c_b149
LOMBARDIA,BRESCIA,BRESCIA,49723,49723,100.0,0,0,Invariato,2026-03,49723,49723,2026-07-31,017029,B157,c_b157
LOMBARDIA,BRESCIA,BRIONE,384,384,100.0,0,0,Invariato,2026-07,384,384,2026-07-31,017030,B184,c_b185
LOMBARDIA,BRESCIA,CAINO,650,0,0.0,0,0,Invariato,2026-03,0,650,2026-07-31,017031,B365,c_b365
LOMBARDIA,BRESCIA,CALCINATO,5414,0,0.0,0,0,Invariato,2026-03,0,5414,2026-07-31,017032,B394,c_b394
LOMBARDIA,BRESCIA,CALVAGESE DELLA RIVIERA,1687,0,0.0,0,0,Invariato,2026-03,0,1687,2026-07-31,017033,B436,c_b436
LOMBARDIA,BRESCIA,CALVISANO,2941,0,0.0,0,0,Invariato,2026-03,0,2941,2026-07-31,017034,B450,c_b450
LOMBARDIA,BRESCIA,CAPO DI PONTE,1267,1267,100.0,0,0,Invariato,2026-03,1267,1267,2026-07-31,017035,B664,c_b664
LOMBARDIA,BRESCIA,CAPOVALLE,371,370,99.73,0,0,Invariato,2026-03,370,371,2026-07-31,017036,B676,c_b676
LOMBARDIA,BRESCIA,CAPRIANO DEL COLLE,2338,2338,100.0,0,0,Invariato,2026-03,2338,2338,2026-07-31,017037,B698,c_b698
LOMBARDIA,BRESCIA,CAPRIOLO,5193,5193,100.0,0,0,Invariato,2026-03,5193,5193,2026-07-31,017038,B711,c_b711
LOMBARDIA,BRESCIA,CARPENEDOLO,4486,4486,100.0,0,0,Invariato,2026-03,4486,4486,2026-07-31,017039,B817,c_b817
LOMBARDIA,BRESCIA,CASTEGNATO,4294,4294,100.0,0,0,Invariato,2026-03,4294,4294,2026-07-31,017040,C055,c_c055
LOMBARDIA,BRESCIA,CASTEL MELLA,5636,17,0.3,0,0,Invariato,2026-03,17,5636,2026-07-31,017042,C208,c_c208
LOMBARDIA,BRESCIA,CASTELCOVATI,3277,3277,100.0,0,0,Invariato,2026-03,3277,3277,2026-07-31,017041,C072,c_c072
LOMBARDIA,BRESCIA,CASTENEDOLO,4670,4654,99.66,0,16,Aggiunti civici,2026-07,4654,4654,2026-07-31,017043,C293,c_c293
LOMBARDIA,BRESCIA,CASTO,643,643,100.0,0,0,Invariato,2026-03,643,643,2026-07-31,017044,C330,c_l406
LOMBARDIA,BRESCIA,CASTREZZATO,3941,0,0.0,0,0,Invariato,2026-03,0,3941,2026-07-31,017045,C332,c_c332
LOMBARDIA,BRESCIA,CAZZAGO SAN MARTINO,5438,5438,100.0,0,0,Invariato,2026-03,5438,5438,2026-07-31,017046,C408,c_c408
LOMBARDIA,BRESCIA,CEDEGOLO,762,762,100.0,0,0,Invariato,2026-03,762,762,2026-07-31,017047,C417,c_c417
LOMBARDIA,BRESCIA,CELLATICA,1939,1939,100.0,0,0,Invariato,2026-03,1939,1939,2026-07-31,017048,C439,c_c439
LOMBARDIA,BRESCIA,CERVENO,483,482,99.79,0,0,Invariato,2026-03,482,483,2026-07-31,017049,C549,c_8ogv
LOMBARDIA,BRESCIA,CETO,1367,0,0.0,0,0,Invariato,2026-03,0,1367,2026-07-31,017050,C585,c_c585
LOMBARDIA,BRESCIA,CEVO,853,853,100.0,0,0,Invariato,2026-03,853,853,2026-07-31,017051,C591,c_c591
LOMBARDIA,BRESCIA,CHIARI,8858,8858,100.0,0,0,Invariato,2026-03,8858,8858,2026-07-31,017052,C618,c_c618
LOMBARDIA,BRESCIA,CIGOLE,892,0,0.0,0,0,Invariato,2026-03,0,892,2026-07-31,017053,C685,c_c685
LOMBARDIA,BRESCIA,CIMBERGO,581,16,2.75,0,0,Invariato,2026-03,16,581,2026-07-31,017054,C691,c_c691
LOMBARDIA,BRESCIA,CIVIDATE CAMUNO,1019,1004,98.53,0,0,Invariato,2026-03,1004,1019,2026-07-31,017055,C760,c_c760
LOMBARDIA,BRESCIA,COCCAGLIO,3452,3395,98.35,0,0,Invariato,2026-07,3395,3452,2026-07-31,017056,C806,c_c806
LOMBARDIA,BRESCIA,COLLEBEATO,2049,7,0.34,0,0,Invariato,2026-03,7,2049,2026-07-31,017057,C850,c_c850
LOMBARDIA,BRESCIA,COLLIO,1308,0,0.0,0,0,Invariato,2026-03,0,1308,2026-07-31,017058,C883,c_c883
LOMBARDIA,BRESCIA,COLOGNE,4521,4521,100.0,0,0,Invariato,2026-03,4521,4521,2026-07-31,017059,C893,c_c893
LOMBARDIA,BRESCIA,COMEZZANO-CIZZAGO,1293,1293,100.0,0,0,Invariato,2026-03,1293,1293,2026-07-31,017060,C925,c_c925
LOMBARDIA,BRESCIA,CONCESIO,5932,5932,100.0,0,0,Invariato,2026-03,5932,5932,2026-07-31,017061,C948,c_c948
LOMBARDIA,BRESCIA,CORTE FRANCA,3937,3937,100.0,0,0,Invariato,2026-03,3937,3937,2026-07-31,017062,D058,c_d058
LOMBARDIA,BRESCIA,CORTENO GOLGI,2387,2358,98.79,0,0,Invariato,2026-03,2358,2387,2026-07-31,017063,D064,c_d064
LOMBARDIA,BRESCIA,CORZANO,548,0,0.0,0,0,Invariato,2026-03,0,548,2026-07-31,017064,D082,c_d082
LOMBARDIA,BRESCIA,DARFO BOARIO TERME,6828,6750,98.86,0,78,Aggiunti civici,2026-07,6750,6750,2026-07-31,017065,D251,c_d251
LOMBARDIA,BRESCIA,DELLO,2278,8,0.35,0,0,Invariato,2026-03,8,2278,2026-07-31,017066,D270,c_d270
LOMBARDIA,BRESCIA,DESENZANO DEL GARDA,11716,11716,100.0,0,0,Invariato,2026-03,11716,11716,2026-07-31,017067,D284,c_d284
LOMBARDIA,BRESCIA,EDOLO,3186,3186,100.0,0,0,Invariato,2026-03,3186,3186,2026-07-31,017068,D391,c_d391
LOMBARDIA,BRESCIA,ERBUSCO,3453,3340,96.73,0,113,Aggiunti civici,2026-07,3340,3340,2026-07-31,017069,D421,c_d421
LOMBARDIA,BRESCIA,ESINE,2875,2875,100.0,0,0,Invariato,2026-03,2875,2875,2026-07-31,017070,D434,c_d434
LOMBARDIA,BRESCIA,FIESSE,1033,0,0.0,0,0,Invariato,2026-03,0,1033,2026-07-31,017071,D576,c_d576
LOMBARDIA,BRESCIA,FLERO,3935,3935,100.0,0,0,Invariato,2026-03,3935,3935,2026-07-31,017072,D634,C_D634
LOMBARDIA,BRESCIA,GAMBARA,1636,0,0.0,0,0,Invariato,2026-03,0,1636,2026-07-31,017073,D891,c_d891
LOMBARDIA,BRESCIA,GARDONE RIVIERA,2071,0,0.0,0,0,Invariato,2026-03,0,2071,2026-07-31,017074,D917,c_d917
LOMBARDIA,BRESCIA,GARDONE VAL TROMPIA,3393,3393,100.0,0,0,Invariato,2026-03,3393,3393,2026-07-31,017075,D918,c_d918
LOMBARDIA,BRESCIA,GARGNANO,3557,3557,100.0,0,0,Invariato,2026-03,3557,3557,2026-07-31,017076,D924,c_d924
LOMBARDIA,BRESCIA,GAVARDO,5973,5935,99.36,0,34,Aggiunti civici,2026-07,5935,5939,2026-07-31,017077,D940,c_d940
LOMBARDIA,BRESCIA,GHEDI,8649,0,0.0,0,0,Invariato,2026-03,0,8649,2026-07-31,017078,D999,c_d999
LOMBARDIA,BRESCIA,GIANICO,1194,0,0.0,0,0,Invariato,2026-03,0,1194,2026-07-31,017079,E010,c_vwvv
LOMBARDIA,BRESCIA,GOTTOLENGO,3128,3128,100.0,0,0,Invariato,2026-03,3128,3128,2026-07-31,017080,E116,c_e116
LOMBARDIA,BRESCIA,GUSSAGO,6094,6094,100.0,0,0,Invariato,2026-03,6094,6094,2026-07-31,017081,E271,c_e271
LOMBARDIA,BRESCIA,IDRO,1739,1739,100.0,10,0,Aggiunte coordinate,2026-07,1729,1739,2026-07-31,017082,E280,c_e497
LOMBARDIA,BRESCIA,INCUDINE,714,714,100.0,0,0,Invariato,2026-03,714,714,2026-07-31,017083,E297,c_e297
LOMBARDIA,BRESCIA,IRMA,65,65,100.0,0,0,Invariato,2026-03,65,65,2026-07-31,017084,E325,c_e325
LOMBARDIA,BRESCIA,ISEO,7963,0,0.0,0,0,Invariato,2026-07,0,7963,2026-07-31,017085,E333,c_e333
LOMBARDIA,BRESCIA,ISORELLA,3124,3096,99.1,0,28,Aggiunti civici,2026-07,3096,3096,2026-07-31,017086,E364,c_e364
LOMBARDIA,BRESCIA,LAVENONE,595,594,99.83,0,0,Invariato,2026-03,594,595,2026-07-31,017087,E497,c_e497d
LOMBARDIA,BRESCIA,LENO,8756,0,0.0,0,0,Invariato,2026-03,0,8756,2026-07-31,017088,E526,c_e526
LOMBARDIA,BRESCIA,LIMONE SUL GARDA,982,982,100.0,0,0,Invariato,2026-03,982,982,2026-07-31,017089,E596,c_e596
LOMBARDIA,BRESCIA,LODRINO,986,986,100.0,0,0,Invariato,2026-03,986,986,2026-07-31,017090,E652,c_e652
LOMBARDIA,BRESCIA,LOGRATO,1856,1856,100.0,1856,0,Aggiunte coordinate,2026-07,0,1856,2026-07-31,017091,E654,c_e654
LOMBARDIA,BRESCIA,LONATO DEL GARDA,4666,0,0.0,0,0,Invariato,2026-03,0,4666,2026-07-31,017092,M312,c_e667
LOMBARDIA,BRESCIA,LONGHENA,440,0,0.0,0,0,Invariato,2026-03,0,440,2026-07-31,017093,E673,c_e673
LOMBARDIA,BRESCIA,LOSINE,632,632,100.0,0,0,Invariato,2026-03,632,632,2026-07-31,017094,E698,c_e698
LOMBARDIA,BRESCIA,LOZIO,487,487,100.0,487,0,Aggiunte coordinate,2026-07,0,487,2026-07-31,017095,E706,c_e706
LOMBARDIA,BRESCIA,LUMEZZANE,12769,0,0.0,0,0,Invariato,2026-03,0,12769,2026-07-31,017096,E738,c_e738
LOMBARDIA,BRESCIA,MACLODIO,539,539,100.0,0,0,Invariato,2026-03,539,539,2026-07-31,017097,E787,c_e787
LOMBARDIA,BRESCIA,MAGASA,354,0,0.0,0,0,Invariato,2026-03,0,354,2026-07-31,017098,E800,c_e800
LOMBARDIA,BRESCIA,MAIRANO,897,897,100.0,0,0,Invariato,2026-03,897,897,2026-07-31,017099,E841,c_e841
LOMBARDIA,BRESCIA,MALEGNO,824,824,100.0,0,0,Invariato,2026-03,824,824,2026-07-31,017100,E851,c_e851
LOMBARDIA,BRESCIA,MALONNO,3981,0,0.0,0,0,Invariato,2026-07,0,3981,2026-07-31,017101,E865,c_e865
LOMBARDIA,BRESCIA,MANERBA DEL GARDA,3034,0,0.0,0,0,Invariato,2026-03,0,3034,2026-07-31,017102,E883,c_e883
LOMBARDIA,BRESCIA,MANERBIO,5545,5545,100.0,0,0,Invariato,2026-03,5545,5545,2026-07-31,017103,E884,c_e884
LOMBARDIA,BRESCIA,MARCHENO,1609,1609,100.0,0,0,Invariato,2026-03,1609,1609,2026-07-31,017104,E928,c_e928
LOMBARDIA,BRESCIA,MARMENTINO,767,767,100.0,0,0,Invariato,2026-03,767,767,2026-07-31,017105,E961,c_e961
LOMBARDIA,BRESCIA,MARONE,1421,0,0.0,0,0,Invariato,2026-03,0,1421,2026-07-31,017106,E967,C_E967
LOMBARDIA,BRESCIA,MAZZANO,5616,5616,100.0,0,0,Invariato,2026-07,5616,5616,2026-07-31,017107,F063,c_f063
LOMBARDIA,BRESCIA,MILZANO,945,945,100.0,0,0,Invariato,2026-03,945,945,2026-07-31,017108,F216,c_f216
LOMBARDIA,BRESCIA,MONIGA DEL GARDA,2124,2124,100.0,0,0,Invariato,2026-03,2124,2124,2026-07-31,017109,F373,c_f373
LOMBARDIA,BRESCIA,MONNO,725,725,100.0,0,0,Invariato,2026-03,725,725,2026-07-31,017110,F375,c_f375
LOMBARDIA,BRESCIA,MONTE ISOLA,1259,1151,91.42,1151,108,Aggiunti civici e coordinate,2026-07,0,1151,2026-07-31,017111,F532,c_f532
LOMBARDIA,BRESCIA,MONTICELLI BRUSATI,2549,1,0.04,0,0,Invariato,2026-03,1,2549,2026-07-31,017112,F672,c_i476
LOMBARDIA,BRESCIA,MONTICHIARI,12934,12934,100.0,0,0,Invariato,2026-03,12934,12934,2026-07-31,017113,F471,c_f471
LOMBARDIA,BRESCIA,MONTIRONE,1884,1884,100.0,0,0,Invariato,2026-03,1884,1884,2026-07-31,017114,F680,c_f680
LOMBARDIA,BRESCIA,MURA,402,401,99.75,0,0,Invariato,2026-03,401,402,2026-07-31,017115,F806,c_f806
LOMBARDIA,BRESCIA,MUSCOLINE,1623,1576,97.1,0,0,Invariato,2026-07,1576,1623,2026-07-31,017116,F820,c_f820
LOMBARDIA,BRESCIA,NAVE,3486,3486,100.0,0,0,Invariato,2026-03,3486,3486,2026-07-31,017117,F851,c_f851
LOMBARDIA,BRESCIA,NIARDO,1002,1002,100.0,0,0,Invariato,2026-03,1002,1002,2026-07-31,017118,F884,c_f884
LOMBARDIA,BRESCIA,NUVOLENTO,2316,2268,97.93,0,0,Invariato,2026-07,2268,2316,2026-07-31,017119,F989,c_f989
LOMBARDIA,BRESCIA,NUVOLERA,2297,2288,99.61,0,0,Invariato,2026-03,2288,2297,2026-07-31,017120,F990,c_f990
LOMBARDIA,BRESCIA,ODOLO,1077,1077,100.0,0,0,Invariato,2026-03,1077,1077,2026-07-31,017121,G001,c_g001
LOMBARDIA,BRESCIA,OFFLAGA,1532,1532,100.0,0,0,Invariato,2026-03,1532,1532,2026-07-31,017122,G006,c_g006
LOMBARDIA,BRESCIA,OME,1705,1705,100.0,0,0,Invariato,2026-03,1705,1705,2026-07-31,017123,G061,c_g061
LOMBARDIA,BRESCIA,ONO SAN PIETRO,564,564,100.0,0,0,Invariato,2026-03,564,564,2026-07-31,017124,G074,c_g074
LOMBARDIA,BRESCIA,ORZINUOVI,9284,9284,100.0,0,0,Invariato,2026-03,9284,9284,2026-07-31,017125,G149,c_g149
LOMBARDIA,BRESCIA,ORZIVECCHI,1493,1493,100.0,0,0,Invariato,2026-03,1493,1493,2026-07-31,017126,G150,c_g150
LOMBARDIA,BRESCIA,OSPITALETTO,5491,5491,100.0,0,0,Invariato,2026-03,5491,5491,2026-07-31,017127,G170,c_g170
LOMBARDIA,BRESCIA,OSSIMO,991,973,98.18,0,0,Invariato,2026-03,973,991,2026-07-31,017128,G179,c_g179
LOMBARDIA,BRESCIA,PADENGHE SUL GARDA,2838,0,0.0,0,0,Invariato,2026-03,0,2838,2026-07-31,017129,G213,c_g213
LOMBARDIA,BRESCIA,PADERNO FRANCIACORTA,1740,1740,100.0,0,0,Invariato,2026-03,1740,1740,2026-07-31,017130,G217,c_g217
LOMBARDIA,BRESCIA,PAISCO LOVENO,383,383,100.0,0,0,Invariato,2026-03,383,383,2026-07-31,017131,G247,c_g247
LOMBARDIA,BRESCIA,PAITONE,1034,1028,99.42,0,0,Invariato,2026-03,1028,1034,2026-07-31,017132,G248,c_g248
LOMBARDIA,BRESCIA,PALAZZOLO SULL'OGLIO,8496,8496,100.0,0,0,Invariato,2026-03,8496,8496,2026-07-31,017133,G264,c_g264
LOMBARDIA,BRESCIA,PARATICO,1686,1686,100.0,0,0,Invariato,2026-03,1686,1686,2026-07-31,017134,G327,c_g327
LOMBARDIA,BRESCIA,PASPARDO,646,351,54.33,0,0,Invariato,2026-07,351,646,2026-07-31,017135,G354,c_g354
LOMBARDIA,BRESCIA,PASSIRANO,4006,4006,100.0,0,0,Invariato,2026-03,4006,4006,2026-07-31,017136,G361,c_g361
LOMBARDIA,BRESCIA,PAVONE DEL MELLA,1714,0,0.0,0,0,Invariato,2026-03,0,1714,2026-07-31,017137,G391,c_g391
LOMBARDIA,BRESCIA,PERTICA ALTA,544,544,100.0,0,0,Invariato,2026-03,544,544,2026-07-31,017139,G474,c_g474
LOMBARDIA,BRESCIA,PERTICA BASSA,502,502,100.0,0,0,Invariato,2026-03,502,502,2026-07-31,017140,G475,c_g475
LOMBARDIA,BRESCIA,PEZZAZE,1076,1076,100.0,0,0,Invariato,2026-03,1076,1076,2026-07-31,017141,G529,c_g529
LOMBARDIA,BRESCIA,PIAN CAMUNO,1867,1867,100.0,0,0,Invariato,2026-03,1867,1867,2026-07-31,017142,G546,c_g546
LOMBARDIA,BRESCIA,PIANCOGNO,1435,0,0.0,0,0,Invariato,2026-03,0,1435,2026-07-31,017206,G549,c_g549
LOMBARDIA,BRESCIA,PISOGNE,3781,286,7.56,0,0,Invariato,2026-03,286,3781,2026-07-31,017143,G710,c_g710
LOMBARDIA,BRESCIA,POLAVENO,988,988,100.0,0,0,Invariato,2026-03,988,988,2026-07-31,017144,G779,c_g779
LOMBARDIA,BRESCIA,POLPENAZZE DEL GARDA,1055,1055,100.0,0,0,Invariato,2026-03,1055,1055,2026-07-31,017145,G801,c_g801
LOMBARDIA,BRESCIA,POMPIANO,2434,2434,100.0,0,0,Invariato,2026-03,2434,2434,2026-07-31,017146,G815,c_g815
LOMBARDIA,BRESCIA,PONCARALE,1879,1879,100.0,0,0,Invariato,2026-03,1879,1879,2026-07-31,017147,G818,c_g818
LOMBARDIA,BRESCIA,PONTE DI LEGNO,4422,4380,99.05,0,0,Invariato,2026-07,4380,4422,2026-07-31,017148,G844,c_g844
LOMBARDIA,BRESCIA,PONTEVICO,2560,0,0.0,0,0,Invariato,2026-03,0,2560,2026-07-31,017149,G859,c_g859
LOMBARDIA,BRESCIA,PONTOGLIO,2058,2,0.1,0,0,Invariato,2026-03,2,2058,2026-07-31,017150,G869,c_g869
LOMBARDIA,BRESCIA,POZZOLENGO,2006,0,0.0,0,0,Invariato,2026-03,0,2006,2026-07-31,017151,G959,c_g959
LOMBARDIA,BRESCIA,PRALBOINO,1676,1676,100.0,0,0,Invariato,2026-03,1676,1676,2026-07-31,017152,G977,c_g977
LOMBARDIA,BRESCIA,PRESEGLIE,830,830,100.0,0,0,Invariato,2026-07,830,830,2026-07-31,017153,H043,c_h043
LOMBARDIA,BRESCIA,PREVALLE,2372,0,0.0,0,0,Invariato,2026-03,0,2372,2026-07-31,017155,H055,c_h055
LOMBARDIA,BRESCIA,PROVAGLIO D'ISEO,3858,3858,100.0,0,0,Invariato,2026-03,3858,3858,2026-07-31,017156,H078,C_H078
LOMBARDIA,BRESCIA,PROVAGLIO VAL SABBIA,673,673,100.0,0,0,Invariato,2026-03,673,673,2026-07-31,017157,H077,c_h077
LOMBARDIA,BRESCIA,PUEGNAGO DEL GARDA,1494,252,16.87,0,0,Invariato,2026-03,252,1494,2026-07-31,017158,H086,pueg_bs
LOMBARDIA,BRESCIA,QUINZANO D'OGLIO,3491,2480,71.04,0,0,Invariato,2026-07,2480,3491,2026-07-31,017159,H140,c_h140
LOMBARDIA,BRESCIA,REMEDELLO,1420,1420,100.0,1420,0,Aggiunte coordinate,2026-07,0,1420,2026-07-31,017160,H230,c_h230
LOMBARDIA,BRESCIA,REZZATO,5083,5083,100.0,0,0,Invariato,2026-07,5083,5083,2026-07-31,017161,H256,c_h256
LOMBARDIA,BRESCIA,ROCCAFRANCA,1417,1328,93.72,0,89,Aggiunti civici,2026-07,1328,1328,2026-07-31,017162,H410,c_l923tr
LOMBARDIA,BRESCIA,RODENGO SAIANO,3144,3130,99.55,0,0,Invariato,2026-03,3130,3144,2026-07-31,017163,H477,c_h477
LOMBARDIA,BRESCIA,ROE' VOLCIANO,1576,1576,100.0,0,0,Invariato,2026-03,1576,1576,2026-07-31,017164,H484,c_h484
LOMBARDIA,BRESCIA,RONCADELLE,3202,0,0.0,0,0,Invariato,2026-03,0,3202,2026-07-31,017165,H525,c_h525
LOMBARDIA,BRESCIA,ROVATO,10225,10225,100.0,0,0,Invariato,2026-03,10225,10225,2026-07-31,017166,H598,c_h598
LOMBARDIA,BRESCIA,RUDIANO,2896,2896,100.0,0,0,Invariato,2026-03,2896,2896,2026-07-31,017167,H630,c_h630
LOMBARDIA,BRESCIA,SABBIO CHIESE,1683,1683,100.0,0,0,Invariato,2026-03,1683,1683,2026-07-31,017168,H650,c_h650
LOMBARDIA,BRESCIA,SALE MARASINO,3080,3080,100.0,0,0,Invariato,2026-03,3080,3080,2026-07-31,017169,H699,c_h699
LOMBARDIA,BRESCIA,SALO',7312,0,0.0,0,0,Invariato,2026-03,0,7312,2026-07-31,017170,H717,c_h717
LOMBARDIA,BRESCIA,SAN FELICE DEL BENACO,1830,0,0.0,0,0,Invariato,2026-03,0,1830,2026-07-31,017171,H838,c_h838
LOMBARDIA,BRESCIA,SAN GERVASIO BRESCIANO,1134,1134,100.0,0,0,Invariato,2026-03,1134,1134,2026-07-31,017172,H865,c_h865
LOMBARDIA,BRESCIA,SAN PAOLO,2584,2584,100.0,0,0,Invariato,2026-03,2584,2584,2026-07-31,017138,G407,c_g407
LOMBARDIA,BRESCIA,SAN ZENO NAVIGLIO,1390,0,0.0,0,0,Invariato,2026-03,0,1390,2026-07-31,017173,I412,c_i412
LOMBARDIA,BRESCIA,SAREZZO,4526,4526,100.0,0,0,Invariato,2026-03,4526,4526,2026-07-31,017174,I433,c_i433
LOMBARDIA,BRESCIA,SAVIORE DELL'ADAMELLO,941,941,100.0,0,0,Invariato,2026-03,941,941,2026-07-31,017175,I476,c_l476
LOMBARDIA,BRESCIA,SELLERO,743,743,100.0,0,0,Invariato,2026-03,743,743,2026-07-31,017176,I588,c_i588
LOMBARDIA,BRESCIA,SENIGA,1007,1007,100.0,0,0,Invariato,2026-03,1007,1007,2026-07-31,017177,I607,c_i607
LOMBARDIA,BRESCIA,SERLE,2198,2198,100.0,0,0,Invariato,2026-07,2198,2198,2026-07-31,017178,I631,c_i631
LOMBARDIA,BRESCIA,SIRMIONE,5328,0,0.0,0,0,Invariato,2026-03,0,5328,2026-07-31,017179,I633,c_i633
LOMBARDIA,BRESCIA,SOIANO DEL LAGO,1280,1280,100.0,0,0,Invariato,2026-03,1280,1280,2026-07-31,017180,I782,c_i782
LOMBARDIA,BRESCIA,SONICO,1185,1185,100.0,0,0,Invariato,2026-03,1185,1185,2026-07-31,017181,I831,c_i831
LOMBARDIA,BRESCIA,SULZANO,948,948,100.0,0,0,Invariato,2026-03,948,948,2026-07-31,017182,L002,c_l002
LOMBARDIA,BRESCIA,TAVERNOLE SUL MELLA,917,21,2.29,0,0,Invariato,2026-03,21,917,2026-07-31,017183,C698,c_c698
LOMBARDIA,BRESCIA,TEMU',2078,191,9.19,0,0,Invariato,2026-07,191,2078,2026-07-31,017184,L094,c_l094
LOMBARDIA,BRESCIA,TIGNALE,2225,2225,100.0,0,0,Invariato,2026-03,2225,2225,2026-07-31,017185,L169,c_l169
LOMBARDIA,BRESCIA,TORBOLE CASAGLIA,3245,3245,100.0,0,0,Invariato,2026-03,3245,3245,2026-07-31,017186,L210,c_l210
LOMBARDIA,BRESCIA,TOSCOLANO-MADERNO,6398,0,0.0,0,0,Invariato,2026-03,0,6398,2026-07-31,017187,L312,c_l312
LOMBARDIA,BRESCIA,TRAVAGLIATO,5258,5258,100.0,0,0,Invariato,2026-03,5258,5258,2026-07-31,017188,L339,c_l339
LOMBARDIA,BRESCIA,TREMOSINE SUL GARDA,3270,0,0.0,0,0,Invariato,2026-03,0,3270,2026-07-31,017189,L372,c_l372
LOMBARDIA,BRESCIA,TRENZANO,3227,3227,100.0,0,0,Invariato,2026-03,3227,3227,2026-07-31,017190,L380,c_l380
LOMBARDIA,BRESCIA,TREVISO BRESCIANO,651,651,100.0,0,0,Invariato,2026-03,651,651,2026-07-31,017191,L406,c_mo7
LOMBARDIA,BRESCIA,URAGO D'OGLIO,2961,2961,100.0,0,0,Invariato,2026-07,2961,2961,2026-07-31,017192,L494,c_l494
LOMBARDIA,BRESCIA,VALLIO TERME,966,960,99.38,0,0,Invariato,2026-03,960,966,2026-07-31,017193,L626,c_1jzf
LOMBARDIA,BRESCIA,VALVESTINO,403,0,0.0,0,0,Invariato,2026-03,0,403,2026-07-31,017194,L468,c_l468
LOMBARDIA,BRESCIA,VEROLANUOVA,3040,0,0.0,0,0,Invariato,2026-03,0,3040,2026-07-31,017195,L777,c_l777
LOMBARDIA,BRESCIA,VEROLAVECCHIA,2155,2155,100.0,0,0,Invariato,2026-07,2155,2155,2026-07-31,017196,L778,c_l778
LOMBARDIA,BRESCIA,VESTONE,1696,1696,100.0,0,0,Invariato,2026-07,1696,1696,2026-07-31,017197,L812,c_l812
LOMBARDIA,BRESCIA,VEZZA D'OGLIO,1368,1160,84.8,0,0,Invariato,2026-03,1160,1368,2026-07-31,017198,L816,c_l816
LOMBARDIA,BRESCIA,VILLA CARCINA,3137,3137,100.0,0,0,Invariato,2026-03,3137,3137,2026-07-31,017199,L919,c_l919
LOMBARDIA,BRESCIA,VILLACHIARA,658,658,100.0,0,0,Invariato,2026-03,658,658,2026-07-31,017200,L923,c_l923
LOMBARDIA,BRESCIA,VILLANUOVA SUL CLISI,2378,2378,100.0,0,0,Invariato,2026-03,2378,2378,2026-07-31,017201,L995,c_l995
LOMBARDIA,BRESCIA,VIONE,1259,1259,100.0,0,0,Invariato,2026-03,1259,1259,2026-07-31,017202,M065,c_m065
LOMBARDIA,BRESCIA,VISANO,1693,6,0.35,0,0,Invariato,2026-03,6,1693,2026-07-31,017203,M070,c_m070
LOMBARDIA,BRESCIA,VOBARNO,3139,3137,99.94,0,0,Invariato,2026-03,3137,3139,2026-07-31,017204,M104,c_m104
LOMBARDIA,BRESCIA,ZONE,894,0,0.0,0,0,Invariato,2026-03,0,894,2026-07-31,017205,M188,c_m188
LOMBARDIA,COMO,ALBAVILLA,1882,1882,100.0,0,0,Invariato,2026-03,1882,1882,2026-07-31,013003,A143,c_a143
LOMBARDIA,COMO,ALBESE CON CASSANO,1259,1259,100.0,0,0,Invariato,2026-03,1259,1259,2026-07-31,013004,A153,c_a153
LOMBARDIA,COMO,ALBIOLO,631,631,100.0,0,0,Invariato,2026-03,631,631,2026-07-31,013005,A164,c_a164
LOMBARDIA,COMO,ALSERIO,400,0,0.0,0,0,Invariato,2026-03,0,400,2026-07-31,013006,A224,c_a224
LOMBARDIA,COMO,ALTA VALLE INTELVI,3110,0,0.0,0,0,Invariato,2026-03,0,3110,2026-07-31,013253,M383,cavinte
LOMBARDIA,COMO,ALZATE BRIANZA,2049,2049,100.0,0,0,Invariato,2026-03,2049,2049,2026-07-31,013007,A249,c_a249
LOMBARDIA,COMO,ANZANO DEL PARCO,569,9,1.58,0,0,Invariato,2026-03,9,569,2026-07-31,013009,A319,c_a319
LOMBARDIA,COMO,APPIANO GENTILE,1711,1711,100.0,0,0,Invariato,2026-03,1711,1711,2026-07-31,013010,A333,c_a333
LOMBARDIA,COMO,ARGEGNO,728,728,100.0,0,0,Invariato,2026-03,728,728,2026-07-31,013011,A391,C_A391
LOMBARDIA,COMO,AROSIO,1372,1372,100.0,0,0,Invariato,2026-03,1372,1372,2026-07-31,013012,A430,c_a430
LOMBARDIA,COMO,ASSO,1059,0,0.0,0,0,Invariato,2026-03,0,1059,2026-07-31,013013,A476,c_a476
LOMBARDIA,COMO,BARNI,296,296,100.0,0,0,Invariato,2026-03,296,296,2026-07-31,013015,A670,c_a670
LOMBARDIA,COMO,BELLAGIO,3931,4,0.1,0,0,Invariato,2026-03,4,3931,2026-07-31,013250,M335,c_a744
LOMBARDIA,COMO,BENE LARIO,289,289,100.0,0,0,Invariato,2026-03,289,289,2026-07-31,013021,A778,c_a778
LOMBARDIA,COMO,BEREGAZZO CON FIGLIARO,701,0,0.0,0,0,Invariato,2026-03,0,701,2026-07-31,013022,A791,c_a791
LOMBARDIA,COMO,BINAGO,989,989,100.0,989,0,Aggiunte coordinate,2026-07,0,989,2026-07-31,013023,A870,c_a870
LOMBARDIA,COMO,BIZZARONE,390,0,0.0,0,0,Invariato,2026-03,0,390,2026-07-31,013024,A898,c_a898
LOMBARDIA,COMO,BLESSAGNO,235,235,100.0,0,0,Invariato,2026-03,235,235,2026-07-31,013025,A904,c_a904
LOMBARDIA,COMO,BLEVIO,398,398,100.0,0,0,Invariato,2026-03,398,398,2026-07-31,013026,A905,c_a905
LOMBARDIA,COMO,BREGNANO,1909,1909,100.0,0,0,Invariato,2026-03,1909,1909,2026-07-31,013028,B134,c_b134
LOMBARDIA,COMO,BRENNA,539,539,100.0,0,0,Invariato,2026-03,539,539,2026-07-31,013029,B144,c_b144
LOMBARDIA,COMO,BRIENNO,319,319,100.0,0,0,Invariato,2026-07,319,319,2026-07-31,013030,B172,C_B172
LOMBARDIA,COMO,BRUNATE,860,860,100.0,0,0,Invariato,2026-03,860,860,2026-07-31,013032,B218,c_b218
LOMBARDIA,COMO,BULGAROGRASSO,811,811,100.0,0,0,Invariato,2026-03,811,811,2026-07-31,013034,B262,c_b262
LOMBARDIA,COMO,CABIATE,3963,3963,100.0,0,0,Invariato,2026-03,3963,3963,2026-07-31,013035,B313,c_b313
LOMBARDIA,COMO,CADORAGO,1725,1725,100.0,0,0,Invariato,2026-03,1725,1725,2026-07-31,013036,B346,c_b346
LOMBARDIA,COMO,CAGLIO,552,0,0.0,0,0,Invariato,2026-07,0,552,2026-07-31,013037,B355,c_b355
LOMBARDIA,COMO,CAMPIONE D'ITALIA,427,427,100.0,0,0,Invariato,2026-03,427,427,2026-07-31,013040,B513,c_b513
LOMBARDIA,COMO,CANTU',7391,68,0.92,0,0,Invariato,2026-03,68,7391,2026-07-31,013041,B639,c_b639
LOMBARDIA,COMO,CANZO,3003,0,0.0,0,0,Invariato,2026-03,0,3003,2026-07-31,013042,B641,c_b641
LOMBARDIA,COMO,CAPIAGO INTIMIANO,1333,1333,100.0,0,0,Invariato,2026-03,1333,1333,2026-07-31,013043,B653,c_b653
LOMBARDIA,COMO,CARATE URIO,660,0,0.0,0,0,Invariato,2026-03,0,660,2026-07-31,013044,B730,c_b730
LOMBARDIA,COMO,CARBONATE,1044,1044,100.0,0,0,Invariato,2026-03,1044,1044,2026-07-31,013045,B742,c_b742
LOMBARDIA,COMO,CARIMATE,1131,1131,100.0,0,0,Invariato,2026-03,1131,1131,2026-07-31,013046,B778,c_b778
LOMBARDIA,COMO,CARLAZZO,1695,1695,100.0,0,0,Invariato,2026-03,1695,1695,2026-07-31,013047,B785,c_b785
LOMBARDIA,COMO,CARUGO,2422,0,0.0,0,0,Invariato,2026-03,0,2422,2026-07-31,013048,B851,c_b851
LOMBARDIA,COMO,CASLINO D'ERBA,556,0,0.0,0,0,Invariato,2026-07,0,556,2026-07-31,013052,B974,c_b974
LOMBARDIA,COMO,CASNATE CON BERNATE,1070,0,0.0,0,0,Invariato,2026-03,0,1070,2026-07-31,013053,B977,c_b977
LOMBARDIA,COMO,CASSINA RIZZARDI,728,728,100.0,0,0,Invariato,2026-03,728,728,2026-07-31,013055,C020,c_c020
LOMBARDIA,COMO,CASTELMARTE,528,0,0.0,0,0,Invariato,2026-03,0,528,2026-07-31,013058,C206,c_c206
LOMBARDIA,COMO,CASTELNUOVO BOZZENTE,264,0,0.0,0,0,Invariato,2026-03,0,264,2026-07-31,013059,C220,c_c220
LOMBARDIA,COMO,CAVARGNA,348,348,100.0,0,0,Invariato,2026-03,348,348,2026-07-31,013062,C381,c_c381
LOMBARDIA,COMO,CENTRO VALLE INTELVI,3067,3066,99.97,0,0,Invariato,2026-07,3066,3067,2026-07-31,013254,M394,c_m394
LOMBARDIA,COMO,CERANO D'INTELVI,603,0,0.0,0,0,Invariato,2026-03,0,603,2026-07-31,013063,C482,C_C482
LOMBARDIA,COMO,CERMENATE,2911,2911,100.0,0,0,Invariato,2026-03,2911,2911,2026-07-31,013064,C516,c_c516
LOMBARDIA,COMO,CERNOBBIO,2074,2072,99.9,0,0,Invariato,2026-03,2072,2074,2026-07-31,013065,C520,c_c520
LOMBARDIA,COMO,CIRIMIDO,485,0,0.0,0,0,Invariato,2026-03,0,485,2026-07-31,013068,C724,c_c724
LOMBARDIA,COMO,CLAINO CON OSTENO,569,569,100.0,0,0,Invariato,2026-03,569,569,2026-07-31,013071,C787,c_c787
LOMBARDIA,COMO,COLONNO,326,326,100.0,0,0,Invariato,2026-03,326,326,2026-07-31,013074,C902,c_c902
LOMBARDIA,COMO,COLVERDE,2155,2155,100.0,0,0,Invariato,2026-03,2155,2155,2026-07-31,013251,M336,c_m336
LOMBARDIA,COMO,COMO,13619,13619,100.0,0,0,Invariato,2026-03,13619,13619,2026-07-31,013075,C933,C_C933
LOMBARDIA,COMO,CORRIDO,713,616,86.4,0,97,Aggiunti civici,2026-07,616,616,2026-07-31,013077,D041,c_d041
LOMBARDIA,COMO,CREMIA,775,775,100.0,0,0,Invariato,2026-03,775,775,2026-07-31,013083,D147,c_d147
LOMBARDIA,COMO,CUCCIAGO,813,0,0.0,0,0,Invariato,2026-03,0,813,2026-07-31,013084,D196,c_d196
LOMBARDIA,COMO,CUSINO,210,210,100.0,210,0,Aggiunte coordinate,2026-07,0,210,2026-07-31,013085,D232,c_d232
LOMBARDIA,COMO,DIZZASCO,593,593,100.0,0,0,Invariato,2026-03,593,593,2026-07-31,013087,D310,c_d310
LOMBARDIA,COMO,DOMASO,1625,1625,100.0,0,0,Invariato,2026-03,1625,1625,2026-07-31,013089,D329,c_d329
LOMBARDIA,COMO,DONGO,2326,0,0.0,0,0,Invariato,2026-03,0,2326,2026-07-31,013090,D341,c_d341
LOMBARDIA,COMO,DOSSO DEL LIRO,85,85,100.0,0,0,Invariato,2026-03,85,85,2026-07-31,013092,D355,c_d355
LOMBARDIA,COMO,ERBA,4852,4440,91.51,0,0,Invariato,2026-03,4440,4852,2026-07-31,013095,D416,c_d416
LOMBARDIA,COMO,EUPILIO,997,0,0.0,0,0,Invariato,2026-03,0,997,2026-07-31,013097,D445,c_d445
LOMBARDIA,COMO,FAGGETO LARIO,805,805,100.0,0,0,Invariato,2026-07,805,805,2026-07-31,013098,D462,c_d462
LOMBARDIA,COMO,FALOPPIO,1338,0,0.0,0,0,Invariato,2026-03,0,1338,2026-07-31,013099,D482,c_d482
LOMBARDIA,COMO,FENEGRO',898,25,2.78,0,0,Invariato,2026-03,25,898,2026-07-31,013100,D531,c_d531
LOMBARDIA,COMO,FIGINO SERENZA,923,923,100.0,0,0,Invariato,2026-03,923,923,2026-07-31,013101,D579,c_d579
LOMBARDIA,COMO,FINO MORNASCO,2896,2896,100.0,2894,0,Aggiunte coordinate,2026-07,2,2896,2026-07-31,013102,D605,c_d605
LOMBARDIA,COMO,GARZENO,749,749,100.0,0,0,Invariato,2026-03,749,749,2026-07-31,013106,D930,c_d930
LOMBARDIA,COMO,GERA LARIO,886,886,100.0,0,0,Invariato,2026-03,886,886,2026-07-31,013107,D974,c_d974
LOMBARDIA,COMO,GRANDATE,729,729,100.0,0,0,Invariato,2026-03,729,729,2026-07-31,013110,E139,c_e139
LOMBARDIA,COMO,GRANDOLA ED UNITI,1482,1144,77.19,0,0,Invariato,2026-03,1144,1482,2026-07-31,013111,E141,c_e141
LOMBARDIA,COMO,GRAVEDONA ED UNITI,3163,3163,100.0,0,0,Invariato,2026-03,3163,3163,2026-07-31,013249,M315,c_m315
LOMBARDIA,COMO,GRIANTE,420,420,100.0,0,0,Invariato,2026-03,420,420,2026-07-31,013113,E172,c_e172
LOMBARDIA,COMO,GUANZATE,1381,1381,100.0,0,0,Invariato,2026-03,1381,1381,2026-07-31,013114,E235,c_e235
LOMBARDIA,COMO,INVERIGO,2156,0,0.0,0,0,Invariato,2026-03,0,2156,2026-07-31,013118,E309,c_e309
LOMBARDIA,COMO,LAGLIO,593,0,0.0,0,0,Invariato,2026-03,0,593,2026-07-31,013119,E405,c_e405
LOMBARDIA,COMO,LAINO,510,510,100.0,0,0,Invariato,2026-03,510,510,2026-07-31,013120,E416,c_e417
LOMBARDIA,COMO,LAMBRUGO,1024,0,0.0,0,0,Invariato,2026-07,0,1024,2026-07-31,013121,E428,c_e428
LOMBARDIA,COMO,LASNIGO,158,158,100.0,158,0,Aggiunte coordinate,2026-07,0,158,2026-07-31,013123,E462,c_e462
LOMBARDIA,COMO,LEZZENO,1066,1066,100.0,0,0,Invariato,2026-03,1066,1066,2026-07-31,013126,E569,c_e569
LOMBARDIA,COMO,LIMIDO COMASCO,1363,0,0.0,0,0,Invariato,2026-03,0,1363,2026-07-31,013128,E593,c_e593
LOMBARDIA,COMO,LIPOMO,1726,0,0.0,0,0,Invariato,2026-03,0,1726,2026-07-31,013129,E607,c_e607
LOMBARDIA,COMO,LIVO,305,0,0.0,0,0,Invariato,2026-03,0,305,2026-07-31,013130,E623,c_e623
LOMBARDIA,COMO,LOCATE VARESINO,1458,1458,100.0,0,0,Invariato,2026-03,1458,1458,2026-07-31,013131,E638,c_e638
LOMBARDIA,COMO,LOMAZZO,1772,1772,100.0,0,0,Invariato,2026-03,1772,1772,2026-07-31,013133,E659,c_e659
LOMBARDIA,COMO,LONGONE AL SEGRINO,508,21,4.13,0,0,Invariato,2026-03,21,508,2026-07-31,013134,E679,c_e679
LOMBARDIA,COMO,LUISAGO,737,0,0.0,0,0,Invariato,2026-07,0,737,2026-07-31,013135,E735,c_e735
LOMBARDIA,COMO,LURAGO D'ERBA,1587,1580,99.56,0,0,Invariato,2026-03,1580,1587,2026-07-31,013136,E749,c_e749
LOMBARDIA,COMO,LURAGO MARINONE,1081,7,0.65,0,0,Invariato,2026-03,7,1081,2026-07-31,013137,E750,c_e750
LOMBARDIA,COMO,LURATE CACCIVIO,2346,2346,100.0,0,0,Invariato,2026-03,2346,2346,2026-07-31,013138,E753,c_e753
LOMBARDIA,COMO,MAGREGLIO,634,0,0.0,0,0,Invariato,2026-07,0,634,2026-07-31,013139,E830,comag
LOMBARDIA,COMO,MARIANO COMENSE,10005,0,0.0,0,0,Invariato,2026-03,0,10005,2026-07-31,013143,E951,c_e951
LOMBARDIA,COMO,MASLIANICO,853,853,100.0,0,0,Invariato,2026-03,853,853,2026-07-31,013144,F017,c_f017
LOMBARDIA,COMO,MENAGGIO,2616,2616,100.0,0,0,Invariato,2026-03,2616,2616,2026-07-31,013145,F120,c_f120
LOMBARDIA,COMO,MERONE,888,0,0.0,0,0,Invariato,2026-03,0,888,2026-07-31,013147,F151,c_f151
LOMBARDIA,COMO,MOLTRASIO,751,751,100.0,0,0,Invariato,2026-03,751,751,2026-07-31,013152,F305,c_f305
LOMBARDIA,COMO,MONGUZZO,670,410,61.19,0,0,Invariato,2026-03,410,670,2026-07-31,013153,F372,c_f372
LOMBARDIA,COMO,MONTANO LUCINO,1414,1305,92.29,0,0,Invariato,2026-07,1305,1414,2026-07-31,013154,F427,c_f427
LOMBARDIA,COMO,MONTEMEZZO,608,608,100.0,0,0,Invariato,2026-03,608,608,2026-07-31,013155,F564,c_f564
LOMBARDIA,COMO,MONTORFANO,652,0,0.0,0,0,Invariato,2026-03,0,652,2026-07-31,013157,F688,c_mont
LOMBARDIA,COMO,MOZZATE,1860,0,0.0,0,0,Invariato,2026-03,0,1860,2026-07-31,013159,F788,c_f788
LOMBARDIA,COMO,MUSSO,493,493,100.0,0,0,Invariato,2026-03,493,493,2026-07-31,013160,F828,c_f828
LOMBARDIA,COMO,NESSO,884,0,0.0,0,0,Invariato,2026-03,0,884,2026-07-31,013161,F877,c_f877
LOMBARDIA,COMO,NOVEDRATE,683,0,0.0,0,11,Aggiunti civici,2026-07,0,672,2026-07-31,013163,F958,c_f958
LOMBARDIA,COMO,OLGIATE COMASCO,2885,2885,100.0,0,0,Invariato,2026-03,2885,2885,2026-07-31,013165,G025,c_g025
LOMBARDIA,COMO,OLTRONA DI SAN MAMETTE,603,600,99.5,0,0,Invariato,2026-03,600,603,2026-07-31,013169,G056,C_G056
LOMBARDIA,COMO,ORSENIGO,1138,0,0.0,0,0,Invariato,2026-03,0,1138,2026-07-31,013170,G126,c_g126
LOMBARDIA,COMO,PEGLIO,860,860,100.0,0,0,Invariato,2026-03,860,860,2026-07-31,013178,G415,c_g415
LOMBARDIA,COMO,PIANELLO DEL LARIO,717,709,98.88,0,0,Invariato,2026-03,709,717,2026-07-31,013183,G556,C_G556
LOMBARDIA,COMO,PIGRA,543,543,100.0,0,0,Invariato,2026-03,543,543,2026-07-31,013184,G665,c_g665
LOMBARDIA,COMO,PLESIO,1692,0,0.0,0,0,Invariato,2026-03,0,1692,2026-07-31,013185,G737,c_g737
LOMBARDIA,COMO,POGNANA LARIO,458,458,100.0,0,0,Invariato,2026-03,458,458,2026-07-31,013186,G773,c_g773
LOMBARDIA,COMO,PONNA,530,530,100.0,0,0,Invariato,2026-03,530,530,2026-07-31,013187,G821,C_G821
LOMBARDIA,COMO,PONTE LAMBRO,980,885,90.31,0,95,Aggiunti civici,2026-07,885,885,2026-07-31,013188,G847,c_g847
LOMBARDIA,COMO,PORLEZZA,1930,1918,99.38,0,12,Aggiunti civici,2026-07,1918,1918,2026-07-31,013189,G889,c_g889
LOMBARDIA,COMO,PROSERPIO,461,461,100.0,0,0,Invariato,2026-03,461,461,2026-07-31,013192,H074,c_h074
LOMBARDIA,COMO,PUSIANO,399,399,100.0,0,0,Invariato,2026-03,399,399,2026-07-31,013193,H094,c_h094
LOMBARDIA,COMO,REZZAGO,248,0,0.0,0,0,Invariato,2026-03,0,248,2026-07-31,013195,H255,c_h255
LOMBARDIA,COMO,RODERO,527,0,0.0,0,0,Invariato,2026-07,0,527,2026-07-31,013197,H478,c_h478
LOMBARDIA,COMO,ROVELLASCA,1931,126,6.53,0,0,Invariato,2026-03,126,1931,2026-07-31,013201,H601,c_h601
LOMBARDIA,COMO,ROVELLO PORRO,1404,0,0.0,0,0,Invariato,2026-03,0,1404,2026-07-31,013202,H602,c_h602
LOMBARDIA,COMO,SALA COMACINA,306,0,0.0,0,0,Invariato,2026-03,0,306,2026-07-31,013203,H679,c_h679
LOMBARDIA,COMO,SAN BARTOLOMEO VAL CAVARGNA,1208,1208,100.0,0,0,Invariato,2026-03,1208,1208,2026-07-31,013204,H760,c_h760
LOMBARDIA,COMO,SAN FERMO DELLA BATTAGLIA,1699,1699,100.0,0,0,Invariato,2026-03,1699,1699,2026-07-31,013206,H840,c_h840
LOMBARDIA,COMO,SAN NAZZARO VAL CAVARGNA,471,471,100.0,0,0,Invariato,2026-03,471,471,2026-07-31,013207,I051,c_i051
LOMBARDIA,COMO,SAN SIRO,1939,1938,99.95,0,1,Aggiunti civici,2026-07,1938,1938,2026-07-31,013248,I162,c_i162
LOMBARDIA,COMO,SCHIGNANO,1217,0,0.0,0,0,Invariato,2026-03,0,1217,2026-07-31,013211,I529,c_i529
LOMBARDIA,COMO,SENNA COMASCO,897,0,0.0,0,0,Invariato,2026-03,0,897,2026-07-31,013212,I611,c_i611
LOMBARDIA,COMO,SOLBIATE CON CAGNO,1496,1495,99.93,0,0,Invariato,2026-03,1495,1496,2026-07-31,013255,M412,c_m412
LOMBARDIA,COMO,SORICO,1270,1270,100.0,0,0,Invariato,2026-03,1270,1270,2026-07-31,013216,I856,c_i856
LOMBARDIA,COMO,SORMANO,525,0,0.0,0,0,Invariato,2026-03,0,525,2026-07-31,013217,I860,c_i860
LOMBARDIA,COMO,STAZZONA,373,373,100.0,0,0,Invariato,2026-03,373,373,2026-07-31,013218,I943,c_i943
LOMBARDIA,COMO,TAVERNERIO,1616,1616,100.0,0,0,Invariato,2026-03,1616,1616,2026-07-31,013222,L071,c_l071
LOMBARDIA,COMO,TORNO,421,421,100.0,0,0,Invariato,2026-03,421,421,2026-07-31,013223,L228,c_l228
LOMBARDIA,COMO,TREMEZZINA,4021,923,22.95,0,0,Invariato,2026-03,923,4021,2026-07-31,013252,M341,c_m341
LOMBARDIA,COMO,TREZZONE,165,165,100.0,0,0,Invariato,2026-03,165,165,2026-07-31,013226,L413,c_l413
LOMBARDIA,COMO,TURATE,3921,3921,100.0,0,0,Invariato,2026-03,3921,3921,2026-07-31,013227,L470,c_l470
LOMBARDIA,COMO,UGGIATE CON RONAGO,2056,2056,100.0,0,0,Invariato,2026-03,2056,2056,2026-07-31,013256,M435,XURJPVZN
LOMBARDIA,COMO,VAL REZZO,185,185,100.0,0,0,Invariato,2026-03,185,185,2026-07-31,013233,H259,c_h259
LOMBARDIA,COMO,VALBRONA,1128,0,0.0,0,0,Invariato,2026-03,0,1128,2026-07-31,013229,L547,c_l547
LOMBARDIA,COMO,VALMOREA,1086,1086,100.0,0,0,Invariato,2026-03,1086,1086,2026-07-31,013232,L640,c_l640
LOMBARDIA,COMO,VALSOLDA,2322,2322,100.0,0,0,Invariato,2026-03,2322,2322,2026-07-31,013234,C936,c_c936
LOMBARDIA,COMO,VELESO,432,0,0.0,0,0,Invariato,2026-03,0,432,2026-07-31,013236,L715,c_l715
LOMBARDIA,COMO,VENIANO,901,901,100.0,822,0,Aggiunte coordinate,2026-07,79,901,2026-07-31,013238,L737,c_l737h
LOMBARDIA,COMO,VERCANA,1437,1437,100.0,0,0,Invariato,2026-03,1437,1437,2026-07-31,013239,L748,c_l748
LOMBARDIA,COMO,VERTEMATE CON MINOPRIO,1261,0,0.0,0,0,Invariato,2026-03,0,1261,2026-07-31,013242,L792,c_l792
LOMBARDIA,COMO,VILLA GUARDIA,1499,1499,100.0,0,0,Invariato,2026-03,1499,1499,2026-07-31,013245,L956,c_l956
LOMBARDIA,COMO,ZELBIO,266,0,0.0,0,0,Invariato,2026-03,0,266,2026-07-31,013246,M156,c_m156
LOMBARDIA,CREMONA,ACQUANEGRA CREMONESE,619,619,100.0,0,0,Invariato,2026-03,619,619,2026-07-31,019001,A039,c_a039
LOMBARDIA,CREMONA,AGNADELLO,1105,1105,100.0,0,0,Invariato,2026-03,1105,1105,2026-07-31,019002,A076,c_a076
LOMBARDIA,CREMONA,ANNICCO,1153,1153,100.0,0,0,Invariato,2026-03,1153,1153,2026-07-31,019003,A299,c_a299
LOMBARDIA,CREMONA,AZZANELLO,428,428,100.0,0,0,Invariato,2026-03,428,428,2026-07-31,019004,A526,c_a526
LOMBARDIA,CREMONA,BAGNOLO CREMASCO,1670,1,0.06,0,0,Invariato,2026-03,1,1670,2026-07-31,019005,A570,c_a570
LOMBARDIA,CREMONA,BONEMERSE,482,482,100.0,0,0,Invariato,2026-03,482,482,2026-07-31,019006,A972,c_a972
LOMBARDIA,CREMONA,BORDOLANO,279,0,0.0,0,0,Invariato,2026-03,0,279,2026-07-31,019007,A986,c_a986
LOMBARDIA,CREMONA,CALVATONE,1103,1103,100.0,0,0,Invariato,2026-03,1103,1103,2026-07-31,019009,B439,c_b439
LOMBARDIA,CREMONA,CAMISANO,544,0,0.0,0,0,Invariato,2026-03,0,544,2026-07-31,019010,B484,c_b484
LOMBARDIA,CREMONA,CAMPAGNOLA CREMASCA,379,0,0.0,0,66,Aggiunti civici,2026-07,0,313,2026-07-31,019011,B498,c_b498
LOMBARDIA,CREMONA,CAPERGNANICA,777,777,100.0,0,0,Invariato,2026-03,777,777,2026-07-31,019012,B650,c_b650
LOMBARDIA,CREMONA,CAPPELLA CANTONE,446,446,100.0,0,0,Invariato,2026-03,446,446,2026-07-31,019013,B679,c_l164
LOMBARDIA,CREMONA,CAPPELLA DE' PICENARDI,279,0,0.0,0,0,Invariato,2026-03,0,279,2026-07-31,019014,B680,c_b680
LOMBARDIA,CREMONA,CAPRALBA,880,880,100.0,0,0,Invariato,2026-03,880,880,2026-07-31,019015,B686,c_b686
LOMBARDIA,CREMONA,CASALBUTTANO ED UNITI,2306,1369,59.37,0,0,Invariato,2026-07,1369,2306,2026-07-31,019016,B869,c_b869
LOMBARDIA,CREMONA,CASALE CREMASCO-VIDOLASCO,810,810,100.0,0,0,Invariato,2026-03,810,810,2026-07-31,019017,B881,c_b881
LOMBARDIA,CREMONA,CASALETTO CEREDANO,929,0,0.0,0,0,Invariato,2026-03,0,929,2026-07-31,019018,B889,c_b889
LOMBARDIA,CREMONA,CASALETTO DI SOPRA,221,1,0.45,0,0,Invariato,2026-03,1,221,2026-07-31,019019,B890,c_b890
LOMBARDIA,CREMONA,CASALETTO VAPRIO,824,101,12.26,0,0,Invariato,2026-03,101,824,2026-07-31,019020,B891,c_b891
LOMBARDIA,CREMONA,CASALMAGGIORE,7330,7330,100.0,0,0,Invariato,2026-03,7330,7330,2026-07-31,019021,B898,c_b898
LOMBARDIA,CREMONA,CASALMORANO,555,555,100.0,0,0,Invariato,2026-03,555,555,2026-07-31,019022,B900,c_b900
LOMBARDIA,CREMONA,CASTEL GABBIANO,305,260,85.25,260,0,Aggiunte coordinate,2026-07,0,305,2026-07-31,019024,C115,c_c115
LOMBARDIA,CREMONA,CASTELDIDONE,402,0,0.0,0,0,Invariato,2026-03,0,402,2026-07-31,019023,C089,c_c089
LOMBARDIA,CREMONA,CASTELLEONE,3736,3736,100.0,0,0,Invariato,2026-03,3736,3736,2026-07-31,019025,C153,c_c153
LOMBARDIA,CREMONA,CASTELVERDE,2149,2149,100.0,0,0,Invariato,2026-03,2149,2149,2026-07-31,019026,B129,c_b129
LOMBARDIA,CREMONA,CASTELVISCONTI,168,0,0.0,0,0,Invariato,2026-03,0,168,2026-07-31,019027,C290,c_c290
LOMBARDIA,CREMONA,CELLA DATI,653,653,100.0,0,0,Invariato,2026-03,653,653,2026-07-31,019028,C435,c_c435
LOMBARDIA,CREMONA,CHIEVE,1199,1199,100.0,0,0,Invariato,2026-03,1199,1199,2026-07-31,019029,C634,c_c634
LOMBARDIA,CREMONA,CICOGNOLO,776,708,91.24,0,0,Invariato,2026-07,708,776,2026-07-31,019030,C678,c_c678
LOMBARDIA,CREMONA,CINGIA DE' BOTTI,628,628,100.0,0,0,Invariato,2026-03,628,628,2026-07-31,019031,C703,c_c703
LOMBARDIA,CREMONA,CORTE DE' CORTESI CON CIGNONE,670,670,100.0,0,0,Invariato,2026-03,670,670,2026-07-31,019032,D056,c_d056
LOMBARDIA,CREMONA,CORTE DE' FRATI,678,678,100.0,678,0,Aggiunte coordinate,2026-07,0,678,2026-07-31,019033,D057,c_d057
LOMBARDIA,CREMONA,CREDERA RUBBIANO,686,686,100.0,0,0,Invariato,2026-03,686,686,2026-07-31,019034,D141,c_d141
LOMBARDIA,CREMONA,CREMA,14113,14113,100.0,0,0,Invariato,2026-03,14113,14113,2026-07-31,019035,D142,c_d142
LOMBARDIA,CREMONA,CREMONA,26115,26115,100.0,0,0,Invariato,2026-03,26115,26115,2026-07-31,019036,D150,c_d150
LOMBARDIA,CREMONA,CREMOSANO,1107,1107,100.0,0,0,Invariato,2026-03,1107,1107,2026-07-31,019037,D151,c_d151
LOMBARDIA,CREMONA,CROTTA D'ADDA,439,439,100.0,0,0,Invariato,2026-03,439,439,2026-07-31,019038,D186,c_d186
LOMBARDIA,CREMONA,CUMIGNANO SUL NAVIGLIO,219,219,100.0,0,0,Invariato,2026-03,219,219,2026-07-31,019039,D203,c_d203
LOMBARDIA,CREMONA,DEROVERE,237,0,0.0,0,0,Invariato,2026-03,0,237,2026-07-31,019040,D278,c_d278
LOMBARDIA,CREMONA,DOVERA,1455,199,13.68,199,0,Aggiunte coordinate,2026-07,0,1455,2026-07-31,019041,D358,c_d358
LOMBARDIA,CREMONA,FIESCO,617,617,100.0,0,0,Invariato,2026-03,617,617,2026-07-31,019043,D574,c_d574
LOMBARDIA,CREMONA,FORMIGARA,670,670,100.0,0,0,Invariato,2026-03,670,670,2026-07-31,019044,D710,c_d710
LOMBARDIA,CREMONA,GABBIONETA BINANUOVA,685,685,100.0,0,0,Invariato,2026-03,685,685,2026-07-31,019045,D834,c_d834
LOMBARDIA,CREMONA,GADESCO PIEVE DELMONA,817,817,100.0,0,0,Invariato,2026-03,817,817,2026-07-31,019046,D841,c_D841
LOMBARDIA,CREMONA,GENIVOLTA,640,640,100.0,0,0,Invariato,2026-03,640,640,2026-07-31,019047,D966,c_d966
LOMBARDIA,CREMONA,GERRE DE' CAPRIOLI,481,481,100.0,0,0,Invariato,2026-03,481,481,2026-07-31,019048,D993,c_d993
LOMBARDIA,CREMONA,GOMBITO,558,558,100.0,0,0,Invariato,2026-03,558,558,2026-07-31,019049,E082,c_e082
LOMBARDIA,CREMONA,GRONTARDO,1376,0,0.0,0,0,Invariato,2026-07,0,1376,2026-07-31,019050,E193,c_e193
LOMBARDIA,CREMONA,GRUMELLO CREMONESE ED UNITI,1003,0,0.0,0,0,Invariato,2026-03,0,1003,2026-07-31,019051,E217,c_e217
LOMBARDIA,CREMONA,GUSSOLA,2376,2376,100.0,0,0,Invariato,2026-03,2376,2376,2026-07-31,019052,E272,c_e272
LOMBARDIA,CREMONA,ISOLA DOVARESE,620,620,100.0,0,0,Invariato,2026-07,620,620,2026-07-31,019053,E356,c_e356
LOMBARDIA,CREMONA,IZANO,1875,0,0.0,0,0,Invariato,2026-03,0,1875,2026-07-31,019054,E380,c_e380
LOMBARDIA,CREMONA,MADIGNANO,1219,1219,100.0,0,0,Invariato,2026-03,1219,1219,2026-07-31,019055,E793,c_e793
LOMBARDIA,CREMONA,MALAGNINO,817,817,100.0,0,0,Invariato,2026-03,817,817,2026-07-31,019056,E843,c_e843
LOMBARDIA,CREMONA,MARTIGNANA DI PO,1075,1075,100.0,0,0,Invariato,2026-03,1075,1075,2026-07-31,019057,E983,c_e983
LOMBARDIA,CREMONA,MONTE CREMASCO,1335,1335,100.0,0,0,Invariato,2026-03,1335,1335,2026-07-31,019058,F434,c_f434
LOMBARDIA,CREMONA,MONTODINE,1030,1030,100.0,0,0,Invariato,2026-03,1030,1030,2026-07-31,019059,F681,c_f681
LOMBARDIA,CREMONA,MOSCAZZANO,409,0,0.0,0,0,Invariato,2026-03,0,409,2026-07-31,019060,F761,c_f761
LOMBARDIA,CREMONA,MOTTA BALUFFI,563,563,100.0,0,0,Invariato,2026-03,563,563,2026-07-31,019061,F771,c_f771
LOMBARDIA,CREMONA,OFFANENGO,3050,0,0.0,0,0,Invariato,2026-03,0,3050,2026-07-31,019062,G004,c_g004
LOMBARDIA,CREMONA,OLMENETA,507,0,0.0,0,0,Invariato,2026-03,0,507,2026-07-31,019063,G047,c_g047
LOMBARDIA,CREMONA,OSTIANO,1885,901,47.8,901,0,Aggiunte coordinate,2026-07,0,1885,2026-07-31,019064,G185,c_g185
LOMBARDIA,CREMONA,PADERNO PONCHIELLI,1041,1041,100.0,0,0,Invariato,2026-03,1041,1041,2026-07-31,019065,G222,c_g222
LOMBARDIA,CREMONA,PALAZZO PIGNANO,2295,0,0.0,0,0,Invariato,2026-03,0,2295,2026-07-31,019066,G260,c_g260
LOMBARDIA,CREMONA,PANDINO,2679,2679,100.0,0,0,Invariato,2026-03,2679,2679,2026-07-31,019067,G306,c_g306
LOMBARDIA,CREMONA,PERSICO DOSIMO,2363,2363,100.0,0,0,Invariato,2026-03,2363,2363,2026-07-31,019068,G469,c_g469
LOMBARDIA,CREMONA,PESCAROLO ED UNITI,1004,1004,100.0,0,0,Invariato,2026-03,1004,1004,2026-07-31,019069,G483,c_g483
LOMBARDIA,CREMONA,PESSINA CREMONESE,753,753,100.0,0,0,Invariato,2026-03,753,753,2026-07-31,019070,G504,c_g504
LOMBARDIA,CREMONA,PIADENA DRIZZONA,2576,0,0.0,0,0,Invariato,2026-03,0,2576,2026-07-31,019116,M418,c_m418
LOMBARDIA,CREMONA,PIANENGO,1396,1396,100.0,1396,0,Aggiunte coordinate,2026-07,0,1396,2026-07-31,019072,G558,c_g558
LOMBARDIA,CREMONA,PIERANICA,655,0,0.0,0,0,Invariato,2026-03,0,655,2026-07-31,019073,G603,c_g603
LOMBARDIA,CREMONA,PIEVE D'OLMI,576,576,100.0,0,0,Invariato,2026-03,576,576,2026-07-31,019074,G647,c_g647
LOMBARDIA,CREMONA,PIEVE SAN GIACOMO,736,736,100.0,0,0,Invariato,2026-03,736,736,2026-07-31,019075,G651,c_g651
LOMBARDIA,CREMONA,PIZZIGHETTONE,3735,3735,100.0,0,0,Invariato,2026-03,3735,3735,2026-07-31,019076,G721,c_g721
LOMBARDIA,CREMONA,POZZAGLIO ED UNITI,1283,1283,100.0,0,0,Invariato,2026-03,1283,1283,2026-07-31,019077,B914,c_b916
LOMBARDIA,CREMONA,QUINTANO,343,343,100.0,343,0,Aggiunte coordinate,2026-07,0,343,2026-07-31,019078,H130,c_h130
LOMBARDIA,CREMONA,RICENGO,838,838,100.0,0,0,Invariato,2026-03,838,838,2026-07-31,019079,H276,c_h276
LOMBARDIA,CREMONA,RIPALTA ARPINA,325,325,100.0,0,0,Invariato,2026-03,325,325,2026-07-31,019080,H314,c_h314
LOMBARDIA,CREMONA,RIPALTA CREMASCA,1130,213,18.85,0,0,Invariato,2026-03,213,1130,2026-07-31,019081,H315,c_h315
LOMBARDIA,CREMONA,RIPALTA GUERINA,210,210,100.0,0,0,Invariato,2026-07,210,210,2026-07-31,019082,H316,c_h316
LOMBARDIA,CREMONA,RIVAROLO DEL RE ED UNITI,1261,0,0.0,0,0,Invariato,2026-03,0,1261,2026-07-31,019083,H341,c_h341
LOMBARDIA,CREMONA,RIVOLTA D'ADDA,2250,2250,100.0,0,0,Invariato,2026-03,2250,2250,2026-07-31,019084,H357,c_h357
LOMBARDIA,CREMONA,ROBECCO D'OGLIO,1206,1206,100.0,0,0,Invariato,2026-03,1206,1206,2026-07-31,019085,H372,c_h372
LOMBARDIA,CREMONA,ROMANENGO,1242,1,0.08,0,0,Invariato,2026-03,1,1242,2026-07-31,019086,H508,c_h508
LOMBARDIA,CREMONA,SALVIROLA,530,530,100.0,0,0,Invariato,2026-07,530,530,2026-07-31,019087,H731,c_h731
LOMBARDIA,CREMONA,SAN BASSANO,1339,1339,100.0,0,0,Invariato,2026-03,1339,1339,2026-07-31,019088,H767,c_h767
LOMBARDIA,CREMONA,SAN DANIELE PO,809,267,33.0,267,0,Aggiunte coordinate,2026-07,0,809,2026-07-31,019089,H815,c_h815
LOMBARDIA,CREMONA,SAN GIOVANNI IN CROCE,1560,1560,100.0,0,0,Invariato,2026-03,1560,1560,2026-07-31,019090,H918,c_h918
LOMBARDIA,CREMONA,SAN MARTINO DEL LAGO,327,0,0.0,0,0,Invariato,2026-03,0,327,2026-07-31,019091,I007,c_i007
LOMBARDIA,CREMONA,SCANDOLARA RAVARA,650,650,100.0,0,0,Invariato,2026-03,650,650,2026-07-31,019092,I497,c_i497
LOMBARDIA,CREMONA,SCANDOLARA RIPA D'OGLIO,309,0,0.0,0,0,Invariato,2026-03,0,309,2026-07-31,019093,I498,c_i498
LOMBARDIA,CREMONA,SERGNANO,1868,1868,100.0,0,0,Invariato,2026-03,1868,1868,2026-07-31,019094,I627,c_i627
LOMBARDIA,CREMONA,SESTO ED UNITI,1655,1655,100.0,0,0,Invariato,2026-03,1655,1655,2026-07-31,019095,I683,c_i683
LOMBARDIA,CREMONA,SOLAROLO RAINERIO,865,865,100.0,0,0,Invariato,2026-07,865,865,2026-07-31,019096,I790,c_i790
LOMBARDIA,CREMONA,SONCINO,4749,4749,100.0,0,0,Invariato,2026-03,4749,4749,2026-07-31,019097,I827,c_I827
LOMBARDIA,CREMONA,SORESINA,3178,3178,100.0,0,0,Invariato,2026-03,3178,3178,2026-07-31,019098,I849,c_i849
LOMBARDIA,CREMONA,SOSPIRO,977,977,100.0,0,0,Invariato,2026-03,977,977,2026-07-31,019099,I865,c_i865
LOMBARDIA,CREMONA,SPINADESCO,996,996,100.0,0,0,Invariato,2026-03,996,996,2026-07-31,019100,I906,c_i906
LOMBARDIA,CREMONA,SPINEDA,413,413,100.0,0,0,Invariato,2026-07,413,413,2026-07-31,019101,I909,c_i909
LOMBARDIA,CREMONA,SPINO D'ADDA,1996,1980,99.2,0,0,Invariato,2026-07,1980,1996,2026-07-31,019102,I914,c_i914
LOMBARDIA,CREMONA,STAGNO LOMBARDO,597,597,100.0,0,0,Invariato,2026-03,597,597,2026-07-31,019103,I935,c_i935
LOMBARDIA,CREMONA,TICENGO,228,228,100.0,0,0,Invariato,2026-03,228,228,2026-07-31,019104,L164,c_l164p
LOMBARDIA,CREMONA,TORLINO VIMERCATI,248,248,100.0,248,0,Aggiunte coordinate,2026-07,0,248,2026-07-31,019105,L221,c_l221
LOMBARDIA,CREMONA,TORNATA,335,335,100.0,0,0,Invariato,2026-03,335,335,2026-07-31,019106,L225,c_l225
LOMBARDIA,CREMONA,TORRE DE' PICENARDI,1392,1392,100.0,0,0,Invariato,2026-03,1392,1392,2026-07-31,019107,L258,c_l258
LOMBARDIA,CREMONA,TORRICELLA DEL PIZZO,601,0,0.0,0,0,Invariato,2026-03,0,601,2026-07-31,019108,L296,c_l296
LOMBARDIA,CREMONA,TRESCORE CREMASCO,1089,1089,100.0,1089,0,Aggiunte coordinate,2026-07,0,1089,2026-07-31,019109,L389,c_l389
LOMBARDIA,CREMONA,TRIGOLO,1272,1272,100.0,0,0,Invariato,2026-03,1272,1272,2026-07-31,019110,L426,c_l426
LOMBARDIA,CREMONA,VAIANO CREMASCO,2393,0,0.0,0,0,Invariato,2026-03,0,2393,2026-07-31,019111,L535,c_l535
LOMBARDIA,CREMONA,VAILATE,1968,1968,100.0,0,0,Invariato,2026-03,1968,1968,2026-07-31,019112,L539,c_l539
LOMBARDIA,CREMONA,VESCOVATO,2946,2946,100.0,0,0,Invariato,2026-03,2946,2946,2026-07-31,019113,L806,c_l806
LOMBARDIA,CREMONA,VOLONGO,513,513,100.0,0,0,Invariato,2026-03,513,513,2026-07-31,019114,M116,c_m116
LOMBARDIA,CREMONA,VOLTIDO,237,237,100.0,0,0,Invariato,2026-03,237,237,2026-07-31,019115,M127,c_m127
LOMBARDIA,LECCO,ABBADIA LARIANA,1517,0,0.0,0,0,Invariato,2026-03,0,1517,2026-07-31,097001,A005,c_a005
LOMBARDIA,LECCO,AIRUNO,734,0,0.0,0,0,Invariato,2026-03,0,734,2026-07-31,097002,A112,c_a112
LOMBARDIA,LECCO,ANNONE DI BRIANZA,549,0,0.0,0,0,Invariato,2026-03,0,549,2026-07-31,097003,A301,c_a301
LOMBARDIA,LECCO,BALLABIO,1224,1223,99.92,0,0,Invariato,2026-03,1223,1224,2026-07-31,097004,A594,c_a594
LOMBARDIA,LECCO,BARZAGO,896,0,0.0,0,0,Invariato,2026-03,0,896,2026-07-31,097005,A683,c_a683
LOMBARDIA,LECCO,BARZANO',1493,1492,99.93,0,0,Invariato,2026-03,1492,1493,2026-07-31,097006,A686,c_a686
LOMBARDIA,LECCO,BARZIO,1284,1284,100.0,0,0,Invariato,2026-03,1284,1284,2026-07-31,097007,A687,c_a687
LOMBARDIA,LECCO,BELLANO,1366,77,5.64,0,0,Invariato,2026-03,77,1366,2026-07-31,097008,A745,c_a745
LOMBARDIA,LECCO,BOSISIO PARINI,791,746,94.31,0,0,Invariato,2026-03,746,791,2026-07-31,097009,B081,c_b081
LOMBARDIA,LECCO,BRIVIO,1513,0,0.0,0,0,Invariato,2026-03,0,1513,2026-07-31,097010,B194,c_b194
LOMBARDIA,LECCO,BULCIAGO,644,644,100.0,0,0,Invariato,2026-03,644,644,2026-07-31,097011,B261,c_b261
LOMBARDIA,LECCO,CALCO,1803,0,0.0,0,0,Invariato,2026-03,0,1803,2026-07-31,097012,B396,c_b396
LOMBARDIA,LECCO,CALOLZIOCORTE,3532,0,0.0,0,0,Invariato,2026-03,0,3532,2026-07-31,097013,B423,c_b423
LOMBARDIA,LECCO,CARENNO,1332,1332,100.0,0,0,Invariato,2026-03,1332,1332,2026-07-31,097014,B763,c_b763
LOMBARDIA,LECCO,CASARGO,1198,245,20.45,0,0,Invariato,2026-07,245,1198,2026-07-31,097015,B937,c_b937
LOMBARDIA,LECCO,CASATENOVO,3546,254,7.16,254,0,Aggiunte coordinate,2026-07,0,3546,2026-07-31,097016,B943,c_b943
LOMBARDIA,LECCO,CASSAGO BRIANZA,1608,1608,100.0,0,0,Invariato,2026-03,1608,1608,2026-07-31,097017,B996,c_b996
LOMBARDIA,LECCO,CASSINA VALSASSINA,477,0,0.0,0,0,Invariato,2026-03,0,477,2026-07-31,097018,C024,c_c024
LOMBARDIA,LECCO,CASTELLO DI BRIANZA,788,0,0.0,0,0,Invariato,2026-03,0,788,2026-07-31,097019,C187,c_c187
LOMBARDIA,LECCO,CERNUSCO LOMBARDONE,737,737,100.0,0,0,Invariato,2026-03,737,737,2026-07-31,097020,C521,c_c521
LOMBARDIA,LECCO,CESANA BRIANZA,723,0,0.0,0,0,Invariato,2026-03,0,723,2026-07-31,097021,C563,c_c563
LOMBARDIA,LECCO,CIVATE,1073,0,0.0,0,34,Aggiunti civici,2026-07,0,1039,2026-07-31,097022,C752,c_c752
LOMBARDIA,LECCO,COLICO,4245,0,0.0,0,0,Invariato,2026-03,0,4245,2026-07-31,097023,C839,c_c839
LOMBARDIA,LECCO,COLLE BRIANZA,1164,1164,100.0,0,0,Invariato,2026-03,1164,1164,2026-07-31,097024,C851,c_c851
LOMBARDIA,LECCO,CORTENOVA,688,688,100.0,0,0,Invariato,2026-03,688,688,2026-07-31,097025,D065,c_d065
LOMBARDIA,LECCO,COSTA MASNAGA,1293,0,0.0,0,0,Invariato,2026-03,0,1293,2026-07-31,097026,D112,c_d112
LOMBARDIA,LECCO,CRANDOLA VALSASSINA,216,0,0.0,0,0,Invariato,2026-07,0,216,2026-07-31,097027,D131,c_d131
LOMBARDIA,LECCO,CREMELLA,690,0,0.0,0,0,Invariato,2026-03,0,690,2026-07-31,097028,D143,c_d143
LOMBARDIA,LECCO,CREMENO,1532,0,0.0,0,0,Invariato,2026-03,0,1532,2026-07-31,097029,D145,c_d145
LOMBARDIA,LECCO,DERVIO,1123,1123,100.0,0,0,Invariato,2026-03,1123,1123,2026-07-31,097030,D280,c_d280
LOMBARDIA,LECCO,DOLZAGO,945,931,98.52,0,0,Invariato,2026-07,931,945,2026-07-31,097031,D327,c_d327
LOMBARDIA,LECCO,DORIO,365,365,100.0,0,0,Invariato,2026-03,365,365,2026-07-31,097032,D346,c_d346
LOMBARDIA,LECCO,ELLO,468,146,31.2,0,0,Invariato,2026-03,146,468,2026-07-31,097033,D398,c_d398
LOMBARDIA,LECCO,ERVE,387,387,100.0,0,0,Invariato,2026-03,387,387,2026-07-31,097034,D428,c_d428
LOMBARDIA,LECCO,ESINO LARIO,590,590,100.0,0,0,Invariato,2026-03,590,590,2026-07-31,097035,D436,c_d436
LOMBARDIA,LECCO,GALBIATE,2025,2025,100.0,0,0,Invariato,2026-03,2025,2025,2026-07-31,097036,D865,c_d865
LOMBARDIA,LECCO,GARBAGNATE MONASTERO,1019,1019,100.0,0,0,Invariato,2026-03,1019,1019,2026-07-31,097037,D913,c_d913
LOMBARDIA,LECCO,GARLATE,669,10,1.49,0,0,Invariato,2026-03,10,669,2026-07-31,097038,D926,c_d926
LOMBARDIA,LECCO,IMBERSAGO,660,0,0.0,0,0,Invariato,2026-03,0,660,2026-07-31,097039,E287,c_e287
LOMBARDIA,LECCO,INTROBIO,833,833,100.0,0,0,Invariato,2026-03,833,833,2026-07-31,097040,E305,c_e305
LOMBARDIA,LECCO,LA VALLETTA BRIANZA,1559,1559,100.0,0,0,Invariato,2026-03,1559,1559,2026-07-31,097092,M348,c_M348
LOMBARDIA,LECCO,LECCO,9548,9548,100.0,0,0,Invariato,2026-03,9548,9548,2026-07-31,097042,E507,c_e507
LOMBARDIA,LECCO,LIERNA,998,0,0.0,0,0,Invariato,2026-03,0,998,2026-07-31,097043,E581,c_e581
LOMBARDIA,LECCO,LOMAGNA,1515,1515,100.0,0,0,Invariato,2026-03,1515,1515,2026-07-31,097044,E656,c_e656
LOMBARDIA,LECCO,MALGRATE,723,723,100.0,0,0,Invariato,2026-03,723,723,2026-07-31,097045,E858,c_e858
LOMBARDIA,LECCO,MANDELLO DEL LARIO,2757,2757,100.0,0,0,Invariato,2026-03,2757,2757,2026-07-31,097046,E879,c_e879
LOMBARDIA,LECCO,MARGNO,771,771,100.0,0,0,Invariato,2026-03,771,771,2026-07-31,097047,E947,c_e947
LOMBARDIA,LECCO,MERATE,4072,4071,99.98,0,0,Invariato,2026-03,4071,4072,2026-07-31,097048,F133,c_f133
LOMBARDIA,LECCO,MISSAGLIA,2767,0,0.0,0,0,Invariato,2026-03,0,2767,2026-07-31,097049,F248,c_f248
LOMBARDIA,LECCO,MOGGIO,621,621,100.0,0,0,Invariato,2026-03,621,621,2026-07-31,097050,F265,c_f265
LOMBARDIA,LECCO,MOLTENO,1033,994,96.22,0,0,Invariato,2026-03,994,1033,2026-07-31,097051,F304,c_f304
LOMBARDIA,LECCO,MONTE MARENZO,628,628,100.0,0,0,Invariato,2026-03,628,628,2026-07-31,097052,F561,c_f561
LOMBARDIA,LECCO,MONTEVECCHIA,914,914,100.0,0,0,Invariato,2026-03,914,914,2026-07-31,097053,F657,c_f657
LOMBARDIA,LECCO,MONTICELLO BRIANZA,1079,1079,100.0,0,0,Invariato,2026-03,1079,1079,2026-07-31,097054,F674,c_f674
LOMBARDIA,LECCO,MORTERONE,18,0,0.0,0,0,Invariato,2026-03,0,18,2026-07-31,097055,F758,c_f758
LOMBARDIA,LECCO,NIBIONNO,1792,1792,100.0,0,0,Invariato,2026-03,1792,1792,2026-07-31,097056,F887,c_f887
LOMBARDIA,LECCO,OGGIONO,2164,2164,100.0,0,0,Invariato,2026-03,2164,2164,2026-07-31,097057,G009,c_g009
LOMBARDIA,LECCO,OLGIATE MOLGORA,2367,2367,100.0,0,0,Invariato,2026-03,2367,2367,2026-07-31,097058,G026,c_g026
LOMBARDIA,LECCO,OLGINATE,1801,0,0.0,0,0,Invariato,2026-03,0,1801,2026-07-31,097059,G030,c_g030
LOMBARDIA,LECCO,OLIVETO LARIO,1241,0,0.0,0,0,Invariato,2026-03,0,1241,2026-07-31,097060,G040,c_g040
LOMBARDIA,LECCO,OSNAGO,1519,1519,100.0,0,0,Invariato,2026-03,1519,1519,2026-07-31,097061,G161,c_g161
LOMBARDIA,LECCO,PADERNO D'ADDA,1048,1046,99.81,0,2,Aggiunti civici,2026-07,1046,1046,2026-07-31,097062,G218,c_g218
LOMBARDIA,LECCO,PAGNONA,292,292,100.0,0,0,Invariato,2026-03,292,292,2026-07-31,097063,G241,c_g241
LOMBARDIA,LECCO,PARLASCO,188,0,0.0,0,0,Invariato,2026-03,0,188,2026-07-31,097064,G336,c_g336
LOMBARDIA,LECCO,PASTURO,958,958,100.0,958,0,Aggiunte coordinate,2026-07,0,958,2026-07-31,097065,G368,c_g368
LOMBARDIA,LECCO,PERLEDO,735,735,100.0,0,0,Invariato,2026-03,735,735,2026-07-31,097067,G456,c_g456
LOMBARDIA,LECCO,PESCATE,448,448,100.0,0,0,Invariato,2026-03,448,448,2026-07-31,097068,G485,c_g485
LOMBARDIA,LECCO,PREMANA,1063,0,0.0,0,0,Invariato,2026-03,0,1063,2026-07-31,097069,H028,c_h028
LOMBARDIA,LECCO,PRIMALUNA,1108,1108,100.0,0,0,Invariato,2026-03,1108,1108,2026-07-31,097070,H063,c_h063
LOMBARDIA,LECCO,ROBBIATE,1875,0,0.0,0,0,Invariato,2026-03,0,1875,2026-07-31,097071,G223,c_g223
LOMBARDIA,LECCO,ROGENO,1412,0,0.0,0,0,Invariato,2026-03,0,1412,2026-07-31,097072,H486,c_h486
LOMBARDIA,LECCO,SANTA MARIA HOE',707,0,0.0,0,0,Invariato,2026-03,0,707,2026-07-31,097074,I243,c_l243
LOMBARDIA,LECCO,SIRONE,467,467,100.0,0,0,Invariato,2026-03,467,467,2026-07-31,097075,I759,c_i759
LOMBARDIA,LECCO,SIRTORI,813,813,100.0,0,0,Invariato,2026-03,813,813,2026-07-31,097076,I761,c_i761
LOMBARDIA,LECCO,SUEGLIO,951,0,0.0,0,0,Invariato,2026-07,0,951,2026-07-31,097077,I994,c_i994
LOMBARDIA,LECCO,SUELLO,577,577,100.0,577,0,Aggiunte coordinate,2026-07,0,577,2026-07-31,097078,I996,c_i996
LOMBARDIA,LECCO,TACENO,341,341,100.0,0,0,Invariato,2026-03,341,341,2026-07-31,097079,L022,c_l022
LOMBARDIA,LECCO,VALGREGHENTINO,1172,0,0.0,0,55,Aggiunti civici,2026-07,0,1117,2026-07-31,097082,L581,c_l581
LOMBARDIA,LECCO,VALMADRERA,2176,2140,98.35,0,0,Invariato,2026-07,2140,2176,2026-07-31,097083,L634,c_l634
LOMBARDIA,LECCO,VALVARRONE,1337,0,0.0,0,0,Invariato,2026-03,0,1337,2026-07-31,097093,M395,c_m395
LOMBARDIA,LECCO,VARENNA,511,511,100.0,0,0,Invariato,2026-03,511,511,2026-07-31,097084,L680,c_l680
LOMBARDIA,LECCO,VERCURAGO,872,872,100.0,0,0,Invariato,2026-03,872,872,2026-07-31,097086,L751,c_l751
LOMBARDIA,LECCO,VERDERIO,1306,1306,100.0,0,0,Invariato,2026-03,1306,1306,2026-07-31,097091,M337,c_m337
LOMBARDIA,LECCO,VIGANO',535,535,100.0,0,0,Invariato,2026-03,535,535,2026-07-31,097090,L866,c_l866
LOMBARDIA,LODI,ABBADIA CERRETO,185,185,100.0,0,0,Invariato,2026-03,185,185,2026-07-31,098001,A004,c_a004
LOMBARDIA,LODI,BERTONICO,633,633,100.0,0,0,Invariato,2026-07,633,633,2026-07-31,098002,A811,c_a811
LOMBARDIA,LODI,BOFFALORA D'ADDA,486,486,100.0,0,0,Invariato,2026-03,486,486,2026-07-31,098003,A919,c_a919
LOMBARDIA,LODI,BORGHETTO LODIGIANO,1848,1848,100.0,0,0,Invariato,2026-03,1848,1848,2026-07-31,098004,A995,c_a995
LOMBARDIA,LODI,BORGO SAN GIOVANNI,1254,1254,100.0,1254,0,Aggiunte coordinate,2026-07,0,1254,2026-07-31,098005,B017,c_b017
LOMBARDIA,LODI,BREMBIO,981,981,100.0,0,0,Invariato,2026-03,981,981,2026-07-31,098006,B141,c_b141
LOMBARDIA,LODI,CASALETTO LODIGIANO,983,983,100.0,0,0,Invariato,2026-07,983,983,2026-07-31,098008,B887,c_b887
LOMBARDIA,LODI,CASALMAIOCCO,903,820,90.81,0,83,Aggiunti civici,2026-07,820,820,2026-07-31,098009,B899,c_b899
LOMBARDIA,LODI,CASALPUSTERLENGO,5641,5641,100.0,0,0,Invariato,2026-03,5641,5641,2026-07-31,098010,B910,c_b910
LOMBARDIA,LODI,CASELLE LANDI,1027,1027,100.0,0,0,Invariato,2026-03,1027,1027,2026-07-31,098011,B961,c_b961
LOMBARDIA,LODI,CASELLE LURANI,737,141,19.13,0,0,Invariato,2026-03,141,737,2026-07-31,098012,B958,c_b958
LOMBARDIA,LODI,CASTELGERUNDO,809,809,100.0,0,0,Invariato,2026-03,809,809,2026-07-31,098062,M393,c_m393
LOMBARDIA,LODI,CASTELNUOVO BOCCA D'ADDA,1060,1060,100.0,0,0,Invariato,2026-03,1060,1060,2026-07-31,098013,C228,c_c228
LOMBARDIA,LODI,CASTIGLIONE D'ADDA,2954,2954,100.0,0,0,Invariato,2026-03,2954,2954,2026-07-31,098014,C304,C_C304
LOMBARDIA,LODI,CASTIRAGA VIDARDO,910,910,100.0,0,0,Invariato,2026-03,910,910,2026-07-31,098015,C329,c_c329
LOMBARDIA,LODI,CAVENAGO D'ADDA,752,752,100.0,0,0,Invariato,2026-03,752,752,2026-07-31,098017,C394,c_c394
LOMBARDIA,LODI,CERVIGNANO D'ADDA,1833,1728,94.27,0,105,Aggiunti civici,2026-07,1728,1728,2026-07-31,098018,C555,c_c555
LOMBARDIA,LODI,CODOGNO,5753,5753,100.0,0,0,Invariato,2026-03,5753,5753,2026-07-31,098019,C816,c_c816
LOMBARDIA,LODI,COMAZZO,528,528,100.0,0,0,Invariato,2026-03,528,528,2026-07-31,098020,C917,c_c917
LOMBARDIA,LODI,CORNEGLIANO LAUDENSE,1027,0,0.0,0,0,Invariato,2026-03,0,1027,2026-07-31,098021,D021,c_d021
LOMBARDIA,LODI,CORNO GIOVINE,724,724,100.0,0,0,Invariato,2026-03,724,724,2026-07-31,098022,D028,c_d028
LOMBARDIA,LODI,CORNOVECCHIO,125,125,100.0,0,0,Invariato,2026-03,125,125,2026-07-31,098023,D029,c_d029
LOMBARDIA,LODI,CORTE PALASIO,450,450,100.0,0,0,Invariato,2026-03,450,450,2026-07-31,098024,D068,c_d068
LOMBARDIA,LODI,CRESPIATICA,586,586,100.0,0,0,Invariato,2026-03,586,586,2026-07-31,098025,D159,c_d159
LOMBARDIA,LODI,FOMBIO,1210,1186,98.02,0,0,Invariato,2026-03,1186,1210,2026-07-31,098026,D660,c_d660
LOMBARDIA,LODI,GALGAGNANO,392,346,88.27,0,0,Invariato,2026-07,346,392,2026-07-31,098027,D868,c_d868
LOMBARDIA,LODI,GRAFFIGNANA,981,981,100.0,0,0,Invariato,2026-03,981,981,2026-07-31,098028,E127,C_E127
LOMBARDIA,LODI,GUARDAMIGLIO,1391,1391,100.0,0,0,Invariato,2026-03,1391,1391,2026-07-31,098029,E238,c_e238
LOMBARDIA,LODI,LIVRAGA,1464,1464,100.0,0,0,Invariato,2026-03,1464,1464,2026-07-31,098030,E627,c_e627
LOMBARDIA,LODI,LODI,10422,600,5.76,0,0,Invariato,2026-07,600,10422,2026-07-31,098031,E648,c_e648
LOMBARDIA,LODI,LODI VECCHIO,2344,2344,100.0,0,0,Invariato,2026-03,2344,2344,2026-07-31,098032,E651,c_e651
LOMBARDIA,LODI,MACCASTORNA,55,55,100.0,0,0,Invariato,2026-03,55,55,2026-07-31,098033,E777,c_e777
LOMBARDIA,LODI,MAIRAGO,515,0,0.0,0,0,Invariato,2026-03,0,515,2026-07-31,098034,E840,c_e840
LOMBARDIA,LODI,MALEO,2473,2473,100.0,0,0,Invariato,2026-03,2473,2473,2026-07-31,098035,E852,c_e852
LOMBARDIA,LODI,MARUDO,606,606,100.0,606,0,Aggiunte coordinate,2026-07,0,606,2026-07-31,098036,E994,c_e994
LOMBARDIA,LODI,MASSALENGO,1184,1184,100.0,0,0,Invariato,2026-03,1184,1184,2026-07-31,098037,F028,c_f028
LOMBARDIA,LODI,MELETI,266,0,0.0,0,0,Invariato,2026-03,0,266,2026-07-31,098038,F102,c_f102
LOMBARDIA,LODI,MERLINO,521,0,0.0,0,0,Invariato,2026-03,0,521,2026-07-31,098039,F149,c_f149
LOMBARDIA,LODI,MONTANASO LOMBARDO,642,642,100.0,0,0,Invariato,2026-03,642,642,2026-07-31,098040,F423,c_f423
LOMBARDIA,LODI,MULAZZANO,2408,2408,100.0,0,0,Invariato,2026-03,2408,2408,2026-07-31,098041,F801,c_f801
LOMBARDIA,LODI,ORIO LITTA,875,0,0.0,0,0,Invariato,2026-03,0,875,2026-07-31,098042,G107,c_g107
LOMBARDIA,LODI,OSPEDALETTO LODIGIANO,725,0,0.0,0,0,Invariato,2026-03,0,725,2026-07-31,098043,G166,c_g166
LOMBARDIA,LODI,OSSAGO LODIGIANO,408,408,100.0,0,0,Invariato,2026-07,408,408,2026-07-31,098044,G171,c_g171
LOMBARDIA,LODI,PIEVE FISSIRAGA,832,832,100.0,0,0,Invariato,2026-03,832,832,2026-07-31,098045,G096,c_g096
LOMBARDIA,LODI,SALERANO SUL LAMBRO,762,762,100.0,0,0,Invariato,2026-03,762,762,2026-07-31,098046,H701,c_h701
LOMBARDIA,LODI,SAN FIORANO,1437,1437,100.0,0,0,Invariato,2026-03,1437,1437,2026-07-31,098047,H844,c_h844
LOMBARDIA,LODI,SAN MARTINO IN STRADA,1157,1157,100.0,0,0,Invariato,2026-03,1157,1157,2026-07-31,098048,I012,c_i012
LOMBARDIA,LODI,SAN ROCCO AL PORTO,9284,9284,100.0,0,0,Invariato,2026-03,9284,9284,2026-07-31,098049,I140,c_i140
LOMBARDIA,LODI,SANT'ANGELO LODIGIANO,4240,4240,100.0,0,0,Invariato,2026-03,4240,4240,2026-07-31,098050,I274,c_i274
LOMBARDIA,LODI,SANTO STEFANO LODIGIANO,879,879,100.0,0,0,Invariato,2026-03,879,879,2026-07-31,098051,I362,c_i362
LOMBARDIA,LODI,SECUGNAGO,799,0,0.0,0,0,Invariato,2026-03,0,799,2026-07-31,098052,I561,c_l561
LOMBARDIA,LODI,SENNA LODIGIANA,1327,1327,100.0,0,0,Invariato,2026-03,1327,1327,2026-07-31,098053,I612,c_i612
LOMBARDIA,LODI,SOMAGLIA,1704,1704,100.0,0,0,Invariato,2026-03,1704,1704,2026-07-31,098054,I815,c_i815
LOMBARDIA,LODI,SORDIO,594,594,100.0,0,0,Invariato,2026-03,594,594,2026-07-31,098055,I848,c_i848
LOMBARDIA,LODI,TAVAZZANO CON VILLAVESCO,1594,13,0.82,0,0,Invariato,2026-03,13,1594,2026-07-31,098056,F260,c_f260
LOMBARDIA,LODI,TERRANOVA DEI PASSERINI,427,427,100.0,427,0,Aggiunte coordinate,2026-07,0,427,2026-07-31,098057,L125,c_l125
LOMBARDIA,LODI,TURANO LODIGIANO,523,523,100.0,523,0,Aggiunte coordinate,2026-07,0,523,2026-07-31,098058,L469,c_l469
LOMBARDIA,LODI,VALERA FRATTA,576,504,87.5,0,0,Invariato,2026-07,504,576,2026-07-31,098059,L572,c_l572
LOMBARDIA,LODI,VILLANOVA DEL SILLARO,430,0,0.0,0,0,Invariato,2026-03,0,430,2026-07-31,098060,L977,c_l977
LOMBARDIA,LODI,ZELO BUON PERSICO,1613,1613,100.0,0,0,Invariato,2026-03,1613,1613,2026-07-31,098061,M158,c_m158
LOMBARDIA,MANTOVA,ACQUANEGRA SUL CHIESE,1483,1483,100.0,0,0,Invariato,2026-03,1483,1483,2026-07-31,020001,A038,c_a038
LOMBARDIA,MANTOVA,ASOLA,6470,6470,100.0,0,0,Invariato,2026-03,6470,6470,2026-07-31,020002,A470,c_a470
LOMBARDIA,MANTOVA,BAGNOLO SAN VITO,2594,2594,100.0,0,0,Invariato,2026-03,2594,2594,2026-07-31,020003,A575,c_a575
LOMBARDIA,MANTOVA,BORGO MANTOVANO,3065,3065,100.0,0,0,Invariato,2026-03,3065,3065,2026-07-31,020072,M396,c_m396
LOMBARDIA,MANTOVA,BORGO VIRGILIO,7753,7753,100.0,0,0,Invariato,2026-03,7753,7753,2026-07-31,020071,M340,c_m340
LOMBARDIA,MANTOVA,BORGOCARBONARA,1854,0,0.0,0,0,Invariato,2026-03,0,1854,2026-07-31,020073,M406,c_m406
LOMBARDIA,MANTOVA,BOZZOLO,2900,0,0.0,0,0,Invariato,2026-03,0,2900,2026-07-31,020007,B110,c_b110
LOMBARDIA,MANTOVA,CANNETO SULL'OGLIO,3285,3285,100.0,0,0,Invariato,2026-03,3285,3285,2026-07-31,020008,B612,c_b612
LOMBARDIA,MANTOVA,CASALMORO,1919,1919,100.0,0,0,Invariato,2026-03,1919,1919,2026-07-31,020010,B901,c_b901
LOMBARDIA,MANTOVA,CASALOLDO,2529,2529,100.0,0,0,Invariato,2026-03,2529,2529,2026-07-31,020011,B907,c_b907
LOMBARDIA,MANTOVA,CASALROMANO,1216,1130,92.93,0,59,Aggiunti civici,2026-07,1130,1157,2026-07-31,020012,B911,c_b911
LOMBARDIA,MANTOVA,CASTEL D'ARIO,2756,2756,100.0,0,0,Invariato,2026-03,2756,2756,2026-07-31,020014,C076,c_c076
LOMBARDIA,MANTOVA,CASTEL GOFFREDO,7841,7841,100.0,0,0,Invariato,2026-03,7841,7841,2026-07-31,020015,C118,c_c118
LOMBARDIA,MANTOVA,CASTELBELFORTE,1358,1358,100.0,0,0,Invariato,2026-03,1358,1358,2026-07-31,020013,C059,c_c059
LOMBARDIA,MANTOVA,CASTELLUCCHIO,2618,2618,100.0,0,0,Invariato,2026-03,2618,2618,2026-07-31,020016,C195,c_c195
LOMBARDIA,MANTOVA,CASTIGLIONE DELLE STIVIERE,8678,8678,100.0,0,0,Invariato,2026-03,8678,8678,2026-07-31,020017,C312,c_c312
LOMBARDIA,MANTOVA,CAVRIANA,2381,2381,100.0,0,0,Invariato,2026-03,2381,2381,2026-07-31,020018,C406,c_c406
LOMBARDIA,MANTOVA,CERESARA,2092,1985,94.89,0,107,Aggiunti civici,2026-07,1985,1985,2026-07-31,020019,C502,c_c502
LOMBARDIA,MANTOVA,COMMESSAGGIO,979,64,6.54,0,0,Invariato,2026-03,64,979,2026-07-31,020020,C930,c_c930
LOMBARDIA,MANTOVA,CURTATONE,14273,14273,100.0,0,0,Invariato,2026-03,14273,14273,2026-07-31,020021,D227,c_d227
LOMBARDIA,MANTOVA,DOSOLO,2696,6,0.22,0,0,Invariato,2026-03,6,2696,2026-07-31,020022,D351,c_d351
LOMBARDIA,MANTOVA,GAZOLDO DEGLI IPPOLITI,1561,1561,100.0,0,0,Invariato,2026-03,1561,1561,2026-07-31,020024,D949,c_d949
LOMBARDIA,MANTOVA,GAZZUOLO,2053,2053,100.0,0,0,Invariato,2026-03,2053,2053,2026-07-31,020025,D959,c_d959
LOMBARDIA,MANTOVA,GOITO,6167,0,0.0,0,0,Invariato,2026-03,0,6167,2026-07-31,020026,E078,c_e078
LOMBARDIA,MANTOVA,GONZAGA,3814,3814,100.0,0,0,Invariato,2026-03,3814,3814,2026-07-31,020027,E089,c_e089
LOMBARDIA,MANTOVA,GUIDIZZOLO,4780,3936,82.34,0,0,Invariato,2026-07,3936,4780,2026-07-31,020028,E261,c_e261
LOMBARDIA,MANTOVA,MAGNACAVALLO,1033,0,0.0,0,0,Invariato,2026-07,0,1033,2026-07-31,020029,E818,c_e818
LOMBARDIA,MANTOVA,MANTOVA,17009,240,1.41,0,0,Invariato,2026-03,240,17009,2026-07-31,020030,E897,c_e897
LOMBARDIA,MANTOVA,MARCARIA,4311,21,0.49,0,0,Invariato,2026-03,21,4311,2026-07-31,020031,E922,c_e922
LOMBARDIA,MANTOVA,MARIANA MANTOVANA,665,616,92.63,0,0,Invariato,2026-07,616,665,2026-07-31,020032,E949,c_e949
LOMBARDIA,MANTOVA,MARMIROLO,3620,3620,100.0,0,0,Invariato,2026-03,3620,3620,2026-07-31,020033,E962,c_e962
LOMBARDIA,MANTOVA,MEDOLE,3766,937,24.88,0,0,Invariato,2026-07,937,3766,2026-07-31,020034,F086,c_f086
LOMBARDIA,MANTOVA,MOGLIA,3318,3318,100.0,0,0,Invariato,2026-03,3318,3318,2026-07-31,020035,F267,c_f267
LOMBARDIA,MANTOVA,MONZAMBANO,3640,3640,100.0,0,0,Invariato,2026-03,3640,3640,2026-07-31,020036,F705,c_f705
LOMBARDIA,MANTOVA,MOTTEGGIANA,1541,2,0.13,0,0,Invariato,2026-03,2,1541,2026-07-31,020037,B012,C_B012
LOMBARDIA,MANTOVA,OSTIGLIA,3856,0,0.0,0,0,Invariato,2026-03,0,3856,2026-07-31,020038,G186,c_g186
LOMBARDIA,MANTOVA,PEGOGNAGA,3353,3109,92.72,0,0,Invariato,2026-07,3109,3353,2026-07-31,020039,G417,c_g417
LOMBARDIA,MANTOVA,PIUBEGA,880,1,0.11,0,0,Invariato,2026-03,1,880,2026-07-31,020041,G717,c_g717
LOMBARDIA,MANTOVA,POGGIO RUSCO,2506,2506,100.0,0,0,Invariato,2026-03,2506,2506,2026-07-31,020042,G753,c_g753
LOMBARDIA,MANTOVA,POMPONESCO,1151,0,0.0,0,0,Invariato,2026-03,0,1151,2026-07-31,020043,G816,c_g816
LOMBARDIA,MANTOVA,PONTI SUL MINCIO,2007,665,33.13,665,0,Aggiunte coordinate,2026-07,0,2007,2026-07-31,020044,G862,c_g862
LOMBARDIA,MANTOVA,PORTO MANTOVANO,8763,0,0.0,0,0,Invariato,2026-03,0,8763,2026-07-31,020045,G917,c_g917
LOMBARDIA,MANTOVA,QUINGENTOLE,936,1,0.11,0,0,Invariato,2026-03,1,936,2026-07-31,020046,H129,c_h129
LOMBARDIA,MANTOVA,QUISTELLO,2240,2240,100.0,0,0,Invariato,2026-03,2240,2240,2026-07-31,020047,H143,c_h143
LOMBARDIA,MANTOVA,REDONDESCO,706,25,3.54,0,0,Invariato,2026-03,25,706,2026-07-31,020048,H218,c_h218
LOMBARDIA,MANTOVA,RIVAROLO MANTOVANO,2077,0,0.0,0,0,Invariato,2026-03,0,2077,2026-07-31,020050,H342,c_h342
LOMBARDIA,MANTOVA,RODIGO,2561,2561,100.0,0,0,Invariato,2026-03,2561,2561,2026-07-31,020051,H481,c_h481
LOMBARDIA,MANTOVA,RONCOFERRARO,4451,4451,100.0,0,0,Invariato,2026-03,4451,4451,2026-07-31,020052,H541,c_h541
LOMBARDIA,MANTOVA,ROVERBELLA,4997,4997,100.0,0,0,Invariato,2026-03,4997,4997,2026-07-31,020053,H604,c_h604
LOMBARDIA,MANTOVA,SABBIONETA,3913,3338,85.31,0,0,Invariato,2026-07,3338,3913,2026-07-31,020054,H652,c_h652
LOMBARDIA,MANTOVA,SAN BENEDETTO PO,3959,0,0.0,0,0,Invariato,2026-03,0,3959,2026-07-31,020055,H771,c_h771
LOMBARDIA,MANTOVA,SAN GIACOMO DELLE SEGNATE,1477,1477,100.0,0,0,Invariato,2026-03,1477,1477,2026-07-31,020056,H870,c_h870
LOMBARDIA,MANTOVA,SAN GIORGIO BIGARELLO,4912,4912,100.0,0,0,Invariato,2026-07,4912,4912,2026-07-31,020057,H883,c_h883
LOMBARDIA,MANTOVA,SAN GIOVANNI DEL DOSSO,1183,1183,100.0,0,0,Invariato,2026-03,1183,1183,2026-07-31,020058,H912,c_h912
LOMBARDIA,MANTOVA,SAN MARTINO DALL'ARGINE,1271,1262,99.29,0,0,Invariato,2026-03,1262,1271,2026-07-31,020059,I005,sma_mn
LOMBARDIA,MANTOVA,SCHIVENOGLIA,852,661,77.58,661,0,Aggiunte coordinate,2026-07,0,852,2026-07-31,020060,I532,c_i532
LOMBARDIA,MANTOVA,SERMIDE E FELONICA,5042,0,0.0,0,0,Invariato,2026-03,0,5042,2026-07-31,020061,I632,c_i632
LOMBARDIA,MANTOVA,SERRAVALLE A PO,761,0,0.0,0,0,Invariato,2026-03,0,761,2026-07-31,020062,I662,c_i662
LOMBARDIA,MANTOVA,SOLFERINO,2088,0,0.0,0,0,Invariato,2026-03,0,2088,2026-07-31,020063,I801,c_i801
LOMBARDIA,MANTOVA,SUSTINENTE,1453,1453,100.0,1453,0,Aggiunte coordinate,2026-07,0,1453,2026-07-31,020064,L015,c_l015
LOMBARDIA,MANTOVA,SUZZARA,8491,8491,100.0,0,0,Invariato,2026-03,8491,8491,2026-07-31,020065,L020,c_l020
LOMBARDIA,MANTOVA,VIADANA,9496,9496,100.0,0,0,Invariato,2026-03,9496,9496,2026-07-31,020066,L826,c_l826
LOMBARDIA,MANTOVA,VILLIMPENTA,1840,1725,93.75,0,0,Invariato,2026-07,1725,1840,2026-07-31,020068,M044,c_m044
LOMBARDIA,MANTOVA,VOLTA MANTOVANA,6135,6135,100.0,0,0,Invariato,2026-03,6135,6135,2026-07-31,020070,M125,c_m125
LOMBARDIA,MILANO,ABBIATEGRASSO,6980,6980,100.0,0,0,Invariato,2026-03,6980,6980,2026-07-31,015002,A010,c_a010
LOMBARDIA,MILANO,ALBAIRATE,2024,1741,86.02,1741,0,Aggiunte coordinate,2026-07,0,2024,2026-07-31,015005,A127,C_A127
LOMBARDIA,MILANO,ARCONATE,2654,0,0.0,0,0,Invariato,2026-03,0,2654,2026-07-31,015007,A375,c_a375
LOMBARDIA,MILANO,ARESE,2333,0,0.0,0,0,Invariato,2026-03,0,2333,2026-07-31,015009,A389,c_a389
LOMBARDIA,MILANO,ARLUNO,3615,3615,100.0,0,0,Invariato,2026-03,3615,3615,2026-07-31,015010,A413,c_a413
LOMBARDIA,MILANO,ASSAGO,1403,1403,100.0,0,0,Invariato,2026-03,1403,1403,2026-07-31,015011,A473,c_a473
LOMBARDIA,MILANO,BARANZATE,893,893,100.0,0,0,Invariato,2026-03,893,893,2026-07-31,015250,A618,c_a618
LOMBARDIA,MILANO,BAREGGIO,4976,5,0.1,0,0,Invariato,2026-03,5,4976,2026-07-31,015012,A652,c_a652
LOMBARDIA,MILANO,BASIANO,588,1,0.17,0,0,Invariato,2026-03,1,588,2026-07-31,015014,A697,c_a697
LOMBARDIA,MILANO,BASIGLIO,5041,5041,100.0,1,0,Aggiunte coordinate,2026-07,5040,5041,2026-07-31,015015,A699,c_a699
LOMBARDIA,MILANO,BELLINZAGO LOMBARDO,966,966,100.0,0,0,Invariato,2026-03,966,966,2026-07-31,015016,A751,c_a751
LOMBARDIA,MILANO,BERNATE TICINO,903,0,0.0,0,0,Invariato,2026-03,0,903,2026-07-31,015019,A804,c_a804
LOMBARDIA,MILANO,BESATE,963,0,0.0,0,0,Invariato,2026-03,0,963,2026-07-31,015022,A820,c_a820
LOMBARDIA,MILANO,BINASCO,1592,1592,100.0,0,0,Invariato,2026-03,1592,1592,2026-07-31,015024,A872,C_A872
LOMBARDIA,MILANO,BOFFALORA SOPRA TICINO,1334,0,0.0,0,0,Invariato,2026-03,0,1334,2026-07-31,015026,A920,c_a920
LOMBARDIA,MILANO,BOLLATE,8733,26,0.3,0,0,Invariato,2026-03,26,8733,2026-07-31,015027,A940,c_a940
LOMBARDIA,MILANO,BRESSO,3000,3000,100.0,0,0,Invariato,2026-03,3000,3000,2026-07-31,015032,B162,c_b162
LOMBARDIA,MILANO,BUBBIANO,565,565,100.0,0,0,Invariato,2026-03,565,565,2026-07-31,015035,B235,c_b235
LOMBARDIA,MILANO,BUCCINASCO,3284,0,0.0,0,0,Invariato,2026-03,0,3284,2026-07-31,015036,B240,c_b240
LOMBARDIA,MILANO,BUSCATE,2362,0,0.0,0,0,Invariato,2026-03,0,2362,2026-07-31,015038,B286,c_b286
LOMBARDIA,MILANO,BUSSERO,1269,1269,100.0,0,0,Invariato,2026-03,1269,1269,2026-07-31,015040,B292,c_b292
LOMBARDIA,MILANO,BUSTO GAROLFO,5584,0,0.0,0,0,Invariato,2026-03,0,5584,2026-07-31,015041,B301,c_b301
LOMBARDIA,MILANO,CALVIGNASCO,427,2,0.47,0,0,Invariato,2026-03,2,427,2026-07-31,015042,B448,c_b448
LOMBARDIA,MILANO,CAMBIAGO,2420,2330,96.28,2330,0,Aggiunte coordinate,2026-07,0,2420,2026-07-31,015044,B461,c_b461
LOMBARDIA,MILANO,CANEGRATE,3097,3097,100.0,0,0,Invariato,2026-03,3097,3097,2026-07-31,015046,B593,c_b593
LOMBARDIA,MILANO,CARPIANO,867,797,91.93,0,52,Aggiunti civici,2026-07,797,815,2026-07-31,015050,B820,c_b820
LOMBARDIA,MILANO,CARUGATE,2082,0,0.0,0,0,Invariato,2026-03,0,2082,2026-07-31,015051,B850,c_b850
LOMBARDIA,MILANO,CASARILE,880,0,0.0,0,0,Invariato,2026-03,0,880,2026-07-31,015055,B938,c_b938
LOMBARDIA,MILANO,CASOREZZO,2430,99,4.07,0,0,Invariato,2026-03,99,2430,2026-07-31,015058,B989,c_b989
LOMBARDIA,MILANO,CASSANO D'ADDA,5296,5296,100.0,0,0,Invariato,2026-03,5296,5296,2026-07-31,015059,C003,c_c003
LOMBARDIA,MILANO,CASSINA DE' PECCHI,2159,2159,100.0,0,0,Invariato,2026-03,2159,2159,2026-07-31,015060,C014,c_c014
LOMBARDIA,MILANO,CASSINETTA DI LUGAGNANO,981,0,0.0,0,0,Invariato,2026-03,0,981,2026-07-31,015061,C033,c_c033
LOMBARDIA,MILANO,CASTANO PRIMO,4285,4285,100.0,0,0,Invariato,2026-03,4285,4285,2026-07-31,015062,C052,c_c052
LOMBARDIA,MILANO,CERNUSCO SUL NAVIGLIO,5812,5812,100.0,0,0,Invariato,2026-03,5812,5812,2026-07-31,015070,C523,c_c523
LOMBARDIA,MILANO,CERRO AL LAMBRO,1579,1564,99.05,0,15,Aggiunti civici,2026-07,1564,1564,2026-07-31,015071,C536,c_c536
LOMBARDIA,MILANO,CERRO MAGGIORE,5611,0,0.0,0,81,Aggiunti civici,2026-07,0,5530,2026-07-31,015072,C537,c_c537
LOMBARDIA,MILANO,CESANO BOSCONE,3070,0,0.0,0,120,Aggiunti civici,2026-07,0,2950,2026-07-31,015074,C565,c_c565
LOMBARDIA,MILANO,CESATE,2334,4,0.17,0,0,Invariato,2026-03,4,2334,2026-07-31,015076,C569,c_c569
LOMBARDIA,MILANO,CINISELLO BALSAMO,13638,13638,100.0,0,0,Invariato,2026-03,13638,13638,2026-07-31,015077,C707,c_c707
LOMBARDIA,MILANO,CISLIANO,1445,1445,100.0,0,0,Invariato,2026-07,1445,1445,2026-07-31,015078,C733,c_c733
LOMBARDIA,MILANO,COLOGNO MONZESE,7638,7638,100.0,0,0,Invariato,2026-03,7638,7638,2026-07-31,015081,C895,c_c895
LOMBARDIA,MILANO,COLTURANO,475,468,98.53,0,0,Invariato,2026-07,468,475,2026-07-31,015082,C908,c_c908
LOMBARDIA,MILANO,CORBETTA,7098,7098,100.0,0,0,Invariato,2026-03,7098,7098,2026-07-31,015085,C986,c_c986
LOMBARDIA,MILANO,CORMANO,3073,3073,100.0,0,0,Invariato,2026-03,3073,3073,2026-07-31,015086,D013,c_d013
LOMBARDIA,MILANO,CORNAREDO,5852,5852,100.0,0,0,Invariato,2026-03,5852,5852,2026-07-31,015087,D018,c_d018
LOMBARDIA,MILANO,CORSICO,3724,0,0.0,0,0,Invariato,2026-03,0,3724,2026-07-31,015093,D045,c_d045
LOMBARDIA,MILANO,CUGGIONO,4373,4373,100.0,0,0,Invariato,2026-03,4373,4373,2026-07-31,015096,D198,c_d198
LOMBARDIA,MILANO,CUSAGO,1520,0,0.0,0,0,Invariato,2026-07,0,1520,2026-07-31,015097,D229,c_d229
LOMBARDIA,MILANO,CUSANO MILANINO,2355,2355,100.0,0,0,Invariato,2026-03,2355,2355,2026-07-31,015098,D231,c_d231
LOMBARDIA,MILANO,DAIRAGO,1705,0,0.0,0,65,Aggiunti civici,2026-07,0,1640,2026-07-31,015099,D244,c_d244
LOMBARDIA,MILANO,DRESANO,793,793,100.0,0,0,Invariato,2026-03,793,793,2026-07-31,015101,D367,c_d367
LOMBARDIA,MILANO,GAGGIANO,2510,2510,100.0,0,0,Invariato,2026-03,2510,2510,2026-07-31,015103,D845,c_d845
LOMBARDIA,MILANO,GARBAGNATE MILANESE,5949,5949,100.0,0,0,Invariato,2026-03,5949,5949,2026-07-31,015105,D912,c_d912
LOMBARDIA,MILANO,GESSATE,1703,1703,100.0,0,0,Invariato,2026-03,1703,1703,2026-07-31,015106,D995,c_d995
LOMBARDIA,MILANO,GORGONZOLA,3970,3970,100.0,0,0,Invariato,2026-03,3970,3970,2026-07-31,015108,E094,c_e094
LOMBARDIA,MILANO,GREZZAGO,704,271,38.49,271,0,Aggiunte coordinate,2026-07,0,704,2026-07-31,015110,E170,c_e170
LOMBARDIA,MILANO,GUDO VISCONTI,825,825,100.0,825,0,Aggiunte coordinate,2026-07,0,825,2026-07-31,015112,E258,c_e258
LOMBARDIA,MILANO,INVERUNO,2868,0,0.0,0,0,Invariato,2026-03,0,2868,2026-07-31,015113,E313,c_e313
LOMBARDIA,MILANO,INZAGO,2964,2964,100.0,0,0,Invariato,2026-03,2964,2964,2026-07-31,015114,E317,c_e317
LOMBARDIA,MILANO,LACCHIARELLA,3461,3461,100.0,0,0,Invariato,2026-03,3461,3461,2026-07-31,015115,E395,c_e395
LOMBARDIA,MILANO,LAINATE,8991,0,0.0,0,34,Aggiunti civici,2026-07,0,8957,2026-07-31,015116,E415,c_e415
LOMBARDIA,MILANO,LEGNANO,14490,14490,100.0,0,0,Invariato,2026-03,14490,14490,2026-07-31,015118,E514,c_e514
LOMBARDIA,MILANO,LISCATE,774,774,100.0,0,0,Invariato,2026-03,774,774,2026-07-31,015122,E610,c_e610
LOMBARDIA,MILANO,LOCATE DI TRIULZI,1821,1821,100.0,0,0,Invariato,2026-03,1821,1821,2026-07-31,015125,E639,c_e639
LOMBARDIA,MILANO,MAGENTA,7981,7,0.09,0,0,Invariato,2026-03,7,7981,2026-07-31,015130,E801,c_e801
LOMBARDIA,MILANO,MAGNAGO,3417,0,0.0,0,0,Invariato,2026-03,0,3417,2026-07-31,015131,E819,c_e819
LOMBARDIA,MILANO,MARCALLO CON CASONE,3172,0,0.0,0,0,Invariato,2026-03,0,3172,2026-07-31,015134,E921,c_e921
LOMBARDIA,MILANO,MASATE,744,744,100.0,744,0,Aggiunte coordinate,2026-07,0,744,2026-07-31,015136,F003,c_f003
LOMBARDIA,MILANO,MEDIGLIA,2322,2322,100.0,0,0,Invariato,2026-03,2322,2322,2026-07-31,015139,F084,c_f084
LOMBARDIA,MILANO,MELEGNANO,4726,4726,100.0,0,0,Invariato,2026-03,4726,4726,2026-07-31,015140,F100,c_f100
LOMBARDIA,MILANO,MELZO,3962,3962,100.0,0,0,Invariato,2026-03,3962,3962,2026-07-31,015142,F119,c_f119
LOMBARDIA,MILANO,MESERO,1342,1342,100.0,0,0,Invariato,2026-03,1342,1342,2026-07-31,015144,F155,c_f155
LOMBARDIA,MILANO,MILANO,66038,66038,100.0,2,0,Aggiunte coordinate,2026-07,66036,66038,2026-07-31,015146,F205,c_f205
LOMBARDIA,MILANO,MORIMONDO,756,0,0.0,0,0,Invariato,2026-07,0,756,2026-07-31,015150,D033,c_d033
LOMBARDIA,MILANO,MOTTA VISCONTI,4462,4462,100.0,0,0,Invariato,2026-03,4462,4462,2026-07-31,015151,F783,c_f783
LOMBARDIA,MILANO,NERVIANO,4687,0,0.0,0,0,Invariato,2026-03,0,4687,2026-07-31,015154,F874,c_f874
LOMBARDIA,MILANO,NOSATE,490,297,60.61,0,0,Invariato,2026-07,297,490,2026-07-31,015155,F939,c_f939
LOMBARDIA,MILANO,NOVATE MILANESE,4270,0,0.0,0,0,Invariato,2026-03,0,4270,2026-07-31,015157,F955,c_f955
LOMBARDIA,MILANO,NOVIGLIO,1122,3,0.27,0,0,Invariato,2026-03,3,1122,2026-07-31,015158,F968,c_f968
LOMBARDIA,MILANO,OPERA,2395,0,0.0,0,0,Invariato,2026-03,0,2395,2026-07-31,015159,G078,c_g078
LOMBARDIA,MILANO,OSSONA,2004,0,0.0,0,0,Invariato,2026-03,0,2004,2026-07-31,015164,G181,c_g181
LOMBARDIA,MILANO,OZZERO,726,0,0.0,0,25,Aggiunti civici,2026-07,0,701,2026-07-31,015165,G206,c_g206
LOMBARDIA,MILANO,PADERNO DUGNANO,11847,57,0.48,0,0,Invariato,2026-03,57,11847,2026-07-31,015166,G220,c_g220
LOMBARDIA,MILANO,PANTIGLIATE,1364,1364,100.0,0,0,Invariato,2026-03,1364,1364,2026-07-31,015167,G316,c_g316
LOMBARDIA,MILANO,PARABIAGO,10702,0,0.0,0,0,Invariato,2026-03,0,10702,2026-07-31,015168,G324,c_g324
LOMBARDIA,MILANO,PAULLO,3033,3033,100.0,0,0,Invariato,2026-03,3033,3033,2026-07-31,015169,G385,c_g385
LOMBARDIA,MILANO,PERO,2018,2018,100.0,0,0,Invariato,2026-03,2018,2018,2026-07-31,015170,C013,c_c013
LOMBARDIA,MILANO,PESCHIERA BORROMEO,2417,2417,100.0,0,0,Invariato,2026-03,2417,2417,2026-07-31,015171,G488,c_g488
LOMBARDIA,MILANO,PESSANO CON BORNAGO,1937,1937,100.0,0,0,Invariato,2026-03,1937,1937,2026-07-31,015172,G502,pes_mi
LOMBARDIA,MILANO,PIEVE EMANUELE,2267,0,0.0,0,0,Invariato,2026-03,0,2267,2026-07-31,015173,G634,c_g634
LOMBARDIA,MILANO,PIOLTELLO,2908,2908,100.0,0,0,Invariato,2026-03,2908,2908,2026-07-31,015175,G686,c_g686
LOMBARDIA,MILANO,POGLIANO MILANESE,2174,2174,100.0,0,0,Invariato,2026-07,2174,2174,2026-07-31,015176,G772,c_g772
LOMBARDIA,MILANO,POZZO D'ADDA,1549,1549,100.0,0,0,Invariato,2026-03,1549,1549,2026-07-31,015177,G955,c_g955
LOMBARDIA,MILANO,POZZUOLO MARTESANA,2196,2196,100.0,0,0,Invariato,2026-03,2196,2196,2026-07-31,015178,G965,c_g965
LOMBARDIA,MILANO,PREGNANA MILANESE,2444,2444,100.0,0,0,Invariato,2026-07,2444,2444,2026-07-31,015179,H026,c_h026
LOMBARDIA,MILANO,RESCALDINA,5964,2154,36.12,0,0,Invariato,2026-07,2154,5964,2026-07-31,015181,H240,c_h240
LOMBARDIA,MILANO,RHO,7161,7161,100.0,0,0,Invariato,2026-03,7161,7161,2026-07-31,015182,H264,c_h264
LOMBARDIA,MILANO,ROBECCHETTO CON INDUNO,2728,0,0.0,0,0,Invariato,2026-03,0,2728,2026-07-31,015183,H371,c_h371
LOMBARDIA,MILANO,ROBECCO SUL NAVIGLIO,2122,0,0.0,0,0,Invariato,2026-03,0,2122,2026-07-31,015184,H373,c_h373
LOMBARDIA,MILANO,RODANO,1434,0,0.0,0,0,Invariato,2026-03,0,1434,2026-07-31,015185,H470,c_h470
LOMBARDIA,MILANO,ROSATE,2211,0,0.0,0,0,Invariato,2026-03,0,2211,2026-07-31,015188,H560,c_h560
LOMBARDIA,MILANO,ROZZANO,5179,5179,100.0,0,0,Invariato,2026-03,5179,5179,2026-07-31,015189,H623,c_h623
LOMBARDIA,MILANO,SAN COLOMBANO AL LAMBRO,4428,2550,57.59,2550,0,Aggiunte coordinate,2026-07,0,4428,2026-07-31,015191,H803,c_h803
LOMBARDIA,MILANO,SAN DONATO MILANESE,2979,1781,59.79,0,0,Invariato,2026-03,1781,2979,2026-07-31,015192,H827,c_h827
LOMBARDIA,MILANO,SAN GIORGIO SU LEGNANO,1813,1735,95.7,0,0,Invariato,2026-07,1735,1813,2026-07-31,015194,H884,c_h884
LOMBARDIA,MILANO,SAN GIULIANO MILANESE,9966,9966,100.0,0,0,Invariato,2026-03,9966,9966,2026-07-31,015195,H930,c_h930
LOMBARDIA,MILANO,SAN VITTORE OLONA,2735,2735,100.0,0,0,Invariato,2026-07,2735,2735,2026-07-31,015201,I409,c_i409
LOMBARDIA,MILANO,SAN ZENONE AL LAMBRO,885,885,100.0,0,0,Invariato,2026-03,885,885,2026-07-31,015202,I415,c_i415
LOMBARDIA,MILANO,SANTO STEFANO TICINO,2188,2188,100.0,0,0,Invariato,2026-03,2188,2188,2026-07-31,015200,I361,c_i361
LOMBARDIA,MILANO,SEDRIANO,2427,0,0.0,0,0,Invariato,2026-03,0,2427,2026-07-31,015204,I566,c_i566
LOMBARDIA,MILANO,SEGRATE,3742,3742,100.0,0,0,Invariato,2026-03,3742,3742,2026-07-31,015205,I577,c_i577
LOMBARDIA,MILANO,SENAGO,5619,0,0.0,0,0,Invariato,2026-03,0,5619,2026-07-31,015206,I602,c_i602
LOMBARDIA,MILANO,SESTO SAN GIOVANNI,12487,12487,100.0,0,0,Invariato,2026-03,12487,12487,2026-07-31,015209,I690,c_i690
LOMBARDIA,MILANO,SETTALA,1289,0,0.0,0,0,Invariato,2026-03,0,1289,2026-07-31,015210,I696,c_i696
LOMBARDIA,MILANO,SETTIMO MILANESE,3494,3494,100.0,0,0,Invariato,2026-03,3494,3494,2026-07-31,015211,I700,c_i700
LOMBARDIA,MILANO,SOLARO,2586,0,0.0,0,0,Invariato,2026-03,0,2586,2026-07-31,015213,I786,c_i786
LOMBARDIA,MILANO,TREZZANO ROSA,1170,50,4.27,0,0,Invariato,2026-03,50,1170,2026-07-31,015219,L408,c_l408
LOMBARDIA,MILANO,TREZZANO SUL NAVIGLIO,2892,2341,80.95,0,0,Invariato,2026-03,2341,2892,2026-07-31,015220,L409,c_l409
LOMBARDIA,MILANO,TREZZO SULL'ADDA,3174,3174,100.0,0,0,Invariato,2026-03,3174,3174,2026-07-31,015221,L411,c_l411
LOMBARDIA,MILANO,TRIBIANO,550,0,0.0,0,0,Invariato,2026-03,0,550,2026-07-31,015222,L415,c_l415
LOMBARDIA,MILANO,TRUCCAZZANO,1620,0,0.0,0,0,Invariato,2026-03,0,1620,2026-07-31,015224,L454,c_l454
LOMBARDIA,MILANO,TURBIGO,4280,0,0.0,0,50,Aggiunti civici,2026-07,0,4230,2026-07-31,015226,L471,c_l471
LOMBARDIA,MILANO,VANZAGHELLO,2034,0,0.0,0,0,Invariato,2026-03,0,2034,2026-07-31,015249,L664,c_l664
LOMBARDIA,MILANO,VANZAGO,2840,0,0.0,0,0,Invariato,2026-03,0,2840,2026-07-31,015229,L665,c_l665
LOMBARDIA,MILANO,VAPRIO D'ADDA,1690,1690,100.0,0,0,Invariato,2026-03,1690,1690,2026-07-31,015230,L667,c_l667
LOMBARDIA,MILANO,VERMEZZO CON ZELO,1648,1648,100.0,0,0,Invariato,2026-03,1648,1648,2026-07-31,015251,M424,c_M424
LOMBARDIA,MILANO,VERNATE,1146,0,0.0,0,0,Invariato,2026-03,0,1146,2026-07-31,015236,L773,c_l773
LOMBARDIA,MILANO,VIGNATE,1447,1447,100.0,0,0,Invariato,2026-03,1447,1447,2026-07-31,015237,L883,c_l883
LOMBARDIA,MILANO,VILLA CORTESE,2347,0,0.0,0,0,Invariato,2026-03,0,2347,2026-07-31,015248,L928,c_l928
LOMBARDIA,MILANO,VIMODRONE,3092,3092,100.0,0,0,Invariato,2026-03,3092,3092,2026-07-31,015242,M053,c_m053
LOMBARDIA,MILANO,VITTUONE,1731,0,0.0,0,0,Invariato,2026-03,0,1731,2026-07-31,015243,M091,c_m091
LOMBARDIA,MILANO,VIZZOLO PREDABISSI,786,0,0.0,0,0,Invariato,2026-03,0,786,2026-07-31,015244,M102,c_m102
LOMBARDIA,MILANO,ZIBIDO SAN GIACOMO,1892,1892,100.0,0,0,Invariato,2026-03,1892,1892,2026-07-31,015247,M176,c_m176
LOMBARDIA,MONZA E DELLA BRIANZA,AGRATE BRIANZA,2954,0,0.0,0,0,Invariato,2026-03,0,2954,2026-07-31,108001,A087,c_a087
LOMBARDIA,MONZA E DELLA BRIANZA,AICURZIO,433,433,100.0,0,0,Invariato,2026-03,433,433,2026-07-31,108002,A096,c_a096
LOMBARDIA,MONZA E DELLA BRIANZA,ALBIATE,1473,1472,99.93,0,0,Invariato,2026-03,1472,1473,2026-07-31,108003,A159,c_a159
LOMBARDIA,MONZA E DELLA BRIANZA,ARCORE,4766,0,0.0,0,0,Invariato,2026-03,0,4766,2026-07-31,108004,A376,c_a376
LOMBARDIA,MONZA E DELLA BRIANZA,BARLASSINA,2284,2284,100.0,0,0,Invariato,2026-03,2284,2284,2026-07-31,108005,A668,c_a668
LOMBARDIA,MONZA E DELLA BRIANZA,BELLUSCO,2368,2368,100.0,0,0,Invariato,2026-03,2368,2368,2026-07-31,108006,A759,c_a759
LOMBARDIA,MONZA E DELLA BRIANZA,BERNAREGGIO,2441,2441,100.0,0,0,Invariato,2026-03,2441,2441,2026-07-31,108007,A802,c_a802
LOMBARDIA,MONZA E DELLA BRIANZA,BESANA IN BRIANZA,3510,3510,100.0,0,0,Invariato,2026-03,3510,3510,2026-07-31,108008,A818,c_a818
LOMBARDIA,MONZA E DELLA BRIANZA,BIASSONO,2820,2820,100.0,0,0,Invariato,2026-03,2820,2820,2026-07-31,108009,A849,c_a849
LOMBARDIA,MONZA E DELLA BRIANZA,BOVISIO-MASCIAGO,3973,0,0.0,0,0,Invariato,2026-03,0,3973,2026-07-31,108010,B105,c_b105
LOMBARDIA,MONZA E DELLA BRIANZA,BRIOSCO,1969,0,0.0,0,0,Invariato,2026-03,0,1969,2026-07-31,108011,B187,c_b187
LOMBARDIA,MONZA E DELLA BRIANZA,BRUGHERIO,7716,7716,100.0,0,0,Invariato,2026-03,7716,7716,2026-07-31,108012,B212,c_b212
LOMBARDIA,MONZA E DELLA BRIANZA,BURAGO DI MOLGORA,1152,1152,100.0,0,0,Invariato,2026-03,1152,1152,2026-07-31,108013,B272,c_b272
LOMBARDIA,MONZA E DELLA BRIANZA,BUSNAGO,1389,0,0.0,0,0,Invariato,2026-03,0,1389,2026-07-31,108051,B289,c_b289
LOMBARDIA,MONZA E DELLA BRIANZA,CAMPARADA,724,0,0.0,0,92,Aggiunti civici,2026-07,0,632,2026-07-31,108014,B501,c_b501
LOMBARDIA,MONZA E DELLA BRIANZA,CAPONAGO,1074,1074,100.0,0,0,Invariato,2026-03,1074,1074,2026-07-31,108052,B671,c_b671
LOMBARDIA,MONZA E DELLA BRIANZA,CARATE BRIANZA,5339,0,0.0,0,0,Invariato,2026-03,0,5339,2026-07-31,108015,B729,c_b729
LOMBARDIA,MONZA E DELLA BRIANZA,CARNATE,1449,1449,100.0,0,0,Invariato,2026-03,1449,1449,2026-07-31,108016,B798,c_b798
LOMBARDIA,MONZA E DELLA BRIANZA,CAVENAGO DI BRIANZA,1201,1201,100.0,0,0,Invariato,2026-03,1201,1201,2026-07-31,108017,C395,c_c395
LOMBARDIA,MONZA E DELLA BRIANZA,CERIANO LAGHETTO,1639,1639,100.0,0,0,Invariato,2026-03,1639,1639,2026-07-31,108018,C512,c_c512
LOMBARDIA,MONZA E DELLA BRIANZA,CESANO MADERNO,8508,8508,100.0,0,0,Invariato,2026-03,8508,8508,2026-07-31,108019,C566,c_c566
LOMBARDIA,MONZA E DELLA BRIANZA,COGLIATE,2003,2003,100.0,0,0,Invariato,2026-03,2003,2003,2026-07-31,108020,C820,C_C820
LOMBARDIA,MONZA E DELLA BRIANZA,CONCOREZZO,2950,2950,100.0,0,0,Invariato,2026-03,2950,2950,2026-07-31,108021,C952,c_c952
LOMBARDIA,MONZA E DELLA BRIANZA,CORNATE D'ADDA,2897,0,0.0,0,0,Invariato,2026-03,0,2897,2026-07-31,108053,D019,c_d019
LOMBARDIA,MONZA E DELLA BRIANZA,CORREZZANA,694,0,0.0,0,0,Invariato,2026-03,0,694,2026-07-31,108022,D038,c_d038
LOMBARDIA,MONZA E DELLA BRIANZA,DESIO,10310,10229,99.21,0,81,Aggiunti civici,2026-07,10229,10229,2026-07-31,108023,D286,c_d286
LOMBARDIA,MONZA E DELLA BRIANZA,GIUSSANO,10231,10231,100.0,0,0,Invariato,2026-03,10231,10231,2026-07-31,108024,E063,c_e063
LOMBARDIA,MONZA E DELLA BRIANZA,LAZZATE,2969,0,0.0,0,0,Invariato,2026-03,0,2969,2026-07-31,108025,E504,c_e504
LOMBARDIA,MONZA E DELLA BRIANZA,LENTATE SUL SEVESO,3445,415,12.05,0,0,Invariato,2026-07,415,3445,2026-07-31,108054,E530,c_e530
LOMBARDIA,MONZA E DELLA BRIANZA,LESMO,1876,0,0.0,0,0,Invariato,2026-03,0,1876,2026-07-31,108026,E550,c_e550
LOMBARDIA,MONZA E DELLA BRIANZA,LIMBIATE,8484,8484,100.0,0,0,Invariato,2026-03,8484,8484,2026-07-31,108027,E591,c_e591
LOMBARDIA,MONZA E DELLA BRIANZA,LISSONE,13774,13771,99.98,0,0,Invariato,2026-03,13771,13774,2026-07-31,108028,E617,c_e617
LOMBARDIA,MONZA E DELLA BRIANZA,MACHERIO,1897,1897,100.0,0,0,Invariato,2026-03,1897,1897,2026-07-31,108029,E786,c_e786
LOMBARDIA,MONZA E DELLA BRIANZA,MEDA,7902,0,0.0,0,0,Invariato,2026-03,0,7902,2026-07-31,108030,F078,c_f078
LOMBARDIA,MONZA E DELLA BRIANZA,MEZZAGO,990,990,100.0,0,0,Invariato,2026-03,990,990,2026-07-31,108031,F165,c_f165
LOMBARDIA,MONZA E DELLA BRIANZA,MISINTO,1529,0,0.0,0,0,Invariato,2026-03,0,1529,2026-07-31,108032,F247,c_f247
LOMBARDIA,MONZA E DELLA BRIANZA,MONZA,11559,11559,100.0,0,0,Invariato,2026-03,11559,11559,2026-07-31,108033,F704,c_f704
LOMBARDIA,MONZA E DELLA BRIANZA,MUGGIO',5953,0,0.0,0,0,Invariato,2026-03,0,5953,2026-07-31,108034,F797,c_f797
LOMBARDIA,MONZA E DELLA BRIANZA,NOVA MILANESE,5977,0,0.0,0,74,Aggiunti civici,2026-07,0,5903,2026-07-31,108035,F944,c_f944
LOMBARDIA,MONZA E DELLA BRIANZA,ORNAGO,1142,1142,100.0,0,0,Invariato,2026-03,1142,1142,2026-07-31,108036,G116,c_g116
LOMBARDIA,MONZA E DELLA BRIANZA,RENATE,961,0,0.0,0,0,Invariato,2026-03,0,961,2026-07-31,108037,H233,c_h233
LOMBARDIA,MONZA E DELLA BRIANZA,RONCELLO,810,810,100.0,810,0,Aggiunte coordinate,2026-07,0,810,2026-07-31,108055,H529,c_h529
LOMBARDIA,MONZA E DELLA BRIANZA,RONCO BRIANTINO,702,0,0.0,0,0,Invariato,2026-03,0,702,2026-07-31,108038,H537,c_h537
LOMBARDIA,MONZA E DELLA BRIANZA,SEREGNO,14236,0,0.0,0,0,Invariato,2026-03,0,14236,2026-07-31,108039,I625,c_i625
LOMBARDIA,MONZA E DELLA BRIANZA,SEVESO,8886,3242,36.48,0,0,Invariato,2026-07,3242,8886,2026-07-31,108040,I709,c_i709
LOMBARDIA,MONZA E DELLA BRIANZA,SOVICO,2905,2905,100.0,0,0,Invariato,2026-03,2905,2905,2026-07-31,108041,I878,c_i878
LOMBARDIA,MONZA E DELLA BRIANZA,SULBIATE,990,990,100.0,0,0,Invariato,2026-03,990,990,2026-07-31,108042,I998,C_I998
LOMBARDIA,MONZA E DELLA BRIANZA,TRIUGGIO,2569,2569,100.0,0,0,Invariato,2026-03,2569,2569,2026-07-31,108043,L434,c_l434
LOMBARDIA,MONZA E DELLA BRIANZA,USMATE VELATE,3515,0,0.0,0,0,Invariato,2026-03,0,3515,2026-07-31,108044,L511,c_l511
LOMBARDIA,MONZA E DELLA BRIANZA,VAREDO,4667,6,0.13,0,0,Invariato,2026-03,6,4667,2026-07-31,108045,L677,c_l677
LOMBARDIA,MONZA E DELLA BRIANZA,VEDANO AL LAMBRO,1083,1083,100.0,0,0,Invariato,2026-03,1083,1083,2026-07-31,108046,L704,c_l704
LOMBARDIA,MONZA E DELLA BRIANZA,VEDUGGIO CON COLZANO,1396,1396,100.0,0,0,Invariato,2026-03,1396,1396,2026-07-31,108047,L709,c_l709
LOMBARDIA,MONZA E DELLA BRIANZA,VERANO BRIANZA,2715,2715,100.0,0,0,Invariato,2026-03,2715,2715,2026-07-31,108048,L744,c_l744
LOMBARDIA,MONZA E DELLA BRIANZA,VILLASANTA,3424,0,0.0,0,0,Invariato,2026-03,0,3424,2026-07-31,108049,M017,c_m017
LOMBARDIA,MONZA E DELLA BRIANZA,VIMERCATE,8786,6861,78.09,0,0,Invariato,2026-03,6861,8786,2026-07-31,108050,M052,c_m052
LOMBARDIA,PAVIA,ALAGNA,954,0,0.0,0,0,Invariato,2026-03,0,954,2026-07-31,018001,A118,c_a118
LOMBARDIA,PAVIA,ALBONESE,551,551,100.0,0,0,Invariato,2026-03,551,551,2026-07-31,018003,A171,c_a171
LOMBARDIA,PAVIA,ALBUZZANO,2787,0,0.0,0,0,Invariato,2026-03,0,2787,2026-07-31,018004,A175,c_a175
LOMBARDIA,PAVIA,ARENA PO,1493,1493,100.0,0,0,Invariato,2026-03,1493,1493,2026-07-31,018005,A387,c_a387
LOMBARDIA,PAVIA,BADIA PAVESE,391,0,0.0,0,89,Aggiunti civici,2026-07,0,302,2026-07-31,018006,A538,c_a538
LOMBARDIA,PAVIA,BAGNARIA,671,671,100.0,0,0,Invariato,2026-03,671,671,2026-07-31,018007,A550,c_a550
LOMBARDIA,PAVIA,BARBIANELLO,873,0,0.0,0,0,Invariato,2026-03,0,873,2026-07-31,018008,A634,c_a634
LOMBARDIA,PAVIA,BASCAPE',743,0,0.0,0,0,Invariato,2026-03,0,743,2026-07-31,018009,A690,A690_bpe
LOMBARDIA,PAVIA,BASTIDA PANCARANA,673,673,100.0,0,0,Invariato,2026-03,673,673,2026-07-31,018011,A712,c_a712
LOMBARDIA,PAVIA,BATTUDA,378,378,100.0,0,0,Invariato,2026-03,378,378,2026-07-31,018012,A718,c_a718
LOMBARDIA,PAVIA,BELGIOIOSO,4875,0,0.0,0,0,Invariato,2026-03,0,4875,2026-07-31,018013,A741,c_a741
LOMBARDIA,PAVIA,BEREGUARDO,1502,1254,83.49,0,0,Invariato,2026-07,1254,1502,2026-07-31,018014,A792,c_a792
LOMBARDIA,PAVIA,BORGARELLO,802,0,0.0,0,0,Invariato,2026-03,0,802,2026-07-31,018015,A989,c_a989
LOMBARDIA,PAVIA,BORGO PRIOLO,853,6,0.7,0,0,Invariato,2026-03,6,853,2026-07-31,018016,B028,c_b028
LOMBARDIA,PAVIA,BORGO SAN SIRO,642,0,0.0,0,0,Invariato,2026-03,0,642,2026-07-31,018018,B038,c_b038
LOMBARDIA,PAVIA,BORGORATTO MORMOROLO,505,403,79.8,0,0,Invariato,2026-07,403,505,2026-07-31,018017,B030,c_b030
LOMBARDIA,PAVIA,BORNASCO,742,623,83.96,0,119,Aggiunti civici,2026-07,623,623,2026-07-31,018019,B051,c_b051
LOMBARDIA,PAVIA,BOSNASCO,577,577,100.0,0,0,Invariato,2026-03,577,577,2026-07-31,018020,B082,c_b082
LOMBARDIA,PAVIA,BRALLO DI PREGOLA,1366,127,9.3,0,0,Invariato,2026-07,127,1366,2026-07-31,018021,B117,c_b117
LOMBARDIA,PAVIA,BREME,989,0,0.0,0,0,Invariato,2026-03,0,989,2026-07-31,018022,B142,c_b142
LOMBARDIA,PAVIA,BRESSANA BOTTARONE,2151,2151,100.0,0,0,Invariato,2026-03,2151,2151,2026-07-31,018023,B159,c_b159
LOMBARDIA,PAVIA,BRONI,5086,5086,100.0,0,0,Invariato,2026-03,5086,5086,2026-07-31,018024,B201,c_b201
LOMBARDIA,PAVIA,CALVIGNANO,188,188,100.0,0,0,Invariato,2026-03,188,188,2026-07-31,018025,B447,c_b447
LOMBARDIA,PAVIA,CAMPOSPINOSO ALBAREDO,764,764,100.0,0,0,Invariato,2026-03,764,764,2026-07-31,018026,B567,c_b567
LOMBARDIA,PAVIA,CANDIA LOMELLINA,1554,1554,100.0,0,0,Invariato,2026-03,1554,1554,2026-07-31,018027,B587,c_b587
LOMBARDIA,PAVIA,CANNETO PAVESE,1242,1242,100.0,0,0,Invariato,2026-03,1242,1242,2026-07-31,018029,B613,c_b613
LOMBARDIA,PAVIA,CARBONARA AL TICINO,758,0,0.0,0,0,Invariato,2026-07,0,758,2026-07-31,018030,B741,c_b741
LOMBARDIA,PAVIA,CASANOVA LONATI,296,0,0.0,0,0,Invariato,2026-03,0,296,2026-07-31,018031,B929,c_b929
LOMBARDIA,PAVIA,CASATISMA,487,0,0.0,0,0,Invariato,2026-03,0,487,2026-07-31,018032,B945,c_b945
LOMBARDIA,PAVIA,CASEI GEROLA,1103,1103,100.0,0,0,Invariato,2026-03,1103,1103,2026-07-31,018033,B954,c_b954
LOMBARDIA,PAVIA,CASORATE PRIMO,2563,2,0.08,0,0,Invariato,2026-03,2,2563,2026-07-31,018034,B988,c_b988
LOMBARDIA,PAVIA,CASSOLNOVO,2164,0,0.0,0,0,Invariato,2026-03,0,2164,2026-07-31,018035,C038,c_c038
LOMBARDIA,PAVIA,CASTANA,729,729,100.0,0,0,Invariato,2026-03,729,729,2026-07-31,018036,C050,c_c050
LOMBARDIA,PAVIA,CASTEGGIO,5091,5091,100.0,0,0,Invariato,2026-03,5091,5091,2026-07-31,018037,C053,c_c053
LOMBARDIA,PAVIA,CASTELLETTO DI BRANDUZZO,601,0,0.0,0,0,Invariato,2026-03,0,601,2026-07-31,018038,C157,c_c157
LOMBARDIA,PAVIA,CASTELLO D'AGOGNA,1023,0,0.0,0,0,Invariato,2026-03,0,1023,2026-07-31,018039,C184,c_c184
LOMBARDIA,PAVIA,CASTELNOVETTO,652,0,0.0,0,0,Invariato,2026-03,0,652,2026-07-31,018040,C213,c_c213
LOMBARDIA,PAVIA,CAVA MANARA,1883,0,0.0,0,0,Invariato,2026-03,0,1883,2026-07-31,018041,C360,c_c360
LOMBARDIA,PAVIA,CECIMA,315,315,100.0,0,0,Invariato,2026-03,315,315,2026-07-31,018042,C414,c_c414
LOMBARDIA,PAVIA,CERANOVA,1166,0,0.0,0,0,Invariato,2026-03,0,1166,2026-07-31,018043,C484,c_c484
LOMBARDIA,PAVIA,CERETTO LOMELLINA,139,0,0.0,0,0,Invariato,2026-03,0,139,2026-07-31,018044,C508,c_c508
LOMBARDIA,PAVIA,CERGNAGO,555,0,0.0,0,0,Invariato,2026-03,0,555,2026-07-31,018045,C509,c_c509
LOMBARDIA,PAVIA,CERTOSA DI PAVIA,1561,0,0.0,0,0,Invariato,2026-03,0,1561,2026-07-31,018046,C541,c_c541
LOMBARDIA,PAVIA,CERVESINA,1058,1058,100.0,0,0,Invariato,2026-03,1058,1058,2026-07-31,018047,C551,c_c551
LOMBARDIA,PAVIA,CHIGNOLO PO,3803,3803,100.0,0,0,Invariato,2026-03,3803,3803,2026-07-31,018048,C637,c_c637
LOMBARDIA,PAVIA,CIGOGNOLA,1070,0,0.0,0,0,Invariato,2026-03,0,1070,2026-07-31,018049,C684,c_c684
LOMBARDIA,PAVIA,CILAVEGNA,2799,2799,100.0,0,0,Invariato,2026-03,2799,2799,2026-07-31,018050,C686,c_c686
LOMBARDIA,PAVIA,CODEVILLA,783,0,0.0,0,0,Invariato,2026-03,0,783,2026-07-31,018051,C813,c_c813
LOMBARDIA,PAVIA,COLLI VERDI,1889,0,0.0,0,0,Invariato,2026-03,0,1889,2026-07-31,018193,M419,c_m419
LOMBARDIA,PAVIA,CONFIENZA,1219,1219,100.0,1219,0,Aggiunte coordinate,2026-07,0,1219,2026-07-31,018052,C958,c_c958
LOMBARDIA,PAVIA,COPIANO,1004,1004,100.0,0,0,Invariato,2026-03,1004,1004,2026-07-31,018053,C979,c_c979
LOMBARDIA,PAVIA,CORANA,470,0,0.0,0,0,Invariato,2026-03,0,470,2026-07-31,018054,C982,c_c982
LOMBARDIA,PAVIA,CORNALE E BASTIDA,497,497,100.0,0,0,Invariato,2026-03,497,497,2026-07-31,018191,M338,c_m338
LOMBARDIA,PAVIA,CORTEOLONA E GENZONE,1310,0,0.0,0,0,Invariato,2026-03,0,1310,2026-07-31,018192,M372,c_M372
LOMBARDIA,PAVIA,CORVINO SAN QUIRICO,815,815,100.0,0,0,Invariato,2026-03,815,815,2026-07-31,018057,D081,c_d081
LOMBARDIA,PAVIA,COSTA DE' NOBILI,307,307,100.0,0,0,Invariato,2026-07,307,307,2026-07-31,018058,D109,c_d109
LOMBARDIA,PAVIA,COZZO,582,0,0.0,0,0,Invariato,2026-03,0,582,2026-07-31,018059,D127,c_d127
LOMBARDIA,PAVIA,CURA CARPIGNANO,2715,0,0.0,0,0,Invariato,2026-03,0,2715,2026-07-31,018060,B824,c_b824
LOMBARDIA,PAVIA,DORNO,2388,2388,100.0,0,0,Invariato,2026-03,2388,2388,2026-07-31,018061,D348,c_d348
LOMBARDIA,PAVIA,FERRERA ERBOGNONE,603,0,0.0,0,0,Invariato,2026-03,0,603,2026-07-31,018062,D552,c_d552
LOMBARDIA,PAVIA,FILIGHERA,569,569,100.0,0,0,Invariato,2026-03,569,569,2026-07-31,018063,D594,c_d594
LOMBARDIA,PAVIA,FORTUNAGO,453,452,99.78,0,0,Invariato,2026-03,452,453,2026-07-31,018064,D732,c_d732
LOMBARDIA,PAVIA,FRASCAROLO,1039,1039,100.0,0,0,Invariato,2026-03,1039,1039,2026-07-31,018065,D771,c_d771
LOMBARDIA,PAVIA,GALLIAVOLA,198,198,100.0,0,0,Invariato,2026-03,198,198,2026-07-31,018066,D873,c_d873
LOMBARDIA,PAVIA,GAMBARANA,255,255,100.0,255,0,Aggiunte coordinate,2026-07,0,255,2026-07-31,018067,D892,c_d892
LOMBARDIA,PAVIA,GAMBOLO',5185,5185,100.0,0,0,Invariato,2026-03,5185,5185,2026-07-31,018068,D901,c_d901
LOMBARDIA,PAVIA,GARLASCO,9473,9473,100.0,0,0,Invariato,2026-03,9473,9473,2026-07-31,018069,D925,c_d925
LOMBARDIA,PAVIA,GERENZAGO,700,0,0.0,0,0,Invariato,2026-03,0,700,2026-07-31,018071,D980,c_d980
LOMBARDIA,PAVIA,GIUSSAGO,2839,2839,100.0,0,0,Invariato,2026-03,2839,2839,2026-07-31,018072,E062,c_e062
LOMBARDIA,PAVIA,GODIASCO SALICE TERME,2946,2946,100.0,0,0,Invariato,2026-03,2946,2946,2026-07-31,018073,E072,c_e072
LOMBARDIA,PAVIA,GOLFERENZO,297,297,100.0,0,0,Invariato,2026-03,297,297,2026-07-31,018074,E081,c_e081
LOMBARDIA,PAVIA,GRAVELLONA LOMELLINA,1060,546,51.51,0,0,Invariato,2026-07,546,1060,2026-07-31,018075,E152,c_e152
LOMBARDIA,PAVIA,GROPELLO CAIROLI,2670,2562,95.96,0,0,Invariato,2026-07,2562,2670,2026-07-31,018076,E195,c_e195
LOMBARDIA,PAVIA,INVERNO E MONTELEONE,982,0,0.0,0,0,Invariato,2026-03,0,982,2026-07-31,018077,E310,c_e310
LOMBARDIA,PAVIA,LANDRIANO,1325,0,0.0,0,0,Invariato,2026-03,0,1325,2026-07-31,018078,E437,c_e437
LOMBARDIA,PAVIA,LANGOSCO,460,0,0.0,0,0,Invariato,2026-03,0,460,2026-07-31,018079,E439,c_e439
LOMBARDIA,PAVIA,LARDIRAGO,625,0,0.0,0,0,Invariato,2026-03,0,625,2026-07-31,018080,E454,c_e454
LOMBARDIA,PAVIA,LINAROLO,1166,1166,100.0,0,0,Invariato,2026-03,1166,1166,2026-07-31,018081,E600,c_e600
LOMBARDIA,PAVIA,LOMELLO,1747,1747,100.0,0,0,Invariato,2026-03,1747,1747,2026-07-31,018083,E662,c_e662
LOMBARDIA,PAVIA,LUNGAVILLA,1555,1555,100.0,0,0,Invariato,2026-03,1555,1555,2026-07-31,018084,B387,c_b387
LOMBARDIA,PAVIA,MAGHERNO,902,902,100.0,0,0,Invariato,2026-03,902,902,2026-07-31,018085,E804,c_e804
LOMBARDIA,PAVIA,MARCIGNAGO,1402,1402,100.0,0,0,Invariato,2026-03,1402,1402,2026-07-31,018086,E934,c_e934
LOMBARDIA,PAVIA,MARZANO,667,667,100.0,0,0,Invariato,2026-03,667,667,2026-07-31,018087,E999,c_e999
LOMBARDIA,PAVIA,MEDE,3307,2426,73.36,0,0,Invariato,2026-07,2426,3307,2026-07-31,018088,F080,c_f080
LOMBARDIA,PAVIA,MENCONICO,635,635,100.0,0,0,Invariato,2026-03,635,635,2026-07-31,018089,F122,c_f122
LOMBARDIA,PAVIA,MEZZANA BIGLI,935,935,100.0,0,0,Invariato,2026-07,935,935,2026-07-31,018090,F170,c_f170
LOMBARDIA,PAVIA,MEZZANA RABATTONE,252,0,0.0,0,0,Invariato,2026-03,0,252,2026-07-31,018091,F171,c_f171
LOMBARDIA,PAVIA,MEZZANINO,680,680,100.0,0,0,Invariato,2026-03,680,680,2026-07-31,018092,F175,c_f175
LOMBARDIA,PAVIA,MIRADOLO TERME,3535,0,0.0,0,0,Invariato,2026-03,0,3535,2026-07-31,018093,F238,c_f238
LOMBARDIA,PAVIA,MONTALTO PAVESE,1135,1135,100.0,0,0,Invariato,2026-03,1135,1135,2026-07-31,018094,F417,c_f417
LOMBARDIA,PAVIA,MONTEBELLO DELLA BATTAGLIA,2060,0,0.0,0,0,Invariato,2026-03,0,2060,2026-07-31,018095,F440,c_f440
LOMBARDIA,PAVIA,MONTECALVO VERSIGGIA,527,527,100.0,0,0,Invariato,2026-03,527,527,2026-07-31,018096,F449,c_f449
LOMBARDIA,PAVIA,MONTESCANO,287,287,100.0,0,0,Invariato,2026-03,287,287,2026-07-31,018097,F638,c_f638
LOMBARDIA,PAVIA,MONTESEGALE,296,296,100.0,0,0,Invariato,2026-03,296,296,2026-07-31,018098,F644,c_f644
LOMBARDIA,PAVIA,MONTICELLI PAVESE,465,465,100.0,0,0,Invariato,2026-03,465,465,2026-07-31,018099,F670,c_670
LOMBARDIA,PAVIA,MONTU' BECCARIA,2001,2001,100.0,0,0,Invariato,2026-03,2001,2001,2026-07-31,018100,F701,c_f701
LOMBARDIA,PAVIA,MORNICO LOSANA,609,494,81.12,494,0,Aggiunte coordinate,2026-07,0,609,2026-07-31,018101,F739,c_f739
LOMBARDIA,PAVIA,MORTARA,5138,155,3.02,0,0,Invariato,2026-03,155,5138,2026-07-31,018102,F754,c_f754
LOMBARDIA,PAVIA,NICORVO,346,346,100.0,0,0,Invariato,2026-07,346,346,2026-07-31,018103,F891,c_f891
LOMBARDIA,PAVIA,OLEVANO DI LOMELLINA,593,0,0.0,0,0,Invariato,2026-03,0,593,2026-07-31,018104,G021,c_g021
LOMBARDIA,PAVIA,OLIVA GESSI,181,181,100.0,0,0,Invariato,2026-03,181,181,2026-07-31,018105,G032,c_g032
LOMBARDIA,PAVIA,OTTOBIANO,915,915,100.0,0,0,Invariato,2026-03,915,915,2026-07-31,018106,G194,c_m180
LOMBARDIA,PAVIA,PALESTRO,1335,1335,100.0,0,0,Invariato,2026-03,1335,1335,2026-07-31,018107,G275,c_g275
LOMBARDIA,PAVIA,PANCARANA,256,256,100.0,0,0,Invariato,2026-03,256,256,2026-07-31,018108,G304,c_g304
LOMBARDIA,PAVIA,PARONA,1782,1782,100.0,0,0,Invariato,2026-07,1782,1782,2026-07-31,018109,G342,c_g342
LOMBARDIA,PAVIA,PAVIA,20767,20394,98.2,0,0,Invariato,2026-03,20394,20767,2026-07-31,018110,G388,c_g388
LOMBARDIA,PAVIA,PIETRA DE' GIORGI,1039,323,31.09,323,0,Aggiunte coordinate,2026-07,0,1039,2026-07-31,018111,G612,c_g612
LOMBARDIA,PAVIA,PIEVE ALBIGNOLA,590,0,0.0,0,0,Invariato,2026-03,0,590,2026-07-31,018112,G635,c_g635
LOMBARDIA,PAVIA,PIEVE DEL CAIRO,1578,0,0.0,0,0,Invariato,2026-03,0,1578,2026-07-31,018113,G639,c_g639
LOMBARDIA,PAVIA,PIEVE PORTO MORONE,1625,20,1.23,0,0,Invariato,2026-03,20,1625,2026-07-31,018114,G650,c_g650
LOMBARDIA,PAVIA,PINAROLO PO,1215,1211,99.67,0,0,Invariato,2026-03,1211,1215,2026-07-31,018115,G671,c_g671
LOMBARDIA,PAVIA,PIZZALE,474,1,0.21,0,0,Invariato,2026-03,1,474,2026-07-31,018116,G720,c_g720
LOMBARDIA,PAVIA,PONTE NIZZA,796,796,100.0,0,0,Invariato,2026-07,796,796,2026-07-31,018117,G851,c_g851
LOMBARDIA,PAVIA,PORTALBERA,1095,1095,100.0,0,0,Invariato,2026-03,1095,1095,2026-07-31,018118,G895,c_g895
LOMBARDIA,PAVIA,REA,370,370,100.0,0,0,Invariato,2026-03,370,370,2026-07-31,018119,H204,c_h204
LOMBARDIA,PAVIA,REDAVALLE,756,756,100.0,0,0,Invariato,2026-03,756,756,2026-07-31,018120,H216,c_h216
LOMBARDIA,PAVIA,RETORBIDO,1814,1814,100.0,0,0,Invariato,2026-03,1814,1814,2026-07-31,018121,H246,c_h246
LOMBARDIA,PAVIA,RIVANAZZANO TERME,3518,3518,100.0,0,0,Invariato,2026-03,3518,3518,2026-07-31,018122,H336,c_h336
LOMBARDIA,PAVIA,ROBBIO,5112,5112,100.0,0,0,Invariato,2026-03,5112,5112,2026-07-31,018123,H369,c_h369
LOMBARDIA,PAVIA,ROBECCO PAVESE,418,0,0.0,0,0,Invariato,2026-03,0,418,2026-07-31,018124,H375,c_h375
LOMBARDIA,PAVIA,ROCCA DE' GIORGI,112,112,100.0,0,0,Invariato,2026-07,112,112,2026-07-31,018125,H396,c_h396
LOMBARDIA,PAVIA,ROCCA SUSELLA,253,253,100.0,0,0,Invariato,2026-03,253,253,2026-07-31,018126,H450,c_h450
LOMBARDIA,PAVIA,ROGNANO,147,0,0.0,0,0,Invariato,2026-03,0,147,2026-07-31,018127,H491,c_h491
LOMBARDIA,PAVIA,ROMAGNESE,2098,0,0.0,0,33,Aggiunti civici,2026-07,0,2065,2026-07-31,018128,H505,c_h505
LOMBARDIA,PAVIA,RONCARO,907,0,0.0,0,0,Invariato,2026-03,0,907,2026-07-31,018129,H527,c_h527
LOMBARDIA,PAVIA,ROSASCO,1112,0,0.0,0,0,Invariato,2026-03,0,1112,2026-07-31,018130,H559,c_h559
LOMBARDIA,PAVIA,ROVESCALA,704,704,100.0,0,0,Invariato,2026-03,704,704,2026-07-31,018131,H614,c_h614
LOMBARDIA,PAVIA,SAN CIPRIANO PO,339,339,100.0,0,0,Invariato,2026-03,339,339,2026-07-31,018133,H799,c_h799
LOMBARDIA,PAVIA,SAN DAMIANO AL COLLE,707,0,0.0,0,0,Invariato,2026-03,0,707,2026-07-31,018134,H814,c_h814
LOMBARDIA,PAVIA,SAN GENESIO ED UNITI,1682,1682,100.0,0,0,Invariato,2026-03,1682,1682,2026-07-31,018135,H859,c_h859
LOMBARDIA,PAVIA,SAN GIORGIO DI LOMELLINA,1168,1168,100.0,0,0,Invariato,2026-03,1168,1168,2026-07-31,018136,H885,c_h885
LOMBARDIA,PAVIA,SAN MARTINO SICCOMARIO,2029,0,0.0,0,0,Invariato,2026-03,0,2029,2026-07-31,018137,I014,c_i014
LOMBARDIA,PAVIA,SAN ZENONE AL PO,464,0,0.0,0,0,Invariato,2026-03,0,464,2026-07-31,018145,I416,c_i416
LOMBARDIA,PAVIA,SANNAZZARO DE' BURGONDI,4996,0,0.0,0,0,Invariato,2026-03,0,4996,2026-07-31,018138,I048,c_i048
LOMBARDIA,PAVIA,SANT'ALESSIO CON VIALONE,740,740,100.0,0,0,Invariato,2026-03,740,740,2026-07-31,018141,I213,c_i213
LOMBARDIA,PAVIA,SANT'ANGELO LOMELLINA,891,0,0.0,0,0,Invariato,2026-03,0,891,2026-07-31,018144,I276,c_i276
LOMBARDIA,PAVIA,SANTA CRISTINA E BISSONE,1731,0,0.0,0,95,Aggiunti civici,2026-07,0,1636,2026-07-31,018139,I175,c_i175
LOMBARDIA,PAVIA,SANTA GIULETTA,1310,1310,100.0,1310,0,Aggiunte coordinate,2026-07,0,1310,2026-07-31,018140,I203,c_i203
LOMBARDIA,PAVIA,SANTA MARGHERITA DI STAFFORA,979,0,0.0,0,0,Invariato,2026-03,0,979,2026-07-31,018142,I230,c_i230
LOMBARDIA,PAVIA,SANTA MARIA DELLA VERSA,2072,0,0.0,0,0,Invariato,2026-03,0,2072,2026-07-31,018143,I237,c_i237
LOMBARDIA,PAVIA,SARTIRANA LOMELLINA,1979,0,0.0,0,0,Invariato,2026-03,0,1979,2026-07-31,018146,I447,c_i447
LOMBARDIA,PAVIA,SCALDASOLE,387,384,99.22,0,0,Invariato,2026-03,384,387,2026-07-31,018147,I487,c_i487
LOMBARDIA,PAVIA,SEMIANA,289,289,100.0,0,0,Invariato,2026-03,289,289,2026-07-31,018148,I599,c_i599
LOMBARDIA,PAVIA,SILVANO PIETRA,520,520,100.0,0,0,Invariato,2026-03,520,520,2026-07-31,018149,I739,c_i739
LOMBARDIA,PAVIA,SIZIANO,2321,2321,100.0,0,0,Invariato,2026-03,2321,2321,2026-07-31,018150,E265,c_e265
LOMBARDIA,PAVIA,SOMMO,541,0,0.0,0,0,Invariato,2026-03,0,541,2026-07-31,018151,I825,c_i825
LOMBARDIA,PAVIA,SPESSA,463,0,0.0,0,0,Invariato,2026-03,0,463,2026-07-31,018152,I894,c_i894
LOMBARDIA,PAVIA,STRADELLA,3957,3957,100.0,0,0,Invariato,2026-03,3957,3957,2026-07-31,018153,I968,c_i968
LOMBARDIA,PAVIA,SUARDI,506,0,0.0,0,0,Invariato,2026-03,0,506,2026-07-31,018154,B014,c_b014
LOMBARDIA,PAVIA,TORRAZZA COSTE,1005,1005,100.0,0,0,Invariato,2026-07,1005,1005,2026-07-31,018155,L237,c_l237
LOMBARDIA,PAVIA,TORRE BERETTI E CASTELLARO,387,387,100.0,0,0,Invariato,2026-03,387,387,2026-07-31,018156,L250,c_l250
LOMBARDIA,PAVIA,TORRE D'ARESE,370,370,100.0,0,0,Invariato,2026-03,370,370,2026-07-31,018157,L256,c_l256sa
LOMBARDIA,PAVIA,TORRE D'ISOLA,759,17,2.24,0,0,Invariato,2026-03,17,759,2026-07-31,018159,L269,c_l269
LOMBARDIA,PAVIA,TORRE DE' NEGRI,265,265,100.0,265,0,Aggiunte coordinate,2026-07,0,265,2026-07-31,018158,L262,c_l262
LOMBARDIA,PAVIA,TORREVECCHIA PIA,1195,1195,100.0,0,0,Invariato,2026-03,1195,1195,2026-07-31,018160,L285,c_l285
LOMBARDIA,PAVIA,TORRICELLA VERZATE,500,0,0.0,0,0,Invariato,2026-03,0,500,2026-07-31,018161,L292,c_l292
LOMBARDIA,PAVIA,TRAVACO' SICCOMARIO,1522,399,26.22,399,0,Aggiunte coordinate,2026-07,0,1522,2026-07-31,018162,I236,c_i236
LOMBARDIA,PAVIA,TRIVOLZIO,1117,1117,100.0,0,0,Invariato,2026-03,1117,1117,2026-07-31,018163,L440,c_l440
LOMBARDIA,PAVIA,TROMELLO,3203,3203,100.0,0,0,Invariato,2026-03,3203,3203,2026-07-31,018164,L449,c_l449
LOMBARDIA,PAVIA,TROVO,564,0,0.0,0,0,Invariato,2026-03,0,564,2026-07-31,018165,L453,c_l453
LOMBARDIA,PAVIA,VAL DI NIZZA,1453,1453,100.0,0,0,Invariato,2026-03,1453,1453,2026-07-31,018166,L562,c_l562
LOMBARDIA,PAVIA,VALEGGIO,196,196,100.0,0,0,Invariato,2026-03,196,196,2026-07-31,018167,L568,c_l568
LOMBARDIA,PAVIA,VALLE LOMELLINA,1410,1381,97.94,0,29,Aggiunti civici,2026-07,1381,1381,2026-07-31,018168,L593,c_l593
LOMBARDIA,PAVIA,VALLE SALIMBENE,477,477,100.0,0,0,Invariato,2026-03,477,477,2026-07-31,018169,L617,c_l617
LOMBARDIA,PAVIA,VARZI,2880,2880,100.0,0,0,Invariato,2026-03,2880,2880,2026-07-31,018171,L690,c_l690
LOMBARDIA,PAVIA,VELEZZO LOMELLINA,74,74,100.0,0,0,Invariato,2026-07,74,74,2026-07-31,018172,L716,c_l716
LOMBARDIA,PAVIA,VELLEZZO BELLINI,1646,1646,100.0,0,0,Invariato,2026-03,1646,1646,2026-07-31,018173,L720,c_l720
LOMBARDIA,PAVIA,VERRETTO,424,0,0.0,0,0,Invariato,2026-03,0,424,2026-07-31,018174,L784,c_l784
LOMBARDIA,PAVIA,VERRUA PO,774,774,100.0,0,0,Invariato,2026-03,774,774,2026-07-31,018175,L788,c_l788
LOMBARDIA,PAVIA,VIDIGULFO,1587,0,0.0,0,0,Invariato,2026-03,0,1587,2026-07-31,018176,L854,c_l854
LOMBARDIA,PAVIA,VIGEVANO,24312,244,1.0,0,0,Invariato,2026-07,244,24312,2026-07-31,018177,L872,c_l872
LOMBARDIA,PAVIA,VILLA BISCOSSI,81,81,100.0,0,0,Invariato,2026-03,81,81,2026-07-31,018178,L917,c_l917
LOMBARDIA,PAVIA,VILLANOVA D'ARDENGHI,801,801,100.0,0,0,Invariato,2026-03,801,801,2026-07-31,018179,L983,c_l983
LOMBARDIA,PAVIA,VILLANTERIO,2350,1,0.04,0,0,Invariato,2026-03,1,2350,2026-07-31,018180,L994,c_l994
LOMBARDIA,PAVIA,VISTARINO,1270,0,0.0,0,0,Invariato,2026-03,0,1270,2026-07-31,018181,M079,c_m079
LOMBARDIA,PAVIA,VOGHERA,14580,0,0.0,0,0,Invariato,2026-03,0,14580,2026-07-31,018182,M109,c_m109
LOMBARDIA,PAVIA,VOLPARA,210,210,100.0,0,0,Invariato,2026-03,210,210,2026-07-31,018183,M119,c_m119
LOMBARDIA,PAVIA,ZAVATTARELLO,1317,1317,100.0,0,0,Invariato,2026-03,1317,1317,2026-07-31,018184,M150,c_m150
LOMBARDIA,PAVIA,ZECCONE,736,0,0.0,0,0,Invariato,2026-03,0,736,2026-07-31,018185,M152,c_m152
LOMBARDIA,PAVIA,ZEME,606,606,100.0,0,0,Invariato,2026-03,606,606,2026-07-31,018186,M161,c_m161
LOMBARDIA,PAVIA,ZENEVREDO,337,0,0.0,0,0,Invariato,2026-03,0,337,2026-07-31,018187,M162,c_m162
LOMBARDIA,PAVIA,ZERBO,430,0,0.0,0,7,Aggiunti civici,2026-07,0,423,2026-07-31,018188,M166,c_m166
LOMBARDIA,PAVIA,ZERBOLO',927,915,98.71,0,0,Invariato,2026-07,915,927,2026-07-31,018189,M167,c_m167
LOMBARDIA,PAVIA,ZINASCO,2407,2407,100.0,0,0,Invariato,2026-03,2407,2407,2026-07-31,018190,M180,c_m1803
LOMBARDIA,SONDRIO,ALBAREDO PER SAN MARCO,221,221,100.0,0,0,Invariato,2026-03,221,221,2026-07-31,014001,A135,c_a135
LOMBARDIA,SONDRIO,ALBOSAGGIA,1498,1498,100.0,0,0,Invariato,2026-03,1498,1498,2026-07-31,014002,A172,c_a172
LOMBARDIA,SONDRIO,ANDALO VALTELLINO,309,309,100.0,0,0,Invariato,2026-03,309,309,2026-07-31,014003,A273,c_a273
LOMBARDIA,SONDRIO,APRICA,1391,1391,100.0,0,0,Invariato,2026-03,1391,1391,2026-07-31,014004,A337,c_a337
LOMBARDIA,SONDRIO,ARDENNO,2132,0,0.0,0,0,Invariato,2026-03,0,2132,2026-07-31,014005,A382,c_a382
LOMBARDIA,SONDRIO,BEMA,222,222,100.0,0,0,Invariato,2026-03,222,222,2026-07-31,014006,A777,c_a777
LOMBARDIA,SONDRIO,BERBENNO DI VALTELLINA,1806,1806,100.0,0,0,Invariato,2026-03,1806,1806,2026-07-31,014007,A787,c_a787
LOMBARDIA,SONDRIO,BIANZONE,618,0,0.0,0,0,Invariato,2026-03,0,618,2026-07-31,014008,A848,c_a848
LOMBARDIA,SONDRIO,BORMIO,2557,23,0.9,0,0,Invariato,2026-03,23,2557,2026-07-31,014009,B049,c_b089
LOMBARDIA,SONDRIO,BUGLIO IN MONTE,1130,0,0.0,0,0,Invariato,2026-07,0,1130,2026-07-31,014010,B255,c_b255
LOMBARDIA,SONDRIO,CAIOLO,452,0,0.0,0,0,Invariato,2026-03,0,452,2026-07-31,014011,B366,c_b366
LOMBARDIA,SONDRIO,CAMPODOLCINO,1852,0,0.0,0,0,Invariato,2026-03,0,1852,2026-07-31,014012,B530,c_b530
LOMBARDIA,SONDRIO,CASPOGGIO,762,762,100.0,0,0,Invariato,2026-03,762,762,2026-07-31,014013,B993,c_b933
LOMBARDIA,SONDRIO,CASTELLO DELL'ACQUA,614,614,100.0,0,0,Invariato,2026-03,614,614,2026-07-31,014014,C186,c_c186
LOMBARDIA,SONDRIO,CASTIONE ANDEVENNO,992,992,100.0,0,0,Invariato,2026-03,992,992,2026-07-31,014015,C325,c_c325
LOMBARDIA,SONDRIO,CEDRASCO,178,178,100.0,0,0,Invariato,2026-03,178,178,2026-07-31,014016,C418,c_c418
LOMBARDIA,SONDRIO,CERCINO,432,432,100.0,0,0,Invariato,2026-03,432,432,2026-07-31,014017,C493,c_c493
LOMBARDIA,SONDRIO,CHIAVENNA,3658,3658,100.0,3658,0,Aggiunte coordinate,2026-07,0,3658,2026-07-31,014018,C623,c_c623
LOMBARDIA,SONDRIO,CHIESA IN VALMALENCO,1151,1151,100.0,0,0,Invariato,2026-03,1151,1151,2026-07-31,014019,C628,c_c628
LOMBARDIA,SONDRIO,CHIURO,2381,14,0.59,0,0,Invariato,2026-03,14,2381,2026-07-31,014020,C651,c_c651
LOMBARDIA,SONDRIO,CINO,279,279,100.0,0,0,Invariato,2026-03,279,279,2026-07-31,014021,C709,c_c709
LOMBARDIA,SONDRIO,CIVO,1258,1258,100.0,0,0,Invariato,2026-03,1258,1258,2026-07-31,014022,C785,c_c785
LOMBARDIA,SONDRIO,COLORINA,612,612,100.0,0,0,Invariato,2026-03,612,612,2026-07-31,014023,C903,c_c903
LOMBARDIA,SONDRIO,COSIO VALTELLINO,2511,2511,100.0,3,0,Aggiunte coordinate,2026-07,2508,2511,2026-07-31,014024,D088,c_d088
LOMBARDIA,SONDRIO,DAZIO,630,559,88.73,0,71,Aggiunti civici,2026-07,559,559,2026-07-31,014025,D258,c_d258
LOMBARDIA,SONDRIO,DELEBIO,1295,0,0.0,0,0,Invariato,2026-03,0,1295,2026-07-31,014026,D266,c_d266
LOMBARDIA,SONDRIO,DUBINO,1343,1343,100.0,0,0,Invariato,2026-03,1343,1343,2026-07-31,014027,D377,c_d377
LOMBARDIA,SONDRIO,FAEDO VALTELLINO,292,292,100.0,0,0,Invariato,2026-03,292,292,2026-07-31,014028,D456,c_d456
LOMBARDIA,SONDRIO,FORCOLA,361,361,100.0,0,0,Invariato,2026-03,361,361,2026-07-31,014029,D694,C_D694
LOMBARDIA,SONDRIO,FUSINE,295,295,100.0,0,0,Invariato,2026-03,295,295,2026-07-31,014030,D830,c_d830
LOMBARDIA,SONDRIO,GEROLA ALTA,677,677,100.0,0,0,Invariato,2026-03,677,677,2026-07-31,014031,D990,c_d990
LOMBARDIA,SONDRIO,GORDONA,1761,3,0.17,0,90,Aggiunti civici,2026-07,3,1671,2026-07-31,014032,E090,c_e090
LOMBARDIA,SONDRIO,GROSIO,2256,0,0.0,0,0,Invariato,2026-03,0,2256,2026-07-31,014033,E200,c_e200
LOMBARDIA,SONDRIO,GROSOTTO,824,0,0.0,0,0,Invariato,2026-03,0,824,2026-07-31,014034,E201,c_e201
LOMBARDIA,SONDRIO,LANZADA,680,680,100.0,0,0,Invariato,2026-03,680,680,2026-07-31,014036,E443,c_e443
LOMBARDIA,SONDRIO,LIVIGNO,4615,4615,100.0,0,0,Invariato,2026-03,4615,4615,2026-07-31,014037,E621,c_e621
LOMBARDIA,SONDRIO,LOVERO,314,314,100.0,0,0,Invariato,2026-03,314,314,2026-07-31,014038,E705,c_e705
LOMBARDIA,SONDRIO,MADESIMO,699,0,0.0,0,0,Invariato,2026-03,0,699,2026-07-31,014035,E342,c_e342
LOMBARDIA,SONDRIO,MANTELLO,369,369,100.0,0,0,Invariato,2026-03,369,369,2026-07-31,014039,E896,C_E896
LOMBARDIA,SONDRIO,MAZZO DI VALTELLINA,822,822,100.0,0,0,Invariato,2026-03,822,822,2026-07-31,014040,F070,c_f070
LOMBARDIA,SONDRIO,MELLO,1017,0,0.0,0,0,Invariato,2026-03,0,1017,2026-07-31,014041,F115,c_f115
LOMBARDIA,SONDRIO,MESE,1214,1214,100.0,0,0,Invariato,2026-03,1214,1214,2026-07-31,014043,F153,c_f153
LOMBARDIA,SONDRIO,MONTAGNA IN VALTELLINA,1693,0,0.0,0,0,Invariato,2026-03,0,1693,2026-07-31,014044,F393,c_f393
LOMBARDIA,SONDRIO,MORBEGNO,5491,5491,100.0,0,0,Invariato,2026-03,5491,5491,2026-07-31,014045,F712,c_f712
LOMBARDIA,SONDRIO,NOVATE MEZZOLA,1159,0,0.0,0,0,Invariato,2026-07,0,1159,2026-07-31,014046,F956,novm_so
LOMBARDIA,SONDRIO,PEDESINA,242,0,0.0,0,65,Aggiunti civici,2026-07,0,177,2026-07-31,014047,G410,c_g410
LOMBARDIA,SONDRIO,PIANTEDO,1231,1231,100.0,0,0,Invariato,2026-03,1231,1231,2026-07-31,014048,G572,c_g572
LOMBARDIA,SONDRIO,PIATEDA,885,885,100.0,0,0,Invariato,2026-03,885,885,2026-07-31,014049,G576,c_g576
LOMBARDIA,SONDRIO,PIURO,886,0,0.0,0,0,Invariato,2026-03,0,886,2026-07-31,014050,G718,c_g718
LOMBARDIA,SONDRIO,POGGIRIDENTI,790,0,0.0,0,0,Invariato,2026-03,0,790,2026-07-31,014051,G431,c_g431
LOMBARDIA,SONDRIO,PONTE IN VALTELLINA,1591,0,0.0,0,0,Invariato,2026-03,0,1591,2026-07-31,014052,G829,c_g829
LOMBARDIA,SONDRIO,POSTALESIO,403,0,0.0,0,0,Invariato,2026-03,0,403,2026-07-31,014053,G937,c_g937
LOMBARDIA,SONDRIO,PRATA CAMPORTACCIO,1212,0,0.0,0,0,Invariato,2026-03,0,1212,2026-07-31,014054,G993,c_g993
LOMBARDIA,SONDRIO,RASURA,459,0,0.0,0,0,Invariato,2026-03,0,459,2026-07-31,014055,H192,c_h192
LOMBARDIA,SONDRIO,ROGOLO,288,288,100.0,0,0,Invariato,2026-03,288,288,2026-07-31,014056,H493,c_h493
LOMBARDIA,SONDRIO,SAMOLACO,1454,1454,100.0,0,0,Invariato,2026-03,1454,1454,2026-07-31,014057,H752,c_h752
LOMBARDIA,SONDRIO,SAN GIACOMO FILIPPO,1146,0,0.0,0,0,Invariato,2026-07,0,1146,2026-07-31,014058,H868,c_h868
LOMBARDIA,SONDRIO,SERNIO,358,358,100.0,358,0,Aggiunte coordinate,2026-07,0,358,2026-07-31,014059,I636,c_i636
LOMBARDIA,SONDRIO,SONDALO,1911,1911,100.0,0,0,Invariato,2026-03,1911,1911,2026-07-31,014060,I828,c_i828
LOMBARDIA,SONDRIO,SONDRIO,4579,4579,100.0,0,0,Invariato,2026-03,4579,4579,2026-07-31,014061,I829,c_i829
LOMBARDIA,SONDRIO,SPRIANA,258,258,100.0,0,0,Invariato,2026-03,258,258,2026-07-31,014062,I928,c_i928a
LOMBARDIA,SONDRIO,TALAMONA,1752,1752,100.0,0,0,Invariato,2026-03,1752,1752,2026-07-31,014063,L035,c_l035
LOMBARDIA,SONDRIO,TARTANO,496,421,84.88,0,0,Invariato,2026-07,421,496,2026-07-31,014064,L056,c_l056
LOMBARDIA,SONDRIO,TEGLIO,3221,10,0.31,0,0,Invariato,2026-03,10,3221,2026-07-31,014065,L084,c_l084
LOMBARDIA,SONDRIO,TIRANO,2983,2983,100.0,0,0,Invariato,2026-03,2983,2983,2026-07-31,014066,L175,c_l175
LOMBARDIA,SONDRIO,TORRE DI SANTA MARIA,510,510,100.0,0,0,Invariato,2026-03,510,510,2026-07-31,014067,L244,c_l244
LOMBARDIA,SONDRIO,TOVO DI SANT'AGATA,295,0,0.0,0,0,Invariato,2026-03,0,295,2026-07-31,014068,L316,c_l316
LOMBARDIA,SONDRIO,TRAONA,1151,1151,100.0,0,0,Invariato,2026-03,1151,1151,2026-07-31,014069,L330,c_l330
LOMBARDIA,SONDRIO,TRESIVIO,1548,0,0.0,0,0,Invariato,2026-03,0,1548,2026-07-31,014070,L392,C_L392
LOMBARDIA,SONDRIO,VAL MASINO,862,862,100.0,0,0,Invariato,2026-03,862,862,2026-07-31,014074,L638,c_l638
LOMBARDIA,SONDRIO,VALDIDENTRO,1843,0,0.0,0,0,Invariato,2026-03,0,1843,2026-07-31,014071,L557,c_l557
LOMBARDIA,SONDRIO,VALDISOTTO,1788,0,0.0,0,0,Invariato,2026-03,0,1788,2026-07-31,014072,L563,c_l563
LOMBARDIA,SONDRIO,VALFURVA,1323,1323,100.0,0,0,Invariato,2026-03,1323,1323,2026-07-31,014073,L576,c_l576
LOMBARDIA,SONDRIO,VERCEIA,689,0,0.0,0,0,Invariato,2026-03,0,689,2026-07-31,014075,L749,c_l749
LOMBARDIA,SONDRIO,VERVIO,266,0,0.0,0,0,Invariato,2026-03,0,266,2026-07-31,014076,L799,c_l799
LOMBARDIA,SONDRIO,VILLA DI CHIAVENNA,637,637,100.0,0,0,Invariato,2026-03,637,637,2026-07-31,014077,L907,c_l907
LOMBARDIA,SONDRIO,VILLA DI TIRANO,1378,0,0.0,0,0,Invariato,2026-03,0,1378,2026-07-31,014078,L908,c_l908
LOMBARDIA,VARESE,AGRA,679,0,0.0,0,0,Invariato,2026-03,0,679,2026-07-31,012001,A085,c_a085
LOMBARDIA,VARESE,ALBIZZATE,1377,0,0.0,0,0,Invariato,2026-03,0,1377,2026-07-31,012002,A167,c_a167
LOMBARDIA,VARESE,ANGERA,2135,0,0.0,0,0,Invariato,2026-07,0,2135,2026-07-31,012003,A290,c_a290
LOMBARDIA,VARESE,ARCISATE,2437,2437,100.0,0,0,Invariato,2026-03,2437,2437,2026-07-31,012004,A371,c_a371
LOMBARDIA,VARESE,ARSAGO SEPRIO,1312,1312,100.0,0,0,Invariato,2026-03,1312,1312,2026-07-31,012005,A441,c_a441
LOMBARDIA,VARESE,AZZATE,1458,1458,100.0,0,0,Invariato,2026-03,1458,1458,2026-07-31,012006,A531,c_a531
LOMBARDIA,VARESE,AZZIO,385,385,100.0,0,0,Invariato,2026-03,385,385,2026-07-31,012007,A532,c_a532
LOMBARDIA,VARESE,BARASSO,506,6,1.19,0,0,Invariato,2026-03,6,506,2026-07-31,012008,A619,c_a619
LOMBARDIA,VARESE,BARDELLO CON MALGESSO E BREGANO,1898,1898,100.0,1898,0,Aggiunte coordinate,2026-07,0,1898,2026-07-31,012144,M433,X3BN8HJ1
LOMBARDIA,VARESE,BEDERO VALCUVIA,411,0,0.0,0,0,Invariato,2026-03,0,411,2026-07-31,012010,A728,c_elui
LOMBARDIA,VARESE,BESANO,1092,7,0.64,0,97,Aggiunti civici,2026-07,7,995,2026-07-31,012011,A819,c_a819
LOMBARDIA,VARESE,BESNATE,1645,1645,100.0,0,0,Invariato,2026-03,1645,1645,2026-07-31,012012,A825,c_a825
LOMBARDIA,VARESE,BESOZZO,3326,3326,100.0,0,0,Invariato,2026-03,3326,3326,2026-07-31,012013,A826,c_a826
LOMBARDIA,VARESE,BIANDRONNO,2071,0,0.0,0,0,Invariato,2026-03,0,2071,2026-07-31,012014,A845,c_a845
LOMBARDIA,VARESE,BISUSCHIO,1545,1545,100.0,0,0,Invariato,2026-03,1545,1545,2026-07-31,012015,A891,c_a891
LOMBARDIA,VARESE,BODIO LOMNAGO,863,863,100.0,0,0,Invariato,2026-03,863,863,2026-07-31,012016,A918,c_a918
LOMBARDIA,VARESE,BREBBIA,1103,1103,100.0,1103,0,Aggiunte coordinate,2026-07,0,1103,2026-07-31,012017,B126,c_b126
LOMBARDIA,VARESE,BRENTA,1150,1150,100.0,0,0,Invariato,2026-03,1150,1150,2026-07-31,012019,B150,c_b150
LOMBARDIA,VARESE,BREZZO DI BEDERO,1545,1545,100.0,0,0,Invariato,2026-03,1545,1545,2026-07-31,012020,B166,c_b166
LOMBARDIA,VARESE,BRINZIO,385,385,100.0,385,0,Aggiunte coordinate,2026-07,0,385,2026-07-31,012021,B182,c_b182
LOMBARDIA,VARESE,BRISSAGO-VALTRAVAGLIA,774,0,0.0,0,106,Aggiunti civici,2026-07,0,668,2026-07-31,012022,B191,c_b191
LOMBARDIA,VARESE,BRUNELLO,406,406,100.0,0,0,Invariato,2026-03,406,406,2026-07-31,012023,B219,c_b219
LOMBARDIA,VARESE,BRUSIMPIANO,608,0,0.0,0,0,Invariato,2026-03,0,608,2026-07-31,012024,B228,c_b228
LOMBARDIA,VARESE,BUGUGGIATE,1141,1141,100.0,1140,0,Aggiunte coordinate,2026-07,1,1141,2026-07-31,012025,B258,c_b258
LOMBARDIA,VARESE,BUSTO ARSIZIO,13325,0,0.0,0,0,Invariato,2026-03,0,13325,2026-07-31,012026,B300,c_b300
LOMBARDIA,VARESE,CADEGLIANO-VICONAGO,1178,0,0.0,0,0,Invariato,2026-07,0,1178,2026-07-31,012027,B326,c_b326
LOMBARDIA,VARESE,CADREZZATE CON OSMATE,1252,0,0.0,0,0,Invariato,2026-07,0,1252,2026-07-31,012143,M425,c_m425
LOMBARDIA,VARESE,CAIRATE,2327,2327,100.0,0,0,Invariato,2026-03,2327,2327,2026-07-31,012029,B368,c_b368
LOMBARDIA,VARESE,CANTELLO,1087,1087,100.0,0,0,Invariato,2026-03,1087,1087,2026-07-31,012030,B634,c_b634
LOMBARDIA,VARESE,CARAVATE,889,98,11.02,0,0,Invariato,2026-03,98,889,2026-07-31,012031,B732,c_b732
LOMBARDIA,VARESE,CARDANO AL CAMPO,3930,0,0.0,0,23,Aggiunti civici,2026-07,0,3907,2026-07-31,012032,B754,c_b754
LOMBARDIA,VARESE,CARNAGO,1709,1,0.06,0,0,Invariato,2026-03,1,1709,2026-07-31,012033,B796,c_b796
LOMBARDIA,VARESE,CARONNO PERTUSELLA,3179,3179,100.0,0,0,Invariato,2026-03,3179,3179,2026-07-31,012034,B805,c_b805
LOMBARDIA,VARESE,CARONNO VARESINO,1549,0,0.0,0,23,Aggiunti civici,2026-07,0,1526,2026-07-31,012035,B807,c_b807
LOMBARDIA,VARESE,CASALE LITTA,1261,1261,100.0,0,0,Invariato,2026-03,1261,1261,2026-07-31,012036,B875,c_b875
LOMBARDIA,VARESE,CASALZUIGNO,689,98,14.22,0,0,Invariato,2026-03,98,689,2026-07-31,012037,B921,c_b921
LOMBARDIA,VARESE,CASCIAGO,1122,0,0.0,0,0,Invariato,2026-03,0,1122,2026-07-31,012038,B949,c_b949
LOMBARDIA,VARESE,CASORATE SEMPIONE,3051,3051,100.0,0,0,Invariato,2026-03,3051,3051,2026-07-31,012039,B987,c_b987
LOMBARDIA,VARESE,CASSANO MAGNAGO,9314,24,0.26,0,0,Invariato,2026-03,24,9314,2026-07-31,012040,C004,c_c004
LOMBARDIA,VARESE,CASSANO VALCUVIA,326,326,100.0,0,0,Invariato,2026-03,326,326,2026-07-31,012041,B999,c_b999
LOMBARDIA,VARESE,CASTELLANZA,4117,0,0.0,0,0,Invariato,2026-03,0,4117,2026-07-31,012042,C139,c_c139
LOMBARDIA,VARESE,CASTELLO CABIAGLIO,362,362,100.0,0,0,Invariato,2026-03,362,362,2026-07-31,012043,B312,c_b312
LOMBARDIA,VARESE,CASTELSEPRIO,656,0,0.0,0,0,Invariato,2026-07,0,656,2026-07-31,012044,C273,c_c273
LOMBARDIA,VARESE,CASTELVECCANA,1486,8,0.54,0,0,Invariato,2026-03,8,1486,2026-07-31,012045,C181,c_c181
LOMBARDIA,VARESE,CASTIGLIONE OLONA,1855,0,0.0,0,0,Invariato,2026-03,0,1855,2026-07-31,012046,C300,c_c300
LOMBARDIA,VARESE,CASTRONNO,1435,1435,100.0,0,0,Invariato,2026-03,1435,1435,2026-07-31,012047,C343,c_c343
LOMBARDIA,VARESE,CAVARIA CON PREMEZZO,4181,4181,100.0,0,0,Invariato,2026-03,4181,4181,2026-07-31,012048,C382,c_c382
LOMBARDIA,VARESE,CAZZAGO BRABBIA,528,0,0.0,0,0,Invariato,2026-03,0,528,2026-07-31,012049,C409,c_c409
LOMBARDIA,VARESE,CISLAGO,2955,2955,100.0,0,0,Invariato,2026-03,2955,2955,2026-07-31,012050,C732,c_c732
LOMBARDIA,VARESE,CITTIGLIO,2275,0,0.0,0,0,Invariato,2026-03,0,2275,2026-07-31,012051,C751,c_c751
LOMBARDIA,VARESE,CLIVIO,605,22,3.64,0,0,Invariato,2026-03,22,605,2026-07-31,012052,C796,c_c796
LOMBARDIA,VARESE,COCQUIO-TREVISAGO,1923,1049,54.55,0,0,Invariato,2026-07,1049,1923,2026-07-31,012053,C810,c_c810
LOMBARDIA,VARESE,COMABBIO,778,709,91.13,0,0,Invariato,2026-07,709,778,2026-07-31,012054,C911,c_c911
LOMBARDIA,VARESE,COMERIO,686,686,100.0,0,0,Invariato,2026-03,686,686,2026-07-31,012055,C922,c_c922
LOMBARDIA,VARESE,CREMENAGA,374,374,100.0,0,0,Invariato,2026-03,374,374,2026-07-31,012056,D144,c_h173
LOMBARDIA,VARESE,CROSIO DELLA VALLE,272,0,0.0,0,0,Invariato,2026-03,0,272,2026-07-31,012057,D185,c_d185
LOMBARDIA,VARESE,CUASSO AL MONTE,1999,1999,100.0,0,0,Invariato,2026-03,1999,1999,2026-07-31,012058,D192,c_d192
LOMBARDIA,VARESE,CUGLIATE-FABIASCO,1070,1070,100.0,0,0,Invariato,2026-03,1070,1070,2026-07-31,012059,D199,c_d199
LOMBARDIA,VARESE,CUNARDO,1140,993,87.11,993,0,Aggiunte coordinate,2026-07,0,1140,2026-07-31,012060,D204,c_d204
LOMBARDIA,VARESE,CURIGLIA CON MONTEVIASCO,245,0,0.0,0,0,Invariato,2026-03,0,245,2026-07-31,012061,D217,c_d217
LOMBARDIA,VARESE,CUVEGLIO,2674,22,0.82,0,0,Invariato,2026-03,22,2674,2026-07-31,012062,D238,c_d238a
LOMBARDIA,VARESE,CUVIO,649,0,0.0,0,0,Invariato,2026-03,0,649,2026-07-31,012063,D239,c_d238
LOMBARDIA,VARESE,DAVERIO,991,0,0.0,0,0,Invariato,2026-03,0,991,2026-07-31,012064,D256,c_d256
LOMBARDIA,VARESE,DUMENZA,1589,0,0.0,0,0,Invariato,2026-03,0,1589,2026-07-31,012065,D384,c_d384
LOMBARDIA,VARESE,DUNO,255,0,0.0,0,0,Invariato,2026-03,0,255,2026-07-31,012066,D385,c_d385
LOMBARDIA,VARESE,FAGNANO OLONA,5134,5134,100.0,0,0,Invariato,2026-03,5134,5134,2026-07-31,012067,D467,c_d467
LOMBARDIA,VARESE,FERNO,1964,1964,100.0,0,0,Invariato,2026-07,1964,1964,2026-07-31,012068,D543,c_d543
LOMBARDIA,VARESE,FERRERA DI VARESE,434,0,0.0,0,0,Invariato,2026-03,0,434,2026-07-31,012069,D551,c_d551
LOMBARDIA,VARESE,GALLARATE,14306,3481,24.33,3167,0,Aggiunte coordinate,2026-07,314,14306,2026-07-31,012070,D869,c_d869
LOMBARDIA,VARESE,GALLIATE LOMBARDO,260,260,100.0,0,0,Invariato,2026-03,260,260,2026-07-31,012071,D871,c_d871
LOMBARDIA,VARESE,GAVIRATE,2582,0,0.0,0,0,Invariato,2026-03,0,2582,2026-07-31,012072,D946,c_d946
LOMBARDIA,VARESE,GAZZADA SCHIANNO,1386,1386,100.0,0,0,Invariato,2026-03,1386,1386,2026-07-31,012073,D951,c_d951
LOMBARDIA,VARESE,GEMONIO,1026,1,0.1,0,0,Invariato,2026-03,1,1026,2026-07-31,012074,D963,c_d963
LOMBARDIA,VARESE,GERENZANO,2302,2302,100.0,0,0,Invariato,2026-03,2302,2302,2026-07-31,012075,D981,c_d981
LOMBARDIA,VARESE,GERMIGNAGA,1520,0,0.0,0,0,Invariato,2026-03,0,1520,2026-07-31,012076,D987,c_d987
LOMBARDIA,VARESE,GOLASECCA,1564,0,0.0,0,0,Invariato,2026-03,0,1564,2026-07-31,012077,E079,c_e079
LOMBARDIA,VARESE,GORLA MAGGIORE,1305,0,0.0,0,0,Invariato,2026-03,0,1305,2026-07-31,012078,E101,c_e101
LOMBARDIA,VARESE,GORLA MINORE,4531,0,0.0,0,0,Invariato,2026-03,0,4531,2026-07-31,012079,E102,c_e102
LOMBARDIA,VARESE,GORNATE-OLONA,825,825,100.0,0,0,Invariato,2026-03,825,825,2026-07-31,012080,E104,c_e104
LOMBARDIA,VARESE,GRANTOLA,477,477,100.0,0,0,Invariato,2026-03,477,477,2026-07-31,012081,E144,c_e144
LOMBARDIA,VARESE,INARZO,505,505,100.0,0,0,Invariato,2026-03,505,505,2026-07-31,012082,E292,c_e292
LOMBARDIA,VARESE,INDUNO OLONA,2330,142,6.09,0,0,Invariato,2026-03,142,2330,2026-07-31,012083,E299,c_e299
LOMBARDIA,VARESE,ISPRA,2045,2045,100.0,0,0,Invariato,2026-03,2045,2045,2026-07-31,012084,E367,c_e367
LOMBARDIA,VARESE,JERAGO CON ORAGO,1537,0,0.0,0,0,Invariato,2026-03,0,1537,2026-07-31,012085,E386,c_e386
LOMBARDIA,VARESE,LAVENA PONTE TRESA,2043,0,0.0,0,0,Invariato,2026-03,0,2043,2026-07-31,012086,E494,c_e494
LOMBARDIA,VARESE,LAVENO-MOMBELLO,3722,2298,61.74,2269,0,Aggiunte coordinate,2026-07,29,3722,2026-07-31,012087,E496,c_e496
LOMBARDIA,VARESE,LEGGIUNO,2063,0,0.0,0,0,Invariato,2026-03,0,2063,2026-07-31,012088,E510,c_e510
LOMBARDIA,VARESE,LONATE CEPPINO,1146,0,0.0,0,0,Invariato,2026-03,0,1146,2026-07-31,012089,E665,c_e665
LOMBARDIA,VARESE,LONATE POZZOLO,3438,3438,100.0,0,0,Invariato,2026-03,3438,3438,2026-07-31,012090,E666,c_e666
LOMBARDIA,VARESE,LOZZA,363,363,100.0,363,0,Aggiunte coordinate,2026-07,0,363,2026-07-31,012091,E707,c_707
LOMBARDIA,VARESE,LUINO,4479,4479,100.0,0,0,Invariato,2026-03,4479,4479,2026-07-31,012092,E734,c_e734
LOMBARDIA,VARESE,LUVINATE,294,0,0.0,0,0,Invariato,2026-03,0,294,2026-07-31,012093,E769,c_q769
LOMBARDIA,VARESE,MACCAGNO CON PINO E VEDDASCA,3006,3006,100.0,0,0,Invariato,2026-03,3006,3006,2026-07-31,012142,M339,c_m339
LOMBARDIA,VARESE,MALNATE,3534,3354,94.91,0,0,Invariato,2026-03,3354,3534,2026-07-31,012096,E863,c_e863
LOMBARDIA,VARESE,MARCHIROLO,1240,1240,100.0,0,0,Invariato,2026-03,1240,1240,2026-07-31,012097,E929,c_e929
LOMBARDIA,VARESE,MARNATE,4359,4359,100.0,0,0,Invariato,2026-03,4359,4359,2026-07-31,012098,E965,c_e965
LOMBARDIA,VARESE,MARZIO,240,0,0.0,0,0,Invariato,2026-03,0,240,2026-07-31,012099,F002,c_f002
LOMBARDIA,VARESE,MASCIAGO PRIMO,151,0,0.0,0,0,Invariato,2026-03,0,151,2026-07-31,012100,F007,c_f007
LOMBARDIA,VARESE,MERCALLO,1210,1210,100.0,0,0,Invariato,2026-03,1210,1210,2026-07-31,012101,F134,c_f134
LOMBARDIA,VARESE,MESENZANA,532,13,2.44,0,0,Invariato,2026-03,13,532,2026-07-31,012102,F154,c_f154
LOMBARDIA,VARESE,MONTEGRINO VALTRAVAGLIA,1864,1864,100.0,0,0,Invariato,2026-03,1864,1864,2026-07-31,012103,F526,c_f526
LOMBARDIA,VARESE,MONVALLE,708,0,0.0,0,0,Invariato,2026-03,0,708,2026-07-31,012104,F703,c_f703
LOMBARDIA,VARESE,MORAZZONE,1262,1191,94.37,0,71,Aggiunti civici,2026-07,1191,1191,2026-07-31,012105,F711,c_f711
LOMBARDIA,VARESE,MORNAGO,1646,1646,100.0,0,0,Invariato,2026-03,1646,1646,2026-07-31,012106,F736,c_f736
LOMBARDIA,VARESE,OGGIONA CON SANTO STEFANO,2035,2035,100.0,0,0,Invariato,2026-03,2035,2035,2026-07-31,012107,G008,c_g008
LOMBARDIA,VARESE,OLGIATE OLONA,5537,5537,100.0,109,0,Aggiunte coordinate,2026-07,5428,5537,2026-07-31,012108,G028,c_g028
LOMBARDIA,VARESE,ORIGGIO,2358,0,0.0,0,0,Invariato,2026-07,0,2358,2026-07-31,012109,G103,c_g103
LOMBARDIA,VARESE,ORINO,439,439,100.0,0,0,Invariato,2026-03,439,439,2026-07-31,012110,G105,c_g105
LOMBARDIA,VARESE,PORTO CERESIO,1228,0,0.0,0,0,Invariato,2026-03,0,1228,2026-07-31,012113,G906,c_g906
LOMBARDIA,VARESE,PORTO VALTRAVAGLIA,1906,0,0.0,0,0,Invariato,2026-03,0,1906,2026-07-31,012114,G907,c_g907
LOMBARDIA,VARESE,RANCIO VALCUVIA,390,390,100.0,0,0,Invariato,2026-03,390,390,2026-07-31,012115,H173,c_h173b
LOMBARDIA,VARESE,RANCO,746,0,0.0,0,0,Invariato,2026-03,0,746,2026-07-31,012116,H174,c_h174
LOMBARDIA,VARESE,SALTRIO,1532,128,8.36,128,0,Aggiunte coordinate,2026-07,0,1532,2026-07-31,012117,H723,c_h723
LOMBARDIA,VARESE,SAMARATE,10921,10921,100.0,0,0,Invariato,2026-03,10921,10921,2026-07-31,012118,H736,c_h736
LOMBARDIA,VARESE,SANGIANO,889,889,100.0,0,0,Invariato,2026-03,889,889,2026-07-31,012141,H872,c_h872
LOMBARDIA,VARESE,SARONNO,5951,5951,100.0,0,0,Invariato,2026-03,5951,5951,2026-07-31,012119,I441,c_i441
LOMBARDIA,VARESE,SESTO CALENDE,3908,0,0.0,0,0,Invariato,2026-03,0,3908,2026-07-31,012120,I688,c_i688
LOMBARDIA,VARESE,SOLBIATE ARNO,1146,1146,100.0,0,0,Invariato,2026-03,1146,1146,2026-07-31,012121,I793,c_i793
LOMBARDIA,VARESE,SOLBIATE OLONA,1611,1611,100.0,0,0,Invariato,2026-03,1611,1611,2026-07-31,012122,I794,c_i794
LOMBARDIA,VARESE,SOMMA LOMBARDO,6903,6903,100.0,0,0,Invariato,2026-03,6903,6903,2026-07-31,012123,I819,c_i819
LOMBARDIA,VARESE,SUMIRAGO,1614,1614,100.0,0,0,Invariato,2026-07,1614,1614,2026-07-31,012124,L003,c_l003
LOMBARDIA,VARESE,TAINO,2467,2467,100.0,0,0,Invariato,2026-03,2467,2467,2026-07-31,012125,L032,c_l032
LOMBARDIA,VARESE,TERNATE,891,891,100.0,0,0,Invariato,2026-07,891,891,2026-07-31,012126,L115,c_l115
LOMBARDIA,VARESE,TRADATE,4423,4423,100.0,0,0,Invariato,2026-03,4423,4423,2026-07-31,012127,L319,c_l319
LOMBARDIA,VARESE,TRAVEDONA-MONATE,2827,0,0.0,0,0,Invariato,2026-03,0,2827,2026-07-31,012128,L342,c_l342
LOMBARDIA,VARESE,TRONZANO LAGO MAGGIORE,400,0,0.0,0,0,Invariato,2026-03,0,400,2026-07-31,012129,A705,c_a705
LOMBARDIA,VARESE,UBOLDO,1820,1820,100.0,0,0,Invariato,2026-03,1820,1820,2026-07-31,012130,L480,c_l480
LOMBARDIA,VARESE,VALGANNA,1017,0,0.0,0,0,Invariato,2026-03,0,1017,2026-07-31,012131,L577,c_l577
LOMBARDIA,VARESE,VARANO BORGHI,747,0,0.0,0,0,Invariato,2026-03,0,747,2026-07-31,012132,L671,c_l671
LOMBARDIA,VARESE,VARESE,13752,13752,100.0,0,0,Invariato,2026-03,13752,13752,2026-07-31,012133,L682,c_l682
LOMBARDIA,VARESE,VEDANO OLONA,2218,2218,100.0,0,0,Invariato,2026-03,2218,2218,2026-07-31,012134,L703,c_l703
LOMBARDIA,VARESE,VENEGONO INFERIORE,1486,1486,100.0,0,0,Invariato,2026-03,1486,1486,2026-07-31,012136,L733,c_l733
LOMBARDIA,VARESE,VENEGONO SUPERIORE,2032,2032,100.0,0,0,Invariato,2026-03,2032,2032,2026-07-31,012137,L734,c_l734
LOMBARDIA,VARESE,VERGIATE,3247,0,0.0,0,0,Invariato,2026-03,0,3247,2026-07-31,012138,L765,c_l765
LOMBARDIA,VARESE,VIGGIU',3091,5,0.16,0,0,Invariato,2026-03,5,3091,2026-07-31,012139,L876,c_l876
LOMBARDIA,VARESE,VIZZOLA TICINO,321,0,0.0,0,0,Invariato,2026-03,0,321,2026-07-31,012140,M101,c_m101
