REGIONE,PROVINCIA,COMUNE,NUMERI_CIVICI,CON_COORDINATE,COMPLETAMENTO_%,COORDINATE_AGGIUNTE,CIVICI_AGGIUNTI,COSA_E_CAMBIATO,ULTIMO_AGGIORNAMENTO,CON_COORDINATE_MESE_SCORSO,NUMERI_CIVICI_MESE_SCORSO,DATI_AGGIORNATI_AL,CODICE_ISTAT,CODICE_CATASTALE,CODICE_IPA
PIEMONTE,ALESSANDRIA,ACQUI TERME,10305,10305,100.0,0,0,Invariato,2026-03,10305,10305,2026-07-31,006001,A052,c_a052
PIEMONTE,ALESSANDRIA,ALBERA LIGURE,539,539,100.0,0,0,Invariato,2026-07,539,539,2026-07-31,006002,A146,c_a146
PIEMONTE,ALESSANDRIA,ALESSANDRIA,27340,27340,100.0,0,0,Invariato,2026-03,27340,27340,2026-07-31,006003,A182,c_a182
PIEMONTE,ALESSANDRIA,ALFIANO NATTA,743,743,100.0,0,0,Invariato,2026-03,743,743,2026-07-31,006004,A189,c_a189
PIEMONTE,ALESSANDRIA,ALICE BEL COLLE,611,611,100.0,0,0,Invariato,2026-03,611,611,2026-07-31,006005,A197,c_a197
PIEMONTE,ALESSANDRIA,ALLUVIONI PIOVERA,1521,0,0.0,0,0,Invariato,2026-03,0,1521,2026-07-31,006192,M397,c_m397
PIEMONTE,ALESSANDRIA,ALTAVILLA MONFERRATO,450,450,100.0,0,0,Invariato,2026-03,450,450,2026-07-31,006007,A227,c_a227
PIEMONTE,ALESSANDRIA,ALZANO SCRIVIA,251,251,100.0,0,0,Invariato,2026-07,251,251,2026-07-31,006008,A245,c_a245
PIEMONTE,ALESSANDRIA,ARQUATA SCRIVIA,1600,0,0.0,0,0,Invariato,2026-03,0,1600,2026-07-31,006009,A436,c_a436
PIEMONTE,ALESSANDRIA,AVOLASCA,326,326,100.0,0,0,Invariato,2026-03,326,326,2026-07-31,006010,A523,c_a523
PIEMONTE,ALESSANDRIA,BALZOLA,1364,1364,100.0,0,0,Invariato,2026-03,1364,1364,2026-07-31,006011,A605,c_a605
PIEMONTE,ALESSANDRIA,BASALUZZO,1051,1051,100.0,0,0,Invariato,2026-03,1051,1051,2026-07-31,006012,A689,c_a689
PIEMONTE,ALESSANDRIA,BASSIGNANA,1319,1319,100.0,0,0,Invariato,2026-03,1319,1319,2026-07-31,006013,A708,c_a708
PIEMONTE,ALESSANDRIA,BELFORTE MONFERRATO,333,333,100.0,0,0,Invariato,2026-03,333,333,2026-07-31,006014,A738,c_a738
PIEMONTE,ALESSANDRIA,BERGAMASCO,559,0,0.0,0,0,Invariato,2026-03,0,559,2026-07-31,006015,A793,c_a793
PIEMONTE,ALESSANDRIA,BERZANO DI TORTONA,112,0,0.0,0,0,Invariato,2026-03,0,112,2026-07-31,006016,A813,c_a813
PIEMONTE,ALESSANDRIA,BISTAGNO,1686,1686,100.0,0,0,Invariato,2026-03,1686,1686,2026-07-31,006017,A889,c_a889
PIEMONTE,ALESSANDRIA,BORGHETTO DI BORBERA,2427,2427,100.0,0,0,Invariato,2026-03,2427,2427,2026-07-31,006018,A998,c_a998
PIEMONTE,ALESSANDRIA,BORGO SAN MARTINO,790,0,0.0,0,0,Invariato,2026-03,0,790,2026-07-31,006020,B037,c_b037
PIEMONTE,ALESSANDRIA,BORGORATTO ALESSANDRINO,406,406,100.0,0,0,Invariato,2026-07,406,406,2026-07-31,006019,B029,c_b029
PIEMONTE,ALESSANDRIA,BOSCO MARENGO,2279,2279,100.0,0,0,Invariato,2026-03,2279,2279,2026-07-31,006021,B071,c_b071
PIEMONTE,ALESSANDRIA,BOSIO,818,818,100.0,0,0,Invariato,2026-03,818,818,2026-07-31,006022,B080,c_b080
PIEMONTE,ALESSANDRIA,BOZZOLE,291,291,100.0,0,0,Invariato,2026-07,291,291,2026-07-31,006023,B109,c_b109
PIEMONTE,ALESSANDRIA,BRIGNANO-FRASCATA,524,0,0.0,0,0,Invariato,2026-03,0,524,2026-07-31,006024,B179,c_b179
PIEMONTE,ALESSANDRIA,CABELLA LIGURE,1141,1141,100.0,0,0,Invariato,2026-03,1141,1141,2026-07-31,006025,B311,c_b311
PIEMONTE,ALESSANDRIA,CAMAGNA MONFERRATO,867,867,100.0,0,0,Invariato,2026-03,867,867,2026-07-31,006026,B453,c_b453
PIEMONTE,ALESSANDRIA,CAMINO,883,883,100.0,0,0,Invariato,2026-03,883,883,2026-07-31,006027,B482,c_b482
PIEMONTE,ALESSANDRIA,CANTALUPO LIGURE,787,787,100.0,0,0,Invariato,2026-03,787,787,2026-07-31,006028,B629,c_b629
PIEMONTE,ALESSANDRIA,CAPRIATA D'ORBA,1473,1473,100.0,0,0,Invariato,2026-03,1473,1473,2026-07-31,006029,B701,c_b701
PIEMONTE,ALESSANDRIA,CARBONARA SCRIVIA,797,797,100.0,797,0,Aggiunte coordinate,2026-07,0,797,2026-07-31,006030,B736,c_b736
PIEMONTE,ALESSANDRIA,CARENTINO,252,252,100.0,0,0,Invariato,2026-03,252,252,2026-07-31,006031,B765,c_b765
PIEMONTE,ALESSANDRIA,CAREZZANO,892,0,0.0,0,0,Invariato,2026-03,0,892,2026-07-31,006032,B769,c_b769
PIEMONTE,ALESSANDRIA,CARPENETO,1323,1323,100.0,0,0,Invariato,2026-03,1323,1323,2026-07-31,006033,B818,c_b818
PIEMONTE,ALESSANDRIA,CARREGA LIGURE,757,757,100.0,0,0,Invariato,2026-03,757,757,2026-07-31,006034,B836,c_b836
PIEMONTE,ALESSANDRIA,CARROSIO,340,340,100.0,340,0,Aggiunte coordinate,2026-07,0,340,2026-07-31,006035,B840,c_b840
PIEMONTE,ALESSANDRIA,CARTOSIO,902,893,99.0,0,9,Aggiunti civici,2026-07,893,893,2026-07-31,006036,B847,c_b847
PIEMONTE,ALESSANDRIA,CASAL CERMELLI,1053,1053,100.0,0,0,Invariato,2026-03,1053,1053,2026-07-31,006037,B870,c_b870
PIEMONTE,ALESSANDRIA,CASALE MONFERRATO,10851,10851,100.0,0,0,Invariato,2026-03,10851,10851,2026-07-31,006039,B885,c_b885
PIEMONTE,ALESSANDRIA,CASALEGGIO BOIRO,392,392,100.0,392,0,Aggiunte coordinate,2026-07,0,392,2026-07-31,006038,B882,c_b882
PIEMONTE,ALESSANDRIA,CASALNOCETO,569,569,100.0,0,0,Invariato,2026-03,569,569,2026-07-31,006040,B902,c_b902
PIEMONTE,ALESSANDRIA,CASASCO,208,208,100.0,0,0,Invariato,2026-03,208,208,2026-07-31,006041,B941,c_b941
PIEMONTE,ALESSANDRIA,CASSANO SPINOLA,1279,1279,100.0,0,0,Invariato,2026-03,1279,1279,2026-07-31,006191,M388,c_m388
PIEMONTE,ALESSANDRIA,CASSINE,2532,2532,100.0,0,0,Invariato,2026-03,2532,2532,2026-07-31,006043,C027,c_c027
PIEMONTE,ALESSANDRIA,CASSINELLE,1039,1039,100.0,1,0,Aggiunte coordinate,2026-07,1038,1039,2026-07-31,006044,C030,c_c030
PIEMONTE,ALESSANDRIA,CASTELLANIA COPPI,107,107,100.0,107,0,Aggiunte coordinate,2026-07,0,107,2026-07-31,006045,C137,c_c137
PIEMONTE,ALESSANDRIA,CASTELLAR GUIDOBONO,207,207,100.0,0,0,Invariato,2026-03,207,207,2026-07-31,006046,C142,c_c142
PIEMONTE,ALESSANDRIA,CASTELLAZZO BORMIDA,3163,3163,100.0,0,0,Invariato,2026-03,3163,3163,2026-07-31,006047,C148,c_c148
PIEMONTE,ALESSANDRIA,CASTELLETTO D'ERRO,178,0,0.0,0,0,Invariato,2026-03,0,178,2026-07-31,006048,C156,c_c156
PIEMONTE,ALESSANDRIA,CASTELLETTO D'ORBA,1287,0,0.0,0,0,Invariato,2026-03,0,1287,2026-07-31,006049,C158,c_c158
PIEMONTE,ALESSANDRIA,CASTELLETTO MERLI,560,560,100.0,0,0,Invariato,2026-07,560,560,2026-07-31,006050,C160,c_c160
PIEMONTE,ALESSANDRIA,CASTELLETTO MONFERRATO,1185,0,0.0,0,0,Invariato,2026-03,0,1185,2026-07-31,006051,C162,c_c162
PIEMONTE,ALESSANDRIA,CASTELNUOVO BORMIDA,680,680,100.0,0,0,Invariato,2026-03,680,680,2026-07-31,006052,C229,c_c229
PIEMONTE,ALESSANDRIA,CASTELNUOVO SCRIVIA,3278,3278,100.0,0,0,Invariato,2026-03,3278,3278,2026-07-31,006053,C243,c_c243
PIEMONTE,ALESSANDRIA,CASTELSPINA,365,365,100.0,0,0,Invariato,2026-03,365,365,2026-07-31,006054,C274,c_c274
PIEMONTE,ALESSANDRIA,CAVATORE,375,375,100.0,0,0,Invariato,2026-03,375,375,2026-07-31,006055,C387,c_c387
PIEMONTE,ALESSANDRIA,CELLA MONTE,352,352,100.0,0,0,Invariato,2026-03,352,352,2026-07-31,006056,C432,c_c432
PIEMONTE,ALESSANDRIA,CERESETO,386,386,100.0,0,0,Invariato,2026-03,386,386,2026-07-31,006057,C503,c_c503
PIEMONTE,ALESSANDRIA,CERRETO GRUE,289,0,0.0,0,0,Invariato,2026-03,0,289,2026-07-31,006058,C507,c_c507
PIEMONTE,ALESSANDRIA,CERRINA MONFERRATO,999,0,0.0,0,0,Invariato,2026-03,0,999,2026-07-31,006059,C531,c_c531
PIEMONTE,ALESSANDRIA,CONIOLO,403,403,100.0,0,0,Invariato,2026-03,403,403,2026-07-31,006060,C962,c_c962
PIEMONTE,ALESSANDRIA,CONZANO,820,139,16.95,0,0,Invariato,2026-03,139,820,2026-07-31,006061,C977,c_c977
PIEMONTE,ALESSANDRIA,COSTA VESCOVATO,446,0,0.0,0,0,Invariato,2026-03,0,446,2026-07-31,006062,D102,c_d102
PIEMONTE,ALESSANDRIA,CREMOLINO,1015,0,0.0,0,0,Invariato,2026-03,0,1015,2026-07-31,006063,D149,c_d149
PIEMONTE,ALESSANDRIA,DENICE,187,187,100.0,0,0,Invariato,2026-03,187,187,2026-07-31,006065,D272,c_d272
PIEMONTE,ALESSANDRIA,DERNICE,262,262,100.0,0,0,Invariato,2026-03,262,262,2026-07-31,006066,D277,c_d277
PIEMONTE,ALESSANDRIA,FABBRICA CURONE,632,0,0.0,0,0,Invariato,2026-03,0,632,2026-07-31,006067,D447,c_d447
PIEMONTE,ALESSANDRIA,FELIZZANO,1225,0,0.0,0,0,Invariato,2026-03,0,1225,2026-07-31,006068,D528,c_d528
PIEMONTE,ALESSANDRIA,FRACONALTO,485,485,100.0,0,0,Invariato,2026-07,485,485,2026-07-31,006069,D559,c_d559
PIEMONTE,ALESSANDRIA,FRANCAVILLA BISIO,292,292,100.0,0,0,Invariato,2026-03,292,292,2026-07-31,006070,D759,c_d759
PIEMONTE,ALESSANDRIA,FRASCARO,260,0,0.0,0,0,Invariato,2026-03,0,260,2026-07-31,006071,D770,c_d770
PIEMONTE,ALESSANDRIA,FRASSINELLO MONFERRATO,483,0,0.0,0,0,Invariato,2026-03,0,483,2026-07-31,006072,D777,c_d777
PIEMONTE,ALESSANDRIA,FRASSINETO PO,1192,1192,100.0,0,0,Invariato,2026-03,1192,1192,2026-07-31,006073,D780,c_d780
PIEMONTE,ALESSANDRIA,FRESONARA,908,810,89.21,0,0,Invariato,2026-07,810,908,2026-07-31,006074,D797,c_d797
PIEMONTE,ALESSANDRIA,FRUGAROLO,1230,1230,100.0,0,0,Invariato,2026-03,1230,1230,2026-07-31,006075,D813,c_d813
PIEMONTE,ALESSANDRIA,FUBINE MONFERRATO,1021,0,0.0,0,0,Invariato,2026-03,0,1021,2026-07-31,006076,D814,c_d814
PIEMONTE,ALESSANDRIA,GABIANO,978,0,0.0,0,0,Invariato,2026-03,0,978,2026-07-31,006077,D835,c_d835
PIEMONTE,ALESSANDRIA,GAMALERO,711,711,100.0,0,0,Invariato,2026-03,711,711,2026-07-31,006078,D890,c_d890
PIEMONTE,ALESSANDRIA,GARBAGNA,889,800,89.99,0,89,Aggiunti civici,2026-07,800,800,2026-07-31,006079,D910,c_d910
PIEMONTE,ALESSANDRIA,GAVI,2878,2878,100.0,2878,0,Aggiunte coordinate,2026-07,0,2878,2026-07-31,006081,D944,c_d944
PIEMONTE,ALESSANDRIA,GIAROLE,323,323,100.0,0,0,Invariato,2026-03,323,323,2026-07-31,006082,E015,c_e015
PIEMONTE,ALESSANDRIA,GREMIASCO,392,0,0.0,0,0,Invariato,2026-03,0,392,2026-07-31,006083,E164,c_e164
PIEMONTE,ALESSANDRIA,GROGNARDO,547,547,100.0,0,0,Invariato,2026-03,547,547,2026-07-31,006084,E188,c_e188
PIEMONTE,ALESSANDRIA,GRONDONA,561,0,0.0,0,0,Invariato,2026-03,0,561,2026-07-31,006085,E191,c_e191
PIEMONTE,ALESSANDRIA,GUAZZORA,271,271,100.0,0,0,Invariato,2026-07,271,271,2026-07-31,006086,E255,c_e255
PIEMONTE,ALESSANDRIA,ISOLA SANT'ANTONIO,693,0,0.0,0,0,Invariato,2026-03,0,693,2026-07-31,006087,E360,c_e360
PIEMONTE,ALESSANDRIA,LERMA,643,12,1.87,0,0,Invariato,2026-03,12,643,2026-07-31,006088,E543,c_e543
PIEMONTE,ALESSANDRIA,LU E CUCCARO MONFERRATO,1782,0,0.0,0,0,Invariato,2026-03,0,1782,2026-07-31,006193,M420,c_m420
PIEMONTE,ALESSANDRIA,MALVICINO,162,162,100.0,0,0,Invariato,2026-03,162,162,2026-07-31,006090,E870,c_e870
PIEMONTE,ALESSANDRIA,MASIO,960,960,100.0,0,0,Invariato,2026-03,960,960,2026-07-31,006091,F015,c_f015
PIEMONTE,ALESSANDRIA,MELAZZO,1075,1075,100.0,0,0,Invariato,2026-03,1075,1075,2026-07-31,006092,F096,c_f096
PIEMONTE,ALESSANDRIA,MERANA,297,180,60.61,0,0,Invariato,2026-07,180,297,2026-07-31,006093,F131,c_f131
PIEMONTE,ALESSANDRIA,MIRABELLO MONFERRATO,1088,1088,100.0,1088,0,Aggiunte coordinate,2026-07,0,1088,2026-07-31,006094,F232,c_f232
PIEMONTE,ALESSANDRIA,MOLARE,1265,1265,100.0,0,0,Invariato,2026-03,1265,1265,2026-07-31,006095,F281,c_f281
PIEMONTE,ALESSANDRIA,MOLINO DEI TORTI,547,0,0.0,0,0,Invariato,2026-03,0,547,2026-07-31,006096,F293,c_f293
PIEMONTE,ALESSANDRIA,MOMBELLO MONFERRATO,920,0,0.0,0,0,Invariato,2026-03,0,920,2026-07-31,006097,F313,c_f313
PIEMONTE,ALESSANDRIA,MOMPERONE,245,0,0.0,0,0,Invariato,2026-03,0,245,2026-07-31,006098,F320,c_f320
PIEMONTE,ALESSANDRIA,MONCESTINO,233,0,0.0,0,0,Invariato,2026-03,0,233,2026-07-31,006099,F337,c_f337
PIEMONTE,ALESSANDRIA,MONGIARDINO LIGURE,369,0,0.0,0,0,Invariato,2026-03,0,369,2026-07-31,006100,F365,c_f365
PIEMONTE,ALESSANDRIA,MONLEALE,670,0,0.0,0,0,Invariato,2026-03,0,670,2026-07-31,006101,F374,c_f374
PIEMONTE,ALESSANDRIA,MONTACUTO,477,477,100.0,0,0,Invariato,2026-03,477,477,2026-07-31,006102,F387,c_f387
PIEMONTE,ALESSANDRIA,MONTALDEO,288,161,55.9,0,0,Invariato,2026-07,161,288,2026-07-31,006103,F403,c_f403
PIEMONTE,ALESSANDRIA,MONTALDO BORMIDA,717,717,100.0,0,0,Invariato,2026-03,717,717,2026-07-31,006104,F404,c_f404
PIEMONTE,ALESSANDRIA,MONTECASTELLO,387,387,100.0,0,0,Invariato,2026-03,387,387,2026-07-31,006105,F455,c_f455
PIEMONTE,ALESSANDRIA,MONTECHIARO D'ACQUI,413,413,100.0,0,0,Invariato,2026-03,413,413,2026-07-31,006106,F469,c_f469
PIEMONTE,ALESSANDRIA,MONTEGIOCO,126,0,0.0,0,0,Invariato,2026-03,0,126,2026-07-31,006107,F518,c_f518
PIEMONTE,ALESSANDRIA,MONTEMARZINO,481,0,0.0,0,0,Invariato,2026-07,0,481,2026-07-31,006108,F562,c_f562
PIEMONTE,ALESSANDRIA,MORANO SUL PO,926,926,100.0,0,0,Invariato,2026-03,926,926,2026-07-31,006109,F707,c_f707
PIEMONTE,ALESSANDRIA,MORBELLO,694,694,100.0,0,0,Invariato,2026-03,694,694,2026-07-31,006110,F713,c_f713
PIEMONTE,ALESSANDRIA,MORNESE,686,686,100.0,0,0,Invariato,2026-03,686,686,2026-07-31,006111,F737,c_f737
PIEMONTE,ALESSANDRIA,MORSASCO,563,563,100.0,0,0,Invariato,2026-03,563,563,2026-07-31,006112,F751,c_f751
PIEMONTE,ALESSANDRIA,MURISENGO MONFERRATO,1273,1273,100.0,0,0,Invariato,2026-03,1273,1273,2026-07-31,006113,F814,c_f814
PIEMONTE,ALESSANDRIA,NOVI LIGURE,7845,7845,100.0,0,0,Invariato,2026-03,7845,7845,2026-07-31,006114,F965,c_f965
PIEMONTE,ALESSANDRIA,OCCIMIANO,1034,1034,100.0,0,0,Invariato,2026-03,1034,1034,2026-07-31,006115,F995,c_f995
PIEMONTE,ALESSANDRIA,ODALENGO GRANDE,550,0,0.0,0,0,Invariato,2026-03,0,550,2026-07-31,006116,F997,c_f997
PIEMONTE,ALESSANDRIA,ODALENGO PICCOLO,217,217,100.0,0,0,Invariato,2026-03,217,217,2026-07-31,006117,F998,c_f998
PIEMONTE,ALESSANDRIA,OLIVOLA,119,0,0.0,0,0,Invariato,2026-03,0,119,2026-07-31,006118,G042,c_g042
PIEMONTE,ALESSANDRIA,ORSARA BORMIDA,484,484,100.0,0,0,Invariato,2026-03,484,484,2026-07-31,006119,G124,c_g124
PIEMONTE,ALESSANDRIA,OTTIGLIO,392,392,100.0,0,0,Invariato,2026-03,392,392,2026-07-31,006120,G193,c_g193
PIEMONTE,ALESSANDRIA,OVADA,5352,5352,100.0,0,0,Invariato,2026-03,5352,5352,2026-07-31,006121,G197,c_g197
PIEMONTE,ALESSANDRIA,OVIGLIO,892,892,100.0,0,0,Invariato,2026-03,892,892,2026-07-31,006122,G199,c_g199
PIEMONTE,ALESSANDRIA,OZZANO MONFERRATO,1226,1226,100.0,0,0,Invariato,2026-03,1226,1226,2026-07-31,006123,G204,c_g204
PIEMONTE,ALESSANDRIA,PADERNA,190,70,36.84,0,0,Invariato,2026-03,70,190,2026-07-31,006124,G215,c_g215
PIEMONTE,ALESSANDRIA,PARETO,710,710,100.0,0,0,Invariato,2026-03,710,710,2026-07-31,006125,G334,c_g334
PIEMONTE,ALESSANDRIA,PARODI LIGURE,807,807,100.0,0,0,Invariato,2026-03,807,807,2026-07-31,006126,G338,c_g338
PIEMONTE,ALESSANDRIA,PASTURANA,665,665,100.0,0,0,Invariato,2026-03,665,665,2026-07-31,006127,G367,c_g367
PIEMONTE,ALESSANDRIA,PECETTO DI VALENZA,864,864,100.0,0,0,Invariato,2026-03,864,864,2026-07-31,006128,G397,c_g397
PIEMONTE,ALESSANDRIA,PIETRA MARAZZI,641,641,100.0,0,0,Invariato,2026-03,641,641,2026-07-31,006129,G619,c_g619
PIEMONTE,ALESSANDRIA,POMARO MONFERRATO,331,331,100.0,0,0,Invariato,2026-03,331,331,2026-07-31,006131,G807,c_g807
PIEMONTE,ALESSANDRIA,PONTECURONE,2241,2241,100.0,0,0,Invariato,2026-03,2241,2241,2026-07-31,006132,G839,c_g839
PIEMONTE,ALESSANDRIA,PONTESTURA,1259,1259,100.0,0,0,Invariato,2026-03,1259,1259,2026-07-31,006133,G858,c_g858
PIEMONTE,ALESSANDRIA,PONTI,630,630,100.0,0,0,Invariato,2026-03,630,630,2026-07-31,006134,G861,c_g861
PIEMONTE,ALESSANDRIA,PONZANO MONFERRATO,392,392,100.0,392,0,Aggiunte coordinate,2026-07,0,392,2026-07-31,006135,G872,c_g872
PIEMONTE,ALESSANDRIA,PONZONE,2440,0,0.0,0,0,Invariato,2026-03,0,2440,2026-07-31,006136,G877,c_g877
PIEMONTE,ALESSANDRIA,POZZOL GROPPO,359,0,0.0,0,0,Invariato,2026-03,0,359,2026-07-31,006137,G960,c_g960
PIEMONTE,ALESSANDRIA,POZZOLO FORMIGARO,2881,2881,100.0,0,0,Invariato,2026-03,2881,2881,2026-07-31,006138,G961,c_g961
PIEMONTE,ALESSANDRIA,PRASCO,378,378,100.0,0,0,Invariato,2026-03,378,378,2026-07-31,006139,G987,c_g987
PIEMONTE,ALESSANDRIA,PREDOSA,1774,0,0.0,0,0,Invariato,2026-03,0,1774,2026-07-31,006140,H021,c_h021
PIEMONTE,ALESSANDRIA,QUARGNENTO,934,0,0.0,0,0,Invariato,2026-03,0,934,2026-07-31,006141,H104,c_h104
PIEMONTE,ALESSANDRIA,QUATTORDIO,1179,22,1.87,0,0,Invariato,2026-03,22,1179,2026-07-31,006142,H121,c_h121
PIEMONTE,ALESSANDRIA,RICALDONE,687,687,100.0,0,0,Invariato,2026-03,687,687,2026-07-31,006143,H272,c_h272
PIEMONTE,ALESSANDRIA,RIVALTA BORMIDA,1269,1269,100.0,0,0,Invariato,2026-03,1269,1269,2026-07-31,006144,H334,c_h334
PIEMONTE,ALESSANDRIA,RIVARONE,458,384,83.84,0,0,Invariato,2026-07,384,458,2026-07-31,006145,H343,c_h343
PIEMONTE,ALESSANDRIA,ROCCA GRIMALDA,1854,1854,100.0,0,0,Invariato,2026-03,1854,1854,2026-07-31,006147,H414,c_h414
PIEMONTE,ALESSANDRIA,ROCCAFORTE LIGURE,284,0,0.0,0,0,Invariato,2026-03,0,284,2026-07-31,006146,H406,c_h406
PIEMONTE,ALESSANDRIA,ROCCHETTA LIGURE,247,0,0.0,0,0,Invariato,2026-03,0,247,2026-07-31,006148,H465,c_h465
PIEMONTE,ALESSANDRIA,ROSIGNANO MONFERRATO,1241,1241,100.0,0,0,Invariato,2026-03,1241,1241,2026-07-31,006149,H569,c_h569
PIEMONTE,ALESSANDRIA,SALA MONFERRATO,538,538,100.0,0,0,Invariato,2026-03,538,538,2026-07-31,006150,H677,c_h677
PIEMONTE,ALESSANDRIA,SALE,3494,0,0.0,0,0,Invariato,2026-03,0,3494,2026-07-31,006151,H694,c_h694
PIEMONTE,ALESSANDRIA,SAN CRISTOFORO,430,0,0.0,0,0,Invariato,2026-03,0,430,2026-07-31,006152,H810,c_h810
PIEMONTE,ALESSANDRIA,SAN GIORGIO MONFERRATO,686,0,0.0,0,0,Invariato,2026-03,0,686,2026-07-31,006153,H878,c_h878
PIEMONTE,ALESSANDRIA,SAN SALVATORE MONFERRATO,2319,0,0.0,0,0,Invariato,2026-03,0,2319,2026-07-31,006154,I144,c_i144
PIEMONTE,ALESSANDRIA,SAN SEBASTIANO CURONE,599,0,0.0,0,0,Invariato,2026-03,0,599,2026-07-31,006155,I150,c_i150
PIEMONTE,ALESSANDRIA,SANT'AGATA FOSSILI,337,0,0.0,0,0,Invariato,2026-03,0,337,2026-07-31,006156,I190,c_i190
PIEMONTE,ALESSANDRIA,SARDIGLIANO,934,934,100.0,0,0,Invariato,2026-03,934,934,2026-07-31,006157,I429,c_i429
PIEMONTE,ALESSANDRIA,SAREZZANO,616,616,100.0,0,0,Invariato,2026-03,616,616,2026-07-31,006158,I432,c_i432
PIEMONTE,ALESSANDRIA,SERRALUNGA DI CREA,652,0,0.0,0,0,Invariato,2026-03,0,652,2026-07-31,006159,I645,c_i645
PIEMONTE,ALESSANDRIA,SERRAVALLE SCRIVIA,2193,2193,100.0,0,0,Invariato,2026-03,2193,2193,2026-07-31,006160,I657,c_i657
PIEMONTE,ALESSANDRIA,SEZZADIO,1298,1298,100.0,0,0,Invariato,2026-03,1298,1298,2026-07-31,006161,I711,c_I711
PIEMONTE,ALESSANDRIA,SILVANO D'ORBA,1601,1601,100.0,0,0,Invariato,2026-03,1601,1601,2026-07-31,006162,I738,c_i738
PIEMONTE,ALESSANDRIA,SOLERO,1205,1205,100.0,0,0,Invariato,2026-03,1205,1205,2026-07-31,006163,I798,c_i798
PIEMONTE,ALESSANDRIA,SOLONGHELLO,199,0,0.0,0,0,Invariato,2026-03,0,199,2026-07-31,006164,I808,c_i808
PIEMONTE,ALESSANDRIA,SPIGNO MONFERRATO,1379,1379,100.0,0,0,Invariato,2026-03,1379,1379,2026-07-31,006165,I901,c_i901
PIEMONTE,ALESSANDRIA,SPINETO SCRIVIA,311,0,0.0,0,0,Invariato,2026-03,0,311,2026-07-31,006166,I911,c_l911
PIEMONTE,ALESSANDRIA,STAZZANO,1866,1866,100.0,0,0,Invariato,2026-03,1866,1866,2026-07-31,006167,I941,c_i941
PIEMONTE,ALESSANDRIA,STREVI,2388,2388,100.0,2388,0,Aggiunte coordinate,2026-07,0,2388,2026-07-31,006168,I977,c_i977
PIEMONTE,ALESSANDRIA,TAGLIOLO MONFERRATO,1008,1008,100.0,0,0,Invariato,2026-07,1008,1008,2026-07-31,006169,L027,c_l027
PIEMONTE,ALESSANDRIA,TASSAROLO,622,622,100.0,0,0,Invariato,2026-03,622,622,2026-07-31,006170,L059,c_l059
PIEMONTE,ALESSANDRIA,TERRUGGIA,559,559,100.0,0,0,Invariato,2026-03,559,559,2026-07-31,006171,L139,c_l139
PIEMONTE,ALESSANDRIA,TERZO,689,689,100.0,0,0,Invariato,2026-03,689,689,2026-07-31,006172,L143,c_l143
PIEMONTE,ALESSANDRIA,TICINETO,991,984,99.29,0,0,Invariato,2026-03,984,991,2026-07-31,006173,L165,c_l165
PIEMONTE,ALESSANDRIA,TORTONA,5816,5640,96.97,0,0,Invariato,2026-03,5640,5816,2026-07-31,006174,L304,c_l304
PIEMONTE,ALESSANDRIA,TREVILLE,220,0,0.0,0,0,Invariato,2026-03,0,220,2026-07-31,006175,L403,c_l403
PIEMONTE,ALESSANDRIA,TRISOBBIO,717,717,100.0,0,0,Invariato,2026-03,717,717,2026-07-31,006176,L432,c_l432
PIEMONTE,ALESSANDRIA,VALENZA,4957,4957,100.0,0,0,Invariato,2026-03,4957,4957,2026-07-31,006177,L570,c_l570
PIEMONTE,ALESSANDRIA,VALMACCA,875,875,100.0,0,0,Invariato,2026-03,875,875,2026-07-31,006178,L633,c_l633
PIEMONTE,ALESSANDRIA,VIGNALE MONFERRATO,1101,0,0.0,0,0,Invariato,2026-03,0,1101,2026-07-31,006179,L881,c_l881
PIEMONTE,ALESSANDRIA,VIGNOLE BORBERA,1462,0,0.0,0,0,Invariato,2026-03,0,1462,2026-07-31,006180,L887,c_i887
PIEMONTE,ALESSANDRIA,VIGUZZOLO,1459,1459,100.0,0,0,Invariato,2026-03,1459,1459,2026-07-31,006181,L904,c_l904
PIEMONTE,ALESSANDRIA,VILLADEATI,837,837,100.0,0,0,Invariato,2026-03,837,837,2026-07-31,006182,L931,c_l931
PIEMONTE,ALESSANDRIA,VILLALVERNIA,845,845,100.0,0,0,Invariato,2026-03,845,845,2026-07-31,006183,L963,c_l963
PIEMONTE,ALESSANDRIA,VILLAMIROGLIO,392,0,0.0,0,0,Invariato,2026-03,0,392,2026-07-31,006184,L970,c_l970
PIEMONTE,ALESSANDRIA,VILLANOVA MONFERRATO,1110,1110,100.0,109,0,Aggiunte coordinate,2026-07,1001,1110,2026-07-31,006185,L972,c_l972
PIEMONTE,ALESSANDRIA,VILLAROMAGNANO,393,393,100.0,0,0,Invariato,2026-03,393,393,2026-07-31,006186,M009,c_m009
PIEMONTE,ALESSANDRIA,VISONE,605,605,100.0,0,0,Invariato,2026-03,605,605,2026-07-31,006187,M077,c_m077
PIEMONTE,ALESSANDRIA,VOLPEDO,967,0,0.0,0,0,Invariato,2026-03,0,967,2026-07-31,006188,M120,c_m120
PIEMONTE,ALESSANDRIA,VOLPEGLINO,223,223,100.0,0,0,Invariato,2026-03,223,223,2026-07-31,006189,M121,c_m121
PIEMONTE,ALESSANDRIA,VOLTAGGIO,729,0,0.0,0,0,Invariato,2026-03,0,729,2026-07-31,006190,M123,c_m123
PIEMONTE,ASTI,AGLIANO TERME,1757,1757,100.0,0,0,Invariato,2026-03,1757,1757,2026-07-31,005001,A072,c_a072
PIEMONTE,ASTI,ALBUGNANO,339,339,100.0,0,0,Invariato,2026-03,339,339,2026-07-31,005002,A173,c_a173
PIEMONTE,ASTI,ANTIGNANO,724,0,0.0,0,0,Invariato,2026-03,0,724,2026-07-31,005003,A312,c_a312
PIEMONTE,ASTI,ARAMENGO,554,187,33.75,0,0,Invariato,2026-03,187,554,2026-07-31,005004,A352,c_a352
PIEMONTE,ASTI,ASTI,25268,25268,100.0,0,0,Invariato,2026-03,25268,25268,2026-07-31,005005,A479,c_a479
PIEMONTE,ASTI,AZZANO D'ASTI,228,0,0.0,0,0,Invariato,2026-03,0,228,2026-07-31,005006,A527,c_a527
PIEMONTE,ASTI,BALDICHIERI D'ASTI,652,0,0.0,0,0,Invariato,2026-03,0,652,2026-07-31,005007,A588,c_a588
PIEMONTE,ASTI,BELVEGLIO,388,388,100.0,0,0,Invariato,2026-03,388,388,2026-07-31,005008,A770,c_a770
PIEMONTE,ASTI,BERZANO DI SAN PIETRO,316,316,100.0,0,0,Invariato,2026-03,316,316,2026-07-31,005009,A812,c_a812
PIEMONTE,ASTI,BRUNO,352,0,0.0,0,0,Invariato,2026-03,0,352,2026-07-31,005010,B221,c_b221
PIEMONTE,ASTI,BUBBIO,548,0,0.0,0,0,Invariato,2026-03,0,548,2026-07-31,005011,B236,c_bu
PIEMONTE,ASTI,BUTTIGLIERA D'ASTI,1571,1102,70.15,0,0,Invariato,2026-07,1102,1571,2026-07-31,005012,B306,c_B306
PIEMONTE,ASTI,CALAMANDRANA,1084,1084,100.0,0,0,Invariato,2026-03,1084,1084,2026-07-31,005013,B376,c_b376
PIEMONTE,ASTI,CALLIANO MONFERRATO,1062,43,4.05,0,0,Invariato,2026-03,43,1062,2026-07-31,005014,B418,c_b418
PIEMONTE,ASTI,CALOSSO,1206,0,0.0,0,0,Invariato,2026-03,0,1206,2026-07-31,005015,B425,c_b425
PIEMONTE,ASTI,CAMERANO CASASCO,501,501,100.0,0,0,Invariato,2026-03,501,501,2026-07-31,005016,B469,c_b469
PIEMONTE,ASTI,CANELLI,5373,877,16.32,877,0,Aggiunte coordinate,2026-07,0,5373,2026-07-31,005017,B594,c_b594
PIEMONTE,ASTI,CANTARANA,433,433,100.0,0,0,Invariato,2026-03,433,433,2026-07-31,005018,B633,c_b633
PIEMONTE,ASTI,CAPRIGLIO,206,206,100.0,0,0,Invariato,2026-03,206,206,2026-07-31,005019,B707,c_b707
PIEMONTE,ASTI,CASORZO MONFERRATO,866,0,0.0,0,0,Invariato,2026-03,0,866,2026-07-31,005020,B991,c_b991
PIEMONTE,ASTI,CASSINASCO,339,339,100.0,0,0,Invariato,2026-07,339,339,2026-07-31,005021,C022,c_c022
PIEMONTE,ASTI,CASTAGNOLE DELLE LANZE,2352,0,0.0,0,0,Invariato,2026-03,0,2352,2026-07-31,005022,C049,c_c049
PIEMONTE,ASTI,CASTAGNOLE MONFERRATO,1129,1129,100.0,0,0,Invariato,2026-03,1129,1129,2026-07-31,005023,C047,c_c047
PIEMONTE,ASTI,CASTEL BOGLIONE,476,476,100.0,0,0,Invariato,2026-03,476,476,2026-07-31,005024,C064,c_c064
PIEMONTE,ASTI,CASTEL ROCCHERO,333,333,100.0,0,0,Invariato,2026-03,333,333,2026-07-31,005032,C253,c_c253
PIEMONTE,ASTI,CASTELL'ALFERO,1872,1872,100.0,0,0,Invariato,2026-03,1872,1872,2026-07-31,005025,C127,c_c127
PIEMONTE,ASTI,CASTELLERO,212,212,100.0,0,0,Invariato,2026-03,212,212,2026-07-31,005026,C154,c_c154
PIEMONTE,ASTI,CASTELLETTO MOLINA,217,217,100.0,0,0,Invariato,2026-07,217,217,2026-07-31,005027,C161,c_c161
PIEMONTE,ASTI,CASTELLO DI ANNONE,1026,1026,100.0,0,0,Invariato,2026-03,1026,1026,2026-07-31,005028,A300,c_a300
PIEMONTE,ASTI,CASTELNUOVO BELBO,519,0,0.0,0,0,Invariato,2026-03,0,519,2026-07-31,005029,C226,c_c226
PIEMONTE,ASTI,CASTELNUOVO CALCEA,654,654,100.0,0,0,Invariato,2026-03,654,654,2026-07-31,005030,C230,c_c230
PIEMONTE,ASTI,CASTELNUOVO DON BOSCO,2119,2119,100.0,0,0,Invariato,2026-03,2119,2119,2026-07-31,005031,C232,c_c232
PIEMONTE,ASTI,CELLARENGO,539,0,0.0,0,0,Invariato,2026-03,0,539,2026-07-31,005033,C438,c_c438
PIEMONTE,ASTI,CELLE ENOMONDO,267,267,100.0,0,0,Invariato,2026-03,267,267,2026-07-31,005034,C440,c_c440
PIEMONTE,ASTI,CERRETO D'ASTI,213,213,100.0,0,0,Invariato,2026-03,213,213,2026-07-31,005035,C528,c_c528
PIEMONTE,ASTI,CERRO TANARO,504,504,100.0,0,0,Invariato,2026-03,504,504,2026-07-31,005036,C533,c_c533
PIEMONTE,ASTI,CESSOLE,438,438,100.0,0,0,Invariato,2026-03,438,438,2026-07-31,005037,C583,c_c583
PIEMONTE,ASTI,CHIUSANO D'ASTI,281,0,0.0,0,0,Invariato,2026-03,0,281,2026-07-31,005038,C658,c_c658
PIEMONTE,ASTI,CINAGLIO,327,0,0.0,0,0,Invariato,2026-03,0,327,2026-07-31,005039,C701,c_c701
PIEMONTE,ASTI,CISTERNA D'ASTI,850,850,100.0,0,0,Invariato,2026-03,850,850,2026-07-31,005040,C739,c_c739
PIEMONTE,ASTI,COAZZOLO,176,176,100.0,0,0,Invariato,2026-07,176,176,2026-07-31,005041,C804,c_c804
PIEMONTE,ASTI,COCCONATO,1364,1364,100.0,0,0,Invariato,2026-03,1364,1364,2026-07-31,005042,C807,c_c807
PIEMONTE,ASTI,CORSIONE,185,0,0.0,0,0,Invariato,2026-03,0,185,2026-07-31,005044,D046,c_d046
PIEMONTE,ASTI,CORTANDONE,232,232,100.0,0,0,Invariato,2026-03,232,232,2026-07-31,005045,D050,c_d050
PIEMONTE,ASTI,CORTANZE,313,313,100.0,0,0,Invariato,2026-03,313,313,2026-07-31,005046,D051,c_d051
PIEMONTE,ASTI,CORTAZZONE,456,0,0.0,0,0,Invariato,2026-03,0,456,2026-07-31,005047,D052,c_d052
PIEMONTE,ASTI,CORTIGLIONE,413,0,0.0,0,0,Invariato,2026-03,0,413,2026-07-31,005048,D072,c_d072
PIEMONTE,ASTI,COSSOMBRATO,378,0,0.0,0,0,Invariato,2026-03,0,378,2026-07-31,005049,D101,c_d101
PIEMONTE,ASTI,COSTIGLIOLE D'ASTI,3272,3187,97.4,0,0,Invariato,2026-07,3187,3272,2026-07-31,005050,D119,c_d119
PIEMONTE,ASTI,CUNICO,294,0,0.0,0,0,Invariato,2026-03,0,294,2026-07-31,005051,D207,c_d207
PIEMONTE,ASTI,DUSINO SAN MICHELE,983,0,0.0,0,80,Aggiunti civici,2026-07,0,903,2026-07-31,005052,D388,c_d388
PIEMONTE,ASTI,FERRERE,1123,0,0.0,0,0,Invariato,2026-03,0,1123,2026-07-31,005053,D554,c_d554
PIEMONTE,ASTI,FONTANILE,571,571,100.0,0,0,Invariato,2026-03,571,571,2026-07-31,005054,D678,c_d678
PIEMONTE,ASTI,FRINCO,524,0,0.0,0,0,Invariato,2026-03,0,524,2026-07-31,005055,D802,c_d802
PIEMONTE,ASTI,GRANA MONFERRATO,445,0,0.0,0,0,Invariato,2026-03,0,445,2026-07-31,005056,E134,c_e134
PIEMONTE,ASTI,GRAZZANO BADOGLIO,806,0,0.0,0,0,Invariato,2026-03,0,806,2026-07-31,005057,E159,c_e159
PIEMONTE,ASTI,INCISA SCAPACCINO,1360,1,0.07,0,0,Invariato,2026-03,1,1360,2026-07-31,005058,E295,c_295
PIEMONTE,ASTI,ISOLA D'ASTI,1475,0,0.0,0,0,Invariato,2026-03,0,1475,2026-07-31,005059,E338,c_e338
PIEMONTE,ASTI,LOAZZOLO,286,0,0.0,0,0,Invariato,2026-03,0,286,2026-07-31,005060,E633,c_e633
PIEMONTE,ASTI,MARANZANA,386,0,0.0,0,0,Invariato,2026-03,0,386,2026-07-31,005061,E917,c_e917
PIEMONTE,ASTI,MARETTO,265,265,100.0,0,0,Invariato,2026-03,265,265,2026-07-31,005062,E944,c_e944
PIEMONTE,ASTI,MOASCA,289,0,0.0,0,0,Invariato,2026-03,0,289,2026-07-31,005063,F254,C_F254
PIEMONTE,ASTI,MOMBALDONE,318,0,0.0,0,0,Invariato,2026-03,0,318,2026-07-31,005064,F308,c_f308
PIEMONTE,ASTI,MOMBARUZZO,1307,6,0.46,0,0,Invariato,2026-03,6,1307,2026-07-31,005065,F311,c_f311
PIEMONTE,ASTI,MOMBERCELLI,1382,1382,100.0,0,0,Invariato,2026-03,1382,1382,2026-07-31,005066,F316,c_f316
PIEMONTE,ASTI,MONALE,648,648,100.0,0,0,Invariato,2026-03,648,648,2026-07-31,005067,F323,c_f323
PIEMONTE,ASTI,MONASTERO BORMIDA,1095,1095,100.0,0,0,Invariato,2026-03,1095,1095,2026-07-31,005068,F325,c_f325
PIEMONTE,ASTI,MONCALVO,1984,1984,100.0,0,0,Invariato,2026-03,1984,1984,2026-07-31,005069,F336,c_f336
PIEMONTE,ASTI,MONCUCCO TORINESE,487,487,100.0,0,0,Invariato,2026-03,487,487,2026-07-31,005070,F343,c_f343
PIEMONTE,ASTI,MONGARDINO,697,0,0.0,0,0,Invariato,2026-03,0,697,2026-07-31,005071,F361,c_f361
PIEMONTE,ASTI,MONTABONE,311,311,100.0,0,0,Invariato,2026-03,311,311,2026-07-31,005072,F386,c_f386
PIEMONTE,ASTI,MONTAFIA,724,724,100.0,0,0,Invariato,2026-03,724,724,2026-07-31,005073,F390,c_f390
PIEMONTE,ASTI,MONTALDO SCARAMPI,579,0,0.0,0,0,Invariato,2026-03,0,579,2026-07-31,005074,F409,c_f409
PIEMONTE,ASTI,MONTECHIARO D'ASTI,1144,0,0.0,0,0,Invariato,2026-03,0,1144,2026-07-31,005075,F468,c_f468
PIEMONTE,ASTI,MONTEGROSSO D'ASTI,1469,1469,100.0,0,0,Invariato,2026-03,1469,1469,2026-07-31,005076,F527,c_f527
PIEMONTE,ASTI,MONTEMAGNO MONFERRATO,1037,1037,100.0,0,0,Invariato,2026-07,1037,1037,2026-07-31,005077,F556,c_f556
PIEMONTE,ASTI,MONTIGLIO MONFERRATO,1730,20,1.16,0,0,Invariato,2026-03,20,1730,2026-07-31,005121,M302,c_m302
PIEMONTE,ASTI,MORANSENGO-TONENGO,403,403,100.0,0,0,Invariato,2026-03,403,403,2026-07-31,005122,M434,3BEP4ZAX
PIEMONTE,ASTI,NIZZA MONFERRATO,5411,5411,100.0,0,0,Invariato,2026-03,5411,5411,2026-07-31,005080,F902,c_f902
PIEMONTE,ASTI,OLMO GENTILE,114,114,100.0,0,0,Invariato,2026-03,114,114,2026-07-31,005081,G048,c_g048
PIEMONTE,ASTI,PASSERANO MARMORITO,643,0,0.0,0,0,Invariato,2026-03,0,643,2026-07-31,005082,G358,c_g358
PIEMONTE,ASTI,PENANGO,412,412,100.0,0,0,Invariato,2026-03,412,412,2026-07-31,005083,G430,c_g430
PIEMONTE,ASTI,PIEA,456,456,100.0,0,0,Invariato,2026-03,456,456,2026-07-31,005084,G593,c_g593
PIEMONTE,ASTI,PINO D'ASTI,212,212,100.0,0,0,Invariato,2026-03,212,212,2026-07-31,005085,G676,C_G676
PIEMONTE,ASTI,PIOVA' MASSAIA,457,457,100.0,0,0,Invariato,2026-03,457,457,2026-07-31,005086,G692,c_g692
PIEMONTE,ASTI,PORTACOMARO,1004,1004,100.0,0,0,Invariato,2026-03,1004,1004,2026-07-31,005087,G894,c_g894
PIEMONTE,ASTI,QUARANTI,206,0,0.0,0,0,Invariato,2026-03,0,206,2026-07-31,005088,H102,c_h102
PIEMONTE,ASTI,REFRANCORE,991,1,0.1,0,0,Invariato,2026-03,1,991,2026-07-31,005089,H219,c_h219
PIEMONTE,ASTI,REVIGLIASCO D'ASTI,543,0,0.0,0,0,Invariato,2026-03,0,543,2026-07-31,005090,H250,c_h250
PIEMONTE,ASTI,ROATTO,242,242,100.0,0,0,Invariato,2026-03,242,242,2026-07-31,005091,H366,c_h366
PIEMONTE,ASTI,ROBELLA,475,475,100.0,0,0,Invariato,2026-03,475,475,2026-07-31,005092,H376,c_h376
PIEMONTE,ASTI,ROCCA D'ARAZZO,894,837,93.62,0,57,Aggiunti civici,2026-07,837,837,2026-07-31,005093,H392,c_h392
PIEMONTE,ASTI,ROCCAVERANO,567,0,0.0,0,0,Invariato,2026-03,0,567,2026-07-31,005094,H451,c_h451
PIEMONTE,ASTI,ROCCHETTA PALAFEA,319,0,0.0,0,0,Invariato,2026-03,0,319,2026-07-31,005095,H466,c_h466
PIEMONTE,ASTI,ROCCHETTA TANARO,1171,131,11.19,0,0,Invariato,2026-03,131,1171,2026-07-31,005096,H468,c_h468
PIEMONTE,ASTI,SAN DAMIANO D'ASTI,4429,4378,98.85,0,0,Invariato,2026-07,4378,4429,2026-07-31,005097,H811,C_H811
PIEMONTE,ASTI,SAN GIORGIO SCARAMPI,173,0,0.0,0,0,Invariato,2026-03,0,173,2026-07-31,005098,H899,c_h899
PIEMONTE,ASTI,SAN MARTINO ALFIERI,488,63,12.91,0,0,Invariato,2026-03,63,488,2026-07-31,005099,H987,c_h987
PIEMONTE,ASTI,SAN MARZANO OLIVETO,775,775,100.0,0,0,Invariato,2026-03,775,775,2026-07-31,005100,I017,c_i017
PIEMONTE,ASTI,SAN PAOLO SOLBRITO,543,543,100.0,0,0,Invariato,2026-03,543,543,2026-07-31,005101,I076,c_i076
PIEMONTE,ASTI,SCURZOLENGO,537,537,100.0,537,0,Aggiunte coordinate,2026-07,0,537,2026-07-31,005103,I555,c_i555
PIEMONTE,ASTI,SEROLE,105,0,0.0,0,6,Aggiunti civici,2026-07,0,99,2026-07-31,005104,I637,c_i637
PIEMONTE,ASTI,SESSAME,295,0,0.0,0,0,Invariato,2026-03,0,295,2026-07-31,005105,I678,c_i678
PIEMONTE,ASTI,SETTIME,511,0,0.0,0,0,Invariato,2026-03,0,511,2026-07-31,005106,I698,c_i698
PIEMONTE,ASTI,SOGLIO,158,158,100.0,0,0,Invariato,2026-03,158,158,2026-07-31,005107,I781,c_i781
PIEMONTE,ASTI,TIGLIOLE,1383,1383,100.0,0,0,Invariato,2026-03,1383,1383,2026-07-31,005108,L168,c_l168
PIEMONTE,ASTI,TONCO,684,675,98.68,0,0,Invariato,2026-03,675,684,2026-07-31,005109,L203,c_l203
PIEMONTE,ASTI,VAGLIO SERRA,247,0,0.0,0,57,Aggiunti civici,2026-07,0,190,2026-07-31,005111,L531,c_l531
PIEMONTE,ASTI,VALFENERA,1678,0,0.0,0,0,Invariato,2026-03,0,1678,2026-07-31,005112,L574,c_l574
PIEMONTE,ASTI,VESIME,881,752,85.36,0,0,Invariato,2026-03,752,881,2026-07-31,005113,L807,c_l807
PIEMONTE,ASTI,VIALE,274,274,100.0,0,0,Invariato,2026-03,274,274,2026-07-31,005114,L829,c_l829
PIEMONTE,ASTI,VIARIGI,667,667,100.0,0,0,Invariato,2026-03,667,667,2026-07-31,005115,L834,c_l834
PIEMONTE,ASTI,VIGLIANO D'ASTI,543,0,0.0,0,0,Invariato,2026-03,0,543,2026-07-31,005116,L879,c_l879
PIEMONTE,ASTI,VILLA SAN SECONDO,344,0,0.0,0,0,Invariato,2026-03,0,344,2026-07-31,005119,M019,c_m019
PIEMONTE,ASTI,VILLAFRANCA D'ASTI,1441,1441,100.0,0,0,Invariato,2026-03,1441,1441,2026-07-31,005117,L945,c_l945
PIEMONTE,ASTI,VILLANOVA D'ASTI,2229,2229,100.0,0,0,Invariato,2026-03,2229,2229,2026-07-31,005118,L984,c_l984
PIEMONTE,ASTI,VINCHIO,564,564,100.0,0,0,Invariato,2026-03,564,564,2026-07-31,005120,M058,c_m058
PIEMONTE,BIELLA,AILOCHE,303,303,100.0,303,0,Aggiunte coordinate,2026-07,0,303,2026-07-31,096001,A107,c_a107
PIEMONTE,BIELLA,ANDORNO MICCA,1464,1464,100.0,0,0,Invariato,2026-03,1464,1464,2026-07-31,096002,A280,c_a280
PIEMONTE,BIELLA,BENNA,721,85,11.79,0,0,Invariato,2026-03,85,721,2026-07-31,096003,A784,c_a784
PIEMONTE,BIELLA,BIELLA,15312,15312,100.0,0,0,Invariato,2026-03,15312,15312,2026-07-31,096004,A859,c_a859
PIEMONTE,BIELLA,BIOGLIO,649,649,100.0,0,0,Invariato,2026-03,649,649,2026-07-31,096005,A876,c_a876
PIEMONTE,BIELLA,BORRIANA,434,434,100.0,0,0,Invariato,2026-03,434,434,2026-07-31,096006,B058,c_b058
PIEMONTE,BIELLA,BRUSNENGO,1218,2,0.16,0,0,Invariato,2026-03,2,1218,2026-07-31,096007,B229,c_b229
PIEMONTE,BIELLA,CALLABIANA,322,0,0.0,0,0,Invariato,2026-03,0,322,2026-07-31,096008,B417,cb417
PIEMONTE,BIELLA,CAMANDONA,444,444,100.0,0,0,Invariato,2026-03,444,444,2026-07-31,096009,B457,c_b457
PIEMONTE,BIELLA,CAMBURZANO,648,648,100.0,0,0,Invariato,2026-03,648,648,2026-07-31,096010,B465,c_b465
PIEMONTE,BIELLA,CAMPIGLIA CERVO,1169,0,0.0,0,0,Invariato,2026-03,0,1169,2026-07-31,096086,M373,c_b508
PIEMONTE,BIELLA,CANDELO,3163,0,0.0,0,0,Invariato,2026-03,0,3163,2026-07-31,096012,B586,c_b586
PIEMONTE,BIELLA,CAPRILE,212,0,0.0,0,0,Invariato,2026-03,0,212,2026-07-31,096013,B708,c_b708
PIEMONTE,BIELLA,CASAPINTA,384,0,0.0,0,0,Invariato,2026-03,0,384,2026-07-31,096014,B933,c_b933w
PIEMONTE,BIELLA,CASTELLETTO CERVO,409,388,94.87,0,21,Aggiunti civici,2026-07,388,388,2026-07-31,096015,C155,c_c155
PIEMONTE,BIELLA,CAVAGLIA',1607,1607,100.0,0,0,Invariato,2026-03,1607,1607,2026-07-31,096016,C363,c_c363
PIEMONTE,BIELLA,CERRIONE,1187,1187,100.0,0,0,Invariato,2026-03,1187,1187,2026-07-31,096018,C532,c_c532
PIEMONTE,BIELLA,COGGIOLA,2263,2224,98.28,0,0,Invariato,2026-07,2224,2263,2026-07-31,096019,C819,c_c819
PIEMONTE,BIELLA,COSSATO,5275,5275,100.0,0,0,Invariato,2026-03,5275,5275,2026-07-31,096020,D094,c_d094
PIEMONTE,BIELLA,CREVACUORE,821,0,0.0,0,0,Invariato,2026-03,0,821,2026-07-31,096021,D165,c_d165
PIEMONTE,BIELLA,CURINO,908,0,0.0,0,0,Invariato,2026-03,0,908,2026-07-31,096023,D219,c_d219
PIEMONTE,BIELLA,DONATO,840,840,100.0,0,0,Invariato,2026-03,840,840,2026-07-31,096024,D339,c_d339
PIEMONTE,BIELLA,DORZANO,461,461,100.0,461,0,Aggiunte coordinate,2026-07,0,461,2026-07-31,096025,D350,c_d350
PIEMONTE,BIELLA,GAGLIANICO,1376,1376,100.0,0,0,Invariato,2026-03,1376,1376,2026-07-31,096026,D848,c_d848
PIEMONTE,BIELLA,GIFFLENGA,64,64,100.0,0,0,Invariato,2026-03,64,64,2026-07-31,096027,E024,c_e024
PIEMONTE,BIELLA,GRAGLIA,1185,1185,100.0,0,0,Invariato,2026-03,1185,1185,2026-07-31,096028,E130,c_e130
PIEMONTE,BIELLA,LESSONA,1246,0,0.0,0,0,Invariato,2026-03,0,1246,2026-07-31,096085,M371,c_e552
PIEMONTE,BIELLA,MAGNANO,642,156,24.3,140,0,Aggiunte coordinate,2026-07,16,642,2026-07-31,096030,E821,c_e821
PIEMONTE,BIELLA,MASSAZZA,225,0,0.0,0,0,Invariato,2026-03,0,225,2026-07-31,096031,F037,c_f037
PIEMONTE,BIELLA,MASSERANO,1327,397,29.92,0,0,Invariato,2026-07,397,1327,2026-07-31,096032,F042,c_f042
PIEMONTE,BIELLA,MEZZANA MORTIGLIENGO,535,535,100.0,0,0,Invariato,2026-03,535,535,2026-07-31,096033,F167,c_f167
PIEMONTE,BIELLA,MIAGLIANO,236,236,100.0,0,0,Invariato,2026-07,236,236,2026-07-31,096034,F189,c_f189
PIEMONTE,BIELLA,MONGRANDO,1981,1981,100.0,0,0,Invariato,2026-03,1981,1981,2026-07-31,096035,F369,c_f369
PIEMONTE,BIELLA,MOTTALCIATA,715,715,100.0,0,0,Invariato,2026-03,715,715,2026-07-31,096037,F776,c_f776
PIEMONTE,BIELLA,MUZZANO,414,414,100.0,0,0,Invariato,2026-03,414,414,2026-07-31,096038,F833,c_f833
PIEMONTE,BIELLA,NETRO,910,910,100.0,0,0,Invariato,2026-03,910,910,2026-07-31,096039,F878,c_f878
PIEMONTE,BIELLA,OCCHIEPPO INFERIORE,1343,1343,100.0,1343,0,Aggiunte coordinate,2026-07,0,1343,2026-07-31,096040,F992,c_f992
PIEMONTE,BIELLA,OCCHIEPPO SUPERIORE,1569,0,0.0,0,0,Invariato,2026-03,0,1569,2026-07-31,096041,F993,c_f993
PIEMONTE,BIELLA,PETTINENGO,988,94,9.51,0,0,Invariato,2026-03,94,988,2026-07-31,096042,G521,c_g521
PIEMONTE,BIELLA,PIATTO,286,286,100.0,0,0,Invariato,2026-03,286,286,2026-07-31,096043,G577,c_g577
PIEMONTE,BIELLA,PIEDICAVALLO,1018,1018,100.0,0,0,Invariato,2026-03,1018,1018,2026-07-31,096044,G594,c_g594
PIEMONTE,BIELLA,POLLONE,1073,1073,100.0,0,0,Invariato,2026-03,1073,1073,2026-07-31,096046,G798,c_g798
PIEMONTE,BIELLA,PONDERANO,1840,1840,100.0,0,0,Invariato,2026-03,1840,1840,2026-07-31,096047,G820,c_g820
PIEMONTE,BIELLA,PORTULA,919,919,100.0,0,0,Invariato,2026-03,919,919,2026-07-31,096048,G927,c_g927
PIEMONTE,BIELLA,PRALUNGO,1291,0,0.0,0,0,Invariato,2026-07,0,1291,2026-07-31,096049,G980,c_g980
PIEMONTE,BIELLA,PRAY,1435,1435,100.0,0,0,Invariato,2026-07,1435,1435,2026-07-31,096050,G974,c_g974
PIEMONTE,BIELLA,QUAREGNA CERRETO,1084,910,83.95,0,119,Aggiunti civici,2026-07,910,965,2026-07-31,096087,M414,c_m414
PIEMONTE,BIELLA,RONCO BIELLESE,1021,14,1.37,0,0,Invariato,2026-03,14,1021,2026-07-31,096053,H538,c_h538
PIEMONTE,BIELLA,ROPPOLO,569,20,3.51,0,0,Invariato,2026-03,20,569,2026-07-31,096054,H553,c_h553
PIEMONTE,BIELLA,ROSAZZA,608,608,100.0,0,0,Invariato,2026-07,608,608,2026-07-31,096055,H561,c_h561
PIEMONTE,BIELLA,SAGLIANO MICCA,1489,0,0.0,0,0,Invariato,2026-03,0,1489,2026-07-31,096056,H662,c_h662
PIEMONTE,BIELLA,SALA BIELLESE,711,711,100.0,0,0,Invariato,2026-03,711,711,2026-07-31,096057,H681,c_h681
PIEMONTE,BIELLA,SALUSSOLA,796,0,0.0,0,0,Invariato,2026-03,0,796,2026-07-31,096058,H726,c_h726
PIEMONTE,BIELLA,SANDIGLIANO,1156,3,0.26,0,0,Invariato,2026-03,3,1156,2026-07-31,096059,H821,c_h821
PIEMONTE,BIELLA,SORDEVOLO,921,0,0.0,0,0,Invariato,2026-03,0,921,2026-07-31,096063,I847,c_i847
PIEMONTE,BIELLA,SOSTEGNO,537,0,0.0,0,0,Invariato,2026-03,0,537,2026-07-31,096064,I868,c_i868
PIEMONTE,BIELLA,STRONA,773,773,100.0,0,0,Invariato,2026-07,773,773,2026-07-31,096065,I980,c_i980
PIEMONTE,BIELLA,TAVIGLIANO,892,892,100.0,0,0,Invariato,2026-03,892,892,2026-07-31,096066,L075,c_l075
PIEMONTE,BIELLA,TERNENGO,264,0,0.0,0,0,Invariato,2026-07,0,264,2026-07-31,096067,L116,c_l116
PIEMONTE,BIELLA,TOLLEGNO,1006,2,0.2,0,0,Invariato,2026-03,2,1006,2026-07-31,096068,L193,c_l193
PIEMONTE,BIELLA,TORRAZZO,333,333,100.0,333,0,Aggiunte coordinate,2026-07,0,333,2026-07-31,096069,L239,c_l239
PIEMONTE,BIELLA,VALDENGO,885,885,100.0,0,0,Invariato,2026-03,885,885,2026-07-31,096071,L556,c_l556
PIEMONTE,BIELLA,VALDILANA,7824,5,0.06,0,0,Invariato,2026-03,5,7824,2026-07-31,096088,M417,c_m417
PIEMONTE,BIELLA,VALLANZENGO,177,177,100.0,0,0,Invariato,2026-03,177,177,2026-07-31,096072,L586,c_l586
PIEMONTE,BIELLA,VALLE SAN NICOLAO,629,629,100.0,0,0,Invariato,2026-03,629,629,2026-07-31,096074,L620,c_l620
PIEMONTE,BIELLA,VEGLIO,380,0,0.0,0,0,Invariato,2026-03,0,380,2026-07-31,096075,L712,c_l712
PIEMONTE,BIELLA,VERRONE,411,411,100.0,0,0,Invariato,2026-03,411,411,2026-07-31,096076,L785,c_l785
PIEMONTE,BIELLA,VIGLIANO BIELLESE,2819,2819,100.0,0,0,Invariato,2026-03,2819,2819,2026-07-31,096077,L880,c_l880
PIEMONTE,BIELLA,VILLA DEL BOSCO,474,5,1.05,0,0,Invariato,2026-03,5,474,2026-07-31,096078,L933,c_l933
PIEMONTE,BIELLA,VILLANOVA BIELLESE,136,0,0.0,0,0,Invariato,2026-03,0,136,2026-07-31,096079,L978,c_l978
PIEMONTE,BIELLA,VIVERONE,910,1,0.11,0,0,Invariato,2026-03,1,910,2026-07-31,096080,M098,c_m098
PIEMONTE,BIELLA,ZIMONE,384,0,0.0,0,0,Invariato,2026-03,0,384,2026-07-31,096081,M179,c_m179
PIEMONTE,BIELLA,ZUBIENA,1273,0,0.0,0,0,Invariato,2026-03,0,1273,2026-07-31,096082,M196,c_m196
PIEMONTE,BIELLA,ZUMAGLIA,553,553,100.0,0,0,Invariato,2026-03,553,553,2026-07-31,096083,M201,c_m201
PIEMONTE,CUNEO,ACCEGLIO,777,777,100.0,0,0,Invariato,2026-03,777,777,2026-07-31,004001,A016,c_a016
PIEMONTE,CUNEO,AISONE,565,565,100.0,565,0,Aggiunte coordinate,2026-07,0,565,2026-07-31,004002,A113,c_a113
PIEMONTE,CUNEO,ALBA,8396,0,0.0,0,0,Invariato,2026-07,0,8396,2026-07-31,004003,A124,c_a124
PIEMONTE,CUNEO,ALBARETTO DELLA TORRE,155,155,100.0,0,0,Invariato,2026-03,155,155,2026-07-31,004004,A139,c_a139
PIEMONTE,CUNEO,ALTO,373,0,0.0,0,0,Invariato,2026-03,0,373,2026-07-31,004005,A238,c_a238
PIEMONTE,CUNEO,ARGENTERA,285,285,100.0,0,0,Invariato,2026-03,285,285,2026-07-31,004006,A394,c_a394
PIEMONTE,CUNEO,ARGUELLO,157,157,100.0,0,0,Invariato,2026-03,157,157,2026-07-31,004007,A396,c_a396
PIEMONTE,CUNEO,BAGNASCO,1084,1084,100.0,0,0,Invariato,2026-03,1084,1084,2026-07-31,004008,A555,c_a555
PIEMONTE,CUNEO,BAGNOLO PIEMONTE,5912,5912,100.0,0,0,Invariato,2026-03,5912,5912,2026-07-31,004009,A571,c_a571
PIEMONTE,CUNEO,BALDISSERO D'ALBA,697,0,0.0,0,0,Invariato,2026-03,0,697,2026-07-31,004010,A589,c_a589
PIEMONTE,CUNEO,BARBARESCO,448,0,0.0,0,0,Invariato,2026-03,0,448,2026-07-31,004011,A629,c_a629
PIEMONTE,CUNEO,BARGE,4036,4036,100.0,0,0,Invariato,2026-03,4036,4036,2026-07-31,004012,A660,c_a660
PIEMONTE,CUNEO,BAROLO,411,411,100.0,0,0,Invariato,2026-03,411,411,2026-07-31,004013,A671,c_a671
PIEMONTE,CUNEO,BASTIA MONDOVI',441,441,100.0,0,0,Invariato,2026-03,441,441,2026-07-31,004014,A709,c_a709
PIEMONTE,CUNEO,BATTIFOLLO,361,361,100.0,0,0,Invariato,2026-03,361,361,2026-07-31,004015,A716,c_a716
PIEMONTE,CUNEO,BEINETTE,1185,1185,100.0,0,0,Invariato,2026-03,1185,1185,2026-07-31,004016,A735,c_a735
PIEMONTE,CUNEO,BELLINO,401,294,73.32,0,0,Invariato,2026-07,294,401,2026-07-31,004017,A750,c_a750
PIEMONTE,CUNEO,BELVEDERE LANGHE,162,162,100.0,0,0,Invariato,2026-03,162,162,2026-07-31,004018,A774,c_a774
PIEMONTE,CUNEO,BENE VAGIENNA,1962,1962,100.0,0,0,Invariato,2026-03,1962,1962,2026-07-31,004019,A779,c_a779
PIEMONTE,CUNEO,BENEVELLO,265,265,100.0,0,0,Invariato,2026-03,265,265,2026-07-31,004020,A782,c_a782
PIEMONTE,CUNEO,BERGOLO,120,0,0.0,0,0,Invariato,2026-03,0,120,2026-07-31,004021,A798,c_a798
PIEMONTE,CUNEO,BERNEZZO,1829,1829,100.0,0,0,Invariato,2026-03,1829,1829,2026-07-31,004022,A805,c_a805
PIEMONTE,CUNEO,BONVICINO,159,159,100.0,0,0,Invariato,2026-03,159,159,2026-07-31,004023,A979,c_a979
PIEMONTE,CUNEO,BORGO SAN DALMAZZO,4927,0,0.0,0,0,Invariato,2026-07,0,4927,2026-07-31,004025,B033,c_b033
PIEMONTE,CUNEO,BORGOMALE,280,0,0.0,0,0,Invariato,2026-03,0,280,2026-07-31,004024,B018,c_b018
PIEMONTE,CUNEO,BOSIA,228,228,100.0,0,0,Invariato,2026-03,228,228,2026-07-31,004026,B079,c_b079
PIEMONTE,CUNEO,BOSSOLASCO,580,580,100.0,0,0,Invariato,2026-03,580,580,2026-07-31,004027,B084,c_b084
PIEMONTE,CUNEO,BOVES,5294,5294,100.0,0,0,Invariato,2026-03,5294,5294,2026-07-31,004028,B101,c_b101
PIEMONTE,CUNEO,BRA,7468,7467,99.99,0,1,Aggiunti civici,2026-07,7467,7467,2026-07-31,004029,B111,c_b111
PIEMONTE,CUNEO,BRIAGLIA,167,167,100.0,0,0,Invariato,2026-03,167,167,2026-07-31,004030,B167,c_b167
PIEMONTE,CUNEO,BRIGA ALTA,584,0,0.0,0,0,Invariato,2026-03,0,584,2026-07-31,004031,B175,c_b175
PIEMONTE,CUNEO,BRONDELLO,272,272,100.0,0,0,Invariato,2026-03,272,272,2026-07-31,004032,B200,c_b200
PIEMONTE,CUNEO,BROSSASCO,1164,1164,100.0,0,0,Invariato,2026-03,1164,1164,2026-07-31,004033,B204,c_b204
PIEMONTE,CUNEO,BUSCA,3751,3751,100.0,0,0,Invariato,2026-03,3751,3751,2026-07-31,004034,B285,c_b285
PIEMONTE,CUNEO,CAMERANA,504,0,0.0,0,0,Invariato,2026-03,0,504,2026-07-31,004035,B467,c_b467
PIEMONTE,CUNEO,CANALE,3266,1259,38.55,0,0,Invariato,2026-07,1259,3266,2026-07-31,004037,B573,c_b573
PIEMONTE,CUNEO,CANOSIO,203,203,100.0,0,0,Invariato,2026-03,203,203,2026-07-31,004038,B621,C_B621
PIEMONTE,CUNEO,CAPRAUNA,412,0,0.0,0,0,Invariato,2026-03,0,412,2026-07-31,004039,B692,c_b692
PIEMONTE,CUNEO,CARAGLIO,2958,2958,100.0,0,0,Invariato,2026-03,2958,2958,2026-07-31,004040,B719,c_b719
PIEMONTE,CUNEO,CARAMAGNA PIEMONTE,2265,2265,100.0,0,0,Invariato,2026-03,2265,2265,2026-07-31,004041,B720,c_b720
PIEMONTE,CUNEO,CARDE',888,0,0.0,0,0,Invariato,2026-03,0,888,2026-07-31,004042,B755,c_b755
PIEMONTE,CUNEO,CARRU',2351,0,0.0,0,0,Invariato,2026-03,0,2351,2026-07-31,004043,B841,c_b841
PIEMONTE,CUNEO,CARTIGNANO,247,247,100.0,0,0,Invariato,2026-03,247,247,2026-07-31,004044,B845,c_b845
PIEMONTE,CUNEO,CASALGRASSO,930,930,100.0,0,0,Invariato,2026-03,930,930,2026-07-31,004045,B894,c_b894
PIEMONTE,CUNEO,CASTAGNITO,675,675,100.0,0,0,Invariato,2026-03,675,675,2026-07-31,004046,C046,c_c046
PIEMONTE,CUNEO,CASTELDELFINO,665,541,81.35,0,0,Invariato,2026-07,541,665,2026-07-31,004047,C081,c_c081
PIEMONTE,CUNEO,CASTELLETTO STURA,517,517,100.0,0,0,Invariato,2026-03,517,517,2026-07-31,004049,C165,c_c165
PIEMONTE,CUNEO,CASTELLETTO UZZONE,435,435,100.0,0,0,Invariato,2026-03,435,435,2026-07-31,004050,C167,c_c167
PIEMONTE,CUNEO,CASTELLINALDO D'ALBA,531,531,100.0,525,0,Aggiunte coordinate,2026-07,6,531,2026-07-31,004051,C173,c_c173
PIEMONTE,CUNEO,CASTELLINO TANARO,416,307,73.8,0,0,Invariato,2026-03,307,416,2026-07-31,004052,C176,c_c176
PIEMONTE,CUNEO,CASTELMAGNO,277,0,0.0,0,0,Invariato,2026-03,0,277,2026-07-31,004053,C205,c_c205
PIEMONTE,CUNEO,CASTELNUOVO DI CEVA,286,286,100.0,0,0,Invariato,2026-03,286,286,2026-07-31,004054,C214,c_c214
PIEMONTE,CUNEO,CASTIGLIONE FALLETTO,450,450,100.0,0,0,Invariato,2026-03,450,450,2026-07-31,004055,C314,c_c314
PIEMONTE,CUNEO,CASTIGLIONE TINELLA,552,552,100.0,0,0,Invariato,2026-03,552,552,2026-07-31,004056,C317,c_c317
PIEMONTE,CUNEO,CASTINO,552,0,0.0,0,0,Invariato,2026-03,0,552,2026-07-31,004057,C323,c_c323
PIEMONTE,CUNEO,CAVALLERLEONE,486,0,0.0,0,0,Invariato,2026-03,0,486,2026-07-31,004058,C375,c_c375
PIEMONTE,CUNEO,CAVALLERMAGGIORE,2036,2036,100.0,0,0,Invariato,2026-03,2036,2036,2026-07-31,004059,C376,c_c376
PIEMONTE,CUNEO,CELLE DI MACRA,314,314,100.0,0,0,Invariato,2026-03,314,314,2026-07-31,004060,C441,c_c441
PIEMONTE,CUNEO,CENTALLO,2900,5,0.17,0,108,Aggiunti civici,2026-07,5,2792,2026-07-31,004061,C466,c_c466
PIEMONTE,CUNEO,CERESOLE ALBA,797,0,0.0,0,0,Invariato,2026-03,0,797,2026-07-31,004062,C504,c_c504
PIEMONTE,CUNEO,CERRETTO LANGHE,299,299,100.0,0,0,Invariato,2026-03,299,299,2026-07-31,004063,C530,c_c530
PIEMONTE,CUNEO,CERVASCA,2054,0,0.0,0,0,Invariato,2026-03,0,2054,2026-07-31,004064,C547,c_c547
PIEMONTE,CUNEO,CERVERE,808,808,100.0,0,0,Invariato,2026-03,808,808,2026-07-31,004065,C550,c_c550
PIEMONTE,CUNEO,CEVA,2780,2780,100.0,0,0,Invariato,2026-03,2780,2780,2026-07-31,004066,C589,c_c589
PIEMONTE,CUNEO,CHERASCO,3021,3020,99.97,0,0,Invariato,2026-03,3020,3021,2026-07-31,004067,C599,c_c599
PIEMONTE,CUNEO,CHIUSA DI PESIO,2839,181,6.38,0,0,Invariato,2026-07,181,2839,2026-07-31,004068,C653,c_c653
PIEMONTE,CUNEO,CIGLIE',176,176,100.0,0,0,Invariato,2026-07,176,176,2026-07-31,004069,C681,c_c681
PIEMONTE,CUNEO,CISSONE,128,128,100.0,0,0,Invariato,2026-03,128,128,2026-07-31,004070,C738,c_c738
PIEMONTE,CUNEO,CLAVESANA,634,634,100.0,0,0,Invariato,2026-03,634,634,2026-07-31,004071,C792,c_c792
PIEMONTE,CUNEO,CORNELIANO D'ALBA,1230,0,0.0,0,0,Invariato,2026-03,0,1230,2026-07-31,004072,D022,c_d022
PIEMONTE,CUNEO,CORTEMILIA,2183,2183,100.0,0,0,Invariato,2026-03,2183,2183,2026-07-31,004073,D062,c_d062
PIEMONTE,CUNEO,COSSANO BELBO,986,986,100.0,0,0,Invariato,2026-03,986,986,2026-07-31,004074,D093,c_d093
PIEMONTE,CUNEO,COSTIGLIOLE SALUZZO,1742,1742,100.0,0,0,Invariato,2026-03,1742,1742,2026-07-31,004075,D120,c_d120
PIEMONTE,CUNEO,CRAVANZANA,344,0,0.0,0,0,Invariato,2026-03,0,344,2026-07-31,004076,D133,c_d133
PIEMONTE,CUNEO,CRISSOLO,887,887,100.0,0,0,Invariato,2026-03,887,887,2026-07-31,004077,D172,c_d172
PIEMONTE,CUNEO,CUNEO,15430,0,0.0,0,0,Invariato,2026-03,0,15430,2026-07-31,004078,D205,c_d205
PIEMONTE,CUNEO,DEMONTE,2159,2159,100.0,0,0,Invariato,2026-03,2159,2159,2026-07-31,004079,D271,c_d271
PIEMONTE,CUNEO,DIANO D'ALBA,1660,1660,100.0,0,0,Invariato,2026-03,1660,1660,2026-07-31,004080,D291,c_d291
PIEMONTE,CUNEO,DOGLIANI,3204,3204,100.0,0,0,Invariato,2026-03,3204,3204,2026-07-31,004081,D314,c_d314
PIEMONTE,CUNEO,DRONERO,4128,4128,100.0,0,0,Invariato,2026-07,4128,4128,2026-07-31,004082,D372,c_d372
PIEMONTE,CUNEO,ELVA,209,209,100.0,0,0,Invariato,2026-03,209,209,2026-07-31,004083,D401,c_d401
PIEMONTE,CUNEO,ENTRACQUE,1660,1660,100.0,0,0,Invariato,2026-03,1660,1660,2026-07-31,004084,D410,c_d410
PIEMONTE,CUNEO,ENVIE,1443,1443,100.0,0,0,Invariato,2026-03,1443,1443,2026-07-31,004085,D412,c_d412
PIEMONTE,CUNEO,FARIGLIANO,1200,0,0.0,0,0,Invariato,2026-03,0,1200,2026-07-31,004086,D499,C_D499
PIEMONTE,CUNEO,FAULE,210,210,100.0,0,0,Invariato,2026-03,210,210,2026-07-31,004087,D511,c_d511
PIEMONTE,CUNEO,FEISOGLIO,449,449,100.0,0,0,Invariato,2026-03,449,449,2026-07-31,004088,D523,c_d523
PIEMONTE,CUNEO,FOSSANO,8423,8423,100.0,0,0,Invariato,2026-03,8423,8423,2026-07-31,004089,D742,c_d742
PIEMONTE,CUNEO,FRABOSA SOPRANA,1352,0,0.0,0,0,Invariato,2026-03,0,1352,2026-07-31,004090,D751,c_d751
PIEMONTE,CUNEO,FRABOSA SOTTANA,1682,1682,100.0,0,0,Invariato,2026-03,1682,1682,2026-07-31,004091,D752,c_d752
PIEMONTE,CUNEO,FRASSINO,1464,1372,93.72,0,92,Aggiunti civici,2026-07,1372,1372,2026-07-31,004092,D782,c_d782
PIEMONTE,CUNEO,GAIOLA,437,0,0.0,0,0,Invariato,2026-03,0,437,2026-07-31,004093,D856,c_d856
PIEMONTE,CUNEO,GAMBASCA,270,270,100.0,0,0,Invariato,2026-03,270,270,2026-07-31,004094,D894,c_d894
PIEMONTE,CUNEO,GARESSIO,4073,0,0.0,0,0,Invariato,2026-03,0,4073,2026-07-31,004095,D920,c_d920
PIEMONTE,CUNEO,GENOLA,1240,1240,100.0,0,0,Invariato,2026-03,1240,1240,2026-07-31,004096,D967,C_D967
PIEMONTE,CUNEO,GORZEGNO,422,422,100.0,0,0,Invariato,2026-03,422,422,2026-07-31,004097,E111,c_e111
PIEMONTE,CUNEO,GOTTASECCA,202,0,0.0,0,0,Invariato,2026-03,0,202,2026-07-31,004098,E115,c_e115
PIEMONTE,CUNEO,GOVONE,1230,0,0.0,0,0,Invariato,2026-03,0,1230,2026-07-31,004099,E118,c_e118
PIEMONTE,CUNEO,GRINZANE CAVOUR,638,638,100.0,0,0,Invariato,2026-03,638,638,2026-07-31,004100,E182,c_e182
PIEMONTE,CUNEO,GUARENE,1349,1349,100.0,0,0,Invariato,2026-03,1349,1349,2026-07-31,004101,E251,c_e251
PIEMONTE,CUNEO,IGLIANO,265,0,0.0,0,0,Invariato,2026-03,0,265,2026-07-31,004102,E282,c_e282
PIEMONTE,CUNEO,ISASCA,203,203,100.0,0,0,Invariato,2026-03,203,203,2026-07-31,004103,E327,c_e327
PIEMONTE,CUNEO,LA MORRA,1891,0,0.0,0,94,Aggiunti civici,2026-07,0,1797,2026-07-31,004105,E430,c_e430
PIEMONTE,CUNEO,LAGNASCO,712,712,100.0,0,0,Invariato,2026-07,712,712,2026-07-31,004104,E406,c_e406
PIEMONTE,CUNEO,LEQUIO BERRIA,351,351,100.0,0,0,Invariato,2026-03,351,351,2026-07-31,004106,E540,c_e540
PIEMONTE,CUNEO,LEQUIO TANARO,454,454,100.0,0,0,Invariato,2026-03,454,454,2026-07-31,004107,E539,c_e539
PIEMONTE,CUNEO,LESEGNO,645,1,0.16,0,0,Invariato,2026-03,1,645,2026-07-31,004108,E546,c_e546
PIEMONTE,CUNEO,LEVICE,317,317,100.0,0,0,Invariato,2026-03,317,317,2026-07-31,004109,E564,c_e564
PIEMONTE,CUNEO,LIMONE PIEMONTE,2273,0,0.0,0,0,Invariato,2026-03,0,2273,2026-07-31,004110,E597,C_E597
PIEMONTE,CUNEO,LISIO,303,0,0.0,0,0,Invariato,2026-03,0,303,2026-07-31,004111,E615,c_e615
PIEMONTE,CUNEO,MACRA,382,0,0.0,0,0,Invariato,2026-03,0,382,2026-07-31,004112,E789,c_e789
PIEMONTE,CUNEO,MAGLIANO ALFIERI,987,206,20.87,205,0,Aggiunte coordinate,2026-07,1,987,2026-07-31,004113,E809,c_e809
PIEMONTE,CUNEO,MAGLIANO ALPI,1065,1065,100.0,0,0,Invariato,2026-03,1065,1065,2026-07-31,004114,E808,C_E808
PIEMONTE,CUNEO,MANGO,895,895,100.0,0,0,Invariato,2026-03,895,895,2026-07-31,004115,E887,c_e887
PIEMONTE,CUNEO,MANTA,2249,2249,100.0,0,0,Invariato,2026-03,2249,2249,2026-07-31,004116,E894,c_e894
PIEMONTE,CUNEO,MARENE,1649,1589,96.36,0,0,Invariato,2026-03,1589,1649,2026-07-31,004117,E939,c_e939
PIEMONTE,CUNEO,MARGARITA,672,0,0.0,0,0,Invariato,2026-03,0,672,2026-07-31,004118,E945,c_e945
PIEMONTE,CUNEO,MARMORA,384,0,0.0,0,0,Invariato,2026-03,0,384,2026-07-31,004119,E963,c_m136
PIEMONTE,CUNEO,MARSAGLIA,262,262,100.0,0,0,Invariato,2026-03,262,262,2026-07-31,004120,E973,c_e973
PIEMONTE,CUNEO,MARTINIANA PO,462,462,100.0,0,0,Invariato,2026-03,462,462,2026-07-31,004121,E988,c_e988
PIEMONTE,CUNEO,MELLE,909,859,94.5,0,50,Aggiunti civici,2026-07,859,859,2026-07-31,004122,F114,c_f114
PIEMONTE,CUNEO,MOIOLA,322,322,100.0,322,0,Aggiunte coordinate,2026-07,0,322,2026-07-31,004123,F279,c_e383
PIEMONTE,CUNEO,MOMBARCARO,503,503,100.0,0,0,Invariato,2026-03,503,503,2026-07-31,004124,F309,c_f309
PIEMONTE,CUNEO,MOMBASIGLIO,963,4,0.42,0,0,Invariato,2026-03,4,963,2026-07-31,004125,F312,c_f312
PIEMONTE,CUNEO,MONASTERO DI VASCO,805,805,100.0,0,0,Invariato,2026-03,805,805,2026-07-31,004126,F326,c_f326
PIEMONTE,CUNEO,MONASTEROLO CASOTTO,164,164,100.0,0,0,Invariato,2026-03,164,164,2026-07-31,004127,F329,c_f329
PIEMONTE,CUNEO,MONASTEROLO DI SAVIGLIANO,971,971,100.0,0,0,Invariato,2026-03,971,971,2026-07-31,004128,F330,c_f330
PIEMONTE,CUNEO,MONCHIERO,343,343,100.0,0,0,Invariato,2026-03,343,343,2026-07-31,004129,F338,c_f338
PIEMONTE,CUNEO,MONDOVI',9852,9852,100.0,3,0,Aggiunte coordinate,2026-07,9849,9852,2026-07-31,004130,F351,c_f351
PIEMONTE,CUNEO,MONESIGLIO,817,817,100.0,0,0,Invariato,2026-03,817,817,2026-07-31,004131,F355,c_f355
PIEMONTE,CUNEO,MONFORTE D'ALBA,1308,1308,100.0,0,0,Invariato,2026-03,1308,1308,2026-07-31,004132,F358,c_f358
PIEMONTE,CUNEO,MONTA',2565,0,0.0,0,0,Invariato,2026-03,0,2565,2026-07-31,004133,F385,c_f385
PIEMONTE,CUNEO,MONTALDO DI MONDOVI',1828,0,0.0,0,0,Invariato,2026-03,0,1828,2026-07-31,004134,F405,c_f405
PIEMONTE,CUNEO,MONTALDO ROERO,647,0,0.0,0,0,Invariato,2026-03,0,647,2026-07-31,004135,F408,c_f408
PIEMONTE,CUNEO,MONTANERA,329,329,100.0,0,0,Invariato,2026-03,329,329,2026-07-31,004136,F424,c_f424
PIEMONTE,CUNEO,MONTELUPO ALBESE,460,460,100.0,0,0,Invariato,2026-03,460,460,2026-07-31,004137,F550,c_f550
PIEMONTE,CUNEO,MONTEMALE DI CUNEO,337,1,0.3,0,0,Invariato,2026-03,1,337,2026-07-31,004138,F558,c_f558
PIEMONTE,CUNEO,MONTEROSSO GRANA,865,0,0.0,0,0,Invariato,2026-03,0,865,2026-07-31,004139,F608,c_f608
PIEMONTE,CUNEO,MONTEU ROERO,1170,1087,92.91,0,0,Invariato,2026-07,1087,1170,2026-07-31,004140,F654,c_f654
PIEMONTE,CUNEO,MONTEZEMOLO,351,351,100.0,0,0,Invariato,2026-03,351,351,2026-07-31,004141,F666,c_f666
PIEMONTE,CUNEO,MONTICELLO D'ALBA,1145,0,0.0,0,0,Invariato,2026-03,0,1145,2026-07-31,004142,F669,c_f669
PIEMONTE,CUNEO,MORETTA,1567,1496,95.47,0,0,Invariato,2026-07,1496,1567,2026-07-31,004143,F723,c_f723
PIEMONTE,CUNEO,MOROZZO,876,876,100.0,0,0,Invariato,2026-03,876,876,2026-07-31,004144,F743,c_f743
PIEMONTE,CUNEO,MURAZZANO,973,973,100.0,973,0,Aggiunte coordinate,2026-07,0,973,2026-07-31,004145,F809,c_f809
PIEMONTE,CUNEO,MURELLO,542,542,100.0,0,0,Invariato,2026-03,542,542,2026-07-31,004146,F811,c_f811
PIEMONTE,CUNEO,NARZOLE,1525,0,0.0,0,0,Invariato,2026-03,0,1525,2026-07-31,004147,F846,c_f846
PIEMONTE,CUNEO,NEIVE,1501,0,0.0,0,0,Invariato,2026-03,0,1501,2026-07-31,004148,F863,c_f863
PIEMONTE,CUNEO,NEVIGLIE,192,192,100.0,0,0,Invariato,2026-07,192,192,2026-07-31,004149,F883,C_F883
PIEMONTE,CUNEO,NIELLA BELBO,354,0,0.0,0,0,Invariato,2026-03,0,354,2026-07-31,004150,F894,c_f894
PIEMONTE,CUNEO,NIELLA TANARO,829,0,0.0,0,0,Invariato,2026-03,0,829,2026-07-31,004151,F895,c_f895
PIEMONTE,CUNEO,NOVELLO,846,846,100.0,0,0,Invariato,2026-07,846,846,2026-07-31,004152,F961,c_f961
PIEMONTE,CUNEO,NUCETTO,588,547,93.03,0,0,Invariato,2026-07,547,588,2026-07-31,004153,F972,c_f972
PIEMONTE,CUNEO,ONCINO,680,680,100.0,0,0,Invariato,2026-03,680,680,2026-07-31,004154,G066,c_g066
PIEMONTE,CUNEO,ORMEA,3840,449,11.69,0,0,Invariato,2026-07,449,3840,2026-07-31,004155,G114,c_g114
PIEMONTE,CUNEO,OSTANA,640,640,100.0,0,0,Invariato,2026-03,640,640,2026-07-31,004156,G183,c_g183
PIEMONTE,CUNEO,PAESANA,3410,3410,100.0,0,0,Invariato,2026-07,3410,3410,2026-07-31,004157,G228,c_g228
PIEMONTE,CUNEO,PAGNO,386,386,100.0,0,0,Invariato,2026-03,386,386,2026-07-31,004158,G240,c_g240
PIEMONTE,CUNEO,PAMPARATO,753,0,0.0,0,0,Invariato,2026-03,0,753,2026-07-31,004159,G302,c_g302
PIEMONTE,CUNEO,PAROLDO,280,280,100.0,0,0,Invariato,2026-03,280,280,2026-07-31,004160,G339,c_g339
PIEMONTE,CUNEO,PERLETTO,427,6,1.41,0,0,Invariato,2026-03,6,427,2026-07-31,004161,G457,C_G457
PIEMONTE,CUNEO,PERLO,185,185,100.0,0,0,Invariato,2026-03,185,185,2026-07-31,004162,G458,c_g458
PIEMONTE,CUNEO,PEVERAGNO,3244,3244,100.0,0,0,Invariato,2026-03,3244,3244,2026-07-31,004163,G526,c_g526
PIEMONTE,CUNEO,PEZZOLO VALLE UZZONE,543,543,100.0,0,0,Invariato,2026-03,543,543,2026-07-31,004164,G532,c_g532
PIEMONTE,CUNEO,PIANFEI,1514,0,0.0,0,0,Invariato,2026-03,0,1514,2026-07-31,004165,G561,c_g561
PIEMONTE,CUNEO,PIASCO,1352,1352,100.0,0,0,Invariato,2026-03,1352,1352,2026-07-31,004166,G575,c_g575
PIEMONTE,CUNEO,PIETRAPORZIO,196,0,0.0,0,0,Invariato,2026-03,0,196,2026-07-31,004167,G625,c_g625
PIEMONTE,CUNEO,PIOBESI D'ALBA,457,457,100.0,0,0,Invariato,2026-03,457,457,2026-07-31,004168,G683,c_g683
PIEMONTE,CUNEO,PIOZZO,841,841,100.0,0,0,Invariato,2026-03,841,841,2026-07-31,004169,G697,c_g697
PIEMONTE,CUNEO,POCAPAGLIA,1391,0,0.0,0,0,Invariato,2026-03,0,1391,2026-07-31,004170,G742,c_g742
PIEMONTE,CUNEO,POLONGHERA,741,0,0.0,0,0,Invariato,2026-03,0,741,2026-07-31,004171,G800,c_g800
PIEMONTE,CUNEO,PONTECHIANALE,891,891,100.0,0,0,Invariato,2026-03,891,891,2026-07-31,004172,G837,c_g837
PIEMONTE,CUNEO,PRADLEVES,553,0,0.0,0,0,Invariato,2026-03,0,553,2026-07-31,004173,G970,c_g970
PIEMONTE,CUNEO,PRAZZO,669,669,100.0,0,0,Invariato,2026-03,669,669,2026-07-31,004174,H011,c_h011
PIEMONTE,CUNEO,PRIERO,439,0,0.0,0,0,Invariato,2026-03,0,439,2026-07-31,004175,H059,c_h059
PIEMONTE,CUNEO,PRIOCCA,948,0,0.0,0,0,Invariato,2026-03,0,948,2026-07-31,004176,H068,c_h068
PIEMONTE,CUNEO,PRIOLA,810,0,0.0,0,0,Invariato,2026-03,0,810,2026-07-31,004177,H069,c_h069
PIEMONTE,CUNEO,PRUNETTO,507,507,100.0,0,0,Invariato,2026-03,507,507,2026-07-31,004178,H085,c_h085
PIEMONTE,CUNEO,RACCONIGI,4285,4285,100.0,0,0,Invariato,2026-03,4285,4285,2026-07-31,004179,H150,c_h150
PIEMONTE,CUNEO,REVELLO,2828,2828,100.0,0,0,Invariato,2026-03,2828,2828,2026-07-31,004180,H247,c_h247
PIEMONTE,CUNEO,RIFREDDO,621,621,100.0,0,0,Invariato,2026-03,621,621,2026-07-31,004181,H285,c_h285
PIEMONTE,CUNEO,RITTANA,288,288,100.0,0,0,Invariato,2026-03,288,288,2026-07-31,004182,H326,c_h326
PIEMONTE,CUNEO,ROASCHIA,612,0,0.0,0,0,Invariato,2026-03,0,612,2026-07-31,004183,H362,c_h362
PIEMONTE,CUNEO,ROASCIO,103,81,78.64,0,0,Invariato,2026-03,81,103,2026-07-31,004184,H363,c_h363
PIEMONTE,CUNEO,ROBILANTE,1439,1439,100.0,0,0,Invariato,2026-03,1439,1439,2026-07-31,004185,H377,C_H377
PIEMONTE,CUNEO,ROBURENT,1065,1065,100.0,0,0,Invariato,2026-03,1065,1065,2026-07-31,004186,H378,c_h378
PIEMONTE,CUNEO,ROCCA CIGLIE',156,156,100.0,156,0,Aggiunte coordinate,2026-07,0,156,2026-07-31,004188,H391,c_h391
PIEMONTE,CUNEO,ROCCA DE' BALDI,1178,24,2.04,0,0,Invariato,2026-03,24,1178,2026-07-31,004189,H395,c_h395
PIEMONTE,CUNEO,ROCCABRUNA,2414,2414,100.0,0,0,Invariato,2026-03,2414,2414,2026-07-31,004187,H385,c_h385
PIEMONTE,CUNEO,ROCCAFORTE MONDOVI',1587,1587,100.0,0,0,Invariato,2026-03,1587,1587,2026-07-31,004190,H407,c_h407
PIEMONTE,CUNEO,ROCCASPARVERA,606,606,100.0,0,0,Invariato,2026-03,606,606,2026-07-31,004191,H447,c_h447
PIEMONTE,CUNEO,ROCCAVIONE,1168,2,0.17,0,0,Invariato,2026-03,2,1168,2026-07-31,004192,H453,c_h453
PIEMONTE,CUNEO,ROCCHETTA BELBO,224,0,0.0,0,29,Aggiunti civici,2026-07,0,195,2026-07-31,004193,H462,c_h462
PIEMONTE,CUNEO,RODDI,997,13,1.3,0,0,Invariato,2026-03,13,997,2026-07-31,004194,H472,c_h472
PIEMONTE,CUNEO,RODDINO,354,354,100.0,0,0,Invariato,2026-03,354,354,2026-07-31,004195,H473,c_h473
PIEMONTE,CUNEO,RODELLO,364,364,100.0,0,0,Invariato,2026-03,364,364,2026-07-31,004196,H474,c_h474
PIEMONTE,CUNEO,ROSSANA,1043,7,0.67,0,34,Aggiunti civici,2026-07,7,1009,2026-07-31,004197,H578,c_h578
PIEMONTE,CUNEO,RUFFIA,229,0,0.0,0,0,Invariato,2026-03,0,229,2026-07-31,004198,H633,c_h633
PIEMONTE,CUNEO,SALE DELLE LANGHE,475,0,0.0,0,0,Invariato,2026-03,0,475,2026-07-31,004199,H695,c_h695
PIEMONTE,CUNEO,SALE SAN GIOVANNI,210,0,0.0,0,0,Invariato,2026-03,0,210,2026-07-31,004200,H704,c_h704
PIEMONTE,CUNEO,SALICETO,956,953,99.69,0,0,Invariato,2026-03,953,956,2026-07-31,004201,H710,c_h710
PIEMONTE,CUNEO,SALMOUR,524,524,100.0,0,0,Invariato,2026-03,524,524,2026-07-31,004202,H716,c_h716
PIEMONTE,CUNEO,SALUZZO,5047,5047,100.0,0,0,Invariato,2026-03,5047,5047,2026-07-31,004203,H727,c_h727
PIEMONTE,CUNEO,SAMBUCO,208,208,100.0,0,0,Invariato,2026-03,208,208,2026-07-31,004204,H746,c_h746
PIEMONTE,CUNEO,SAMPEYRE,3420,3420,100.0,0,0,Invariato,2026-03,3420,3420,2026-07-31,004205,H755,c_h755
PIEMONTE,CUNEO,SAN BENEDETTO BELBO,234,0,0.0,0,0,Invariato,2026-03,0,234,2026-07-31,004206,H770,c_h770
PIEMONTE,CUNEO,SAN DAMIANO MACRA,1134,1134,100.0,1134,0,Aggiunte coordinate,2026-07,0,1134,2026-07-31,004207,H812,c_h812
PIEMONTE,CUNEO,SAN MICHELE MONDOVI',1137,0,0.0,0,0,Invariato,2026-03,0,1137,2026-07-31,004210,I037,c_i037
PIEMONTE,CUNEO,SANFRE',1599,0,0.0,0,0,Invariato,2026-03,0,1599,2026-07-31,004208,H851,c_h851
PIEMONTE,CUNEO,SANFRONT,1961,1848,94.24,0,0,Invariato,2026-03,1848,1961,2026-07-31,004209,H852,c_h852
PIEMONTE,CUNEO,SANT'ALBANO STURA,1167,1167,100.0,0,0,Invariato,2026-03,1167,1167,2026-07-31,004211,I210,c_i210
PIEMONTE,CUNEO,SANTA VITTORIA D'ALBA,997,0,0.0,0,0,Invariato,2026-03,0,997,2026-07-31,004212,I316,c_i316
PIEMONTE,CUNEO,SANTO STEFANO BELBO,2295,164,7.15,0,0,Invariato,2026-03,164,2295,2026-07-31,004213,I367,c_i367
PIEMONTE,CUNEO,SANTO STEFANO ROERO,833,0,0.0,0,0,Invariato,2026-03,0,833,2026-07-31,004214,I372,c_i372
PIEMONTE,CUNEO,SAVIGLIANO,9058,9056,99.98,0,0,Invariato,2026-03,9056,9058,2026-07-31,004215,I470,c_i470
PIEMONTE,CUNEO,SCAGNELLO,206,206,100.0,0,0,Invariato,2026-03,206,206,2026-07-31,004216,I484,c_i484
PIEMONTE,CUNEO,SCARNAFIGI,1438,1438,100.0,0,0,Invariato,2026-03,1438,1438,2026-07-31,004217,I512,c_i512
PIEMONTE,CUNEO,SERRALUNGA D'ALBA,447,0,0.0,0,0,Invariato,2026-03,0,447,2026-07-31,004218,I646,c_i646
PIEMONTE,CUNEO,SERRAVALLE LANGHE,400,400,100.0,0,0,Invariato,2026-03,400,400,2026-07-31,004219,I659,c_i659
PIEMONTE,CUNEO,SINIO,307,307,100.0,0,0,Invariato,2026-03,307,307,2026-07-31,004220,I750,c_i750
PIEMONTE,CUNEO,SOMANO,399,0,0.0,0,0,Invariato,2026-03,0,399,2026-07-31,004221,I817,c_l822
PIEMONTE,CUNEO,SOMMARIVA DEL BOSCO,2789,0,0.0,0,0,Invariato,2026-03,0,2789,2026-07-31,004222,I822,c_i822
PIEMONTE,CUNEO,SOMMARIVA PERNO,1809,0,0.0,0,0,Invariato,2026-03,0,1809,2026-07-31,004223,I823,c_i823
PIEMONTE,CUNEO,STROPPO,382,382,100.0,0,0,Invariato,2026-03,382,382,2026-07-31,004224,I985,c_i985
PIEMONTE,CUNEO,TARANTASCA,912,912,100.0,0,0,Invariato,2026-03,912,912,2026-07-31,004225,L048,c_l048
PIEMONTE,CUNEO,TORRE BORMIDA,355,355,100.0,0,0,Invariato,2026-03,355,355,2026-07-31,004226,L252,c_l252
PIEMONTE,CUNEO,TORRE MONDOVI',579,579,100.0,0,0,Invariato,2026-03,579,579,2026-07-31,004227,L241,c_l241
PIEMONTE,CUNEO,TORRE SAN GIORGIO,368,368,100.0,368,0,Aggiunte coordinate,2026-07,0,368,2026-07-31,004228,L278,c_l278
PIEMONTE,CUNEO,TORRESINA,181,0,0.0,0,0,Invariato,2026-03,0,181,2026-07-31,004229,L281,C_L281
PIEMONTE,CUNEO,TREISO,431,431,100.0,0,0,Invariato,2026-03,431,431,2026-07-31,004230,L367,c_l367
PIEMONTE,CUNEO,TREZZO TINELLA,251,0,0.0,0,0,Invariato,2026-03,0,251,2026-07-31,004231,L410,c_l410
PIEMONTE,CUNEO,TRINITA',1153,1153,100.0,0,0,Invariato,2026-03,1153,1153,2026-07-31,004232,L427,c_l427
PIEMONTE,CUNEO,VALDIERI,1719,0,0.0,0,0,Invariato,2026-03,0,1719,2026-07-31,004233,L558,c_l558
PIEMONTE,CUNEO,VALGRANA,688,688,100.0,0,0,Invariato,2026-03,688,688,2026-07-31,004234,L580,c_l580
PIEMONTE,CUNEO,VALLORIATE,271,0,0.0,0,0,Invariato,2026-03,0,271,2026-07-31,004235,L631,c_l631
PIEMONTE,CUNEO,VENASCA,1288,1288,100.0,0,0,Invariato,2026-03,1288,1288,2026-07-31,004237,L729,c_l729
PIEMONTE,CUNEO,VERDUNO,398,0,0.0,0,0,Invariato,2026-03,0,398,2026-07-31,004238,L758,c_l758
PIEMONTE,CUNEO,VERNANTE,832,8,0.96,0,0,Invariato,2026-03,8,832,2026-07-31,004239,L771,c_l771
PIEMONTE,CUNEO,VERZUOLO,1790,1790,100.0,0,0,Invariato,2026-03,1790,1790,2026-07-31,004240,L804,c_l804
PIEMONTE,CUNEO,VEZZA D'ALBA,1125,0,0.0,0,0,Invariato,2026-03,0,1125,2026-07-31,004241,L817,c_l817
PIEMONTE,CUNEO,VICOFORTE,1459,1459,100.0,0,0,Invariato,2026-03,1459,1459,2026-07-31,004242,L841,c_l841
PIEMONTE,CUNEO,VIGNOLO,1915,1187,61.98,227,0,Aggiunte coordinate,2026-07,960,1915,2026-07-31,004243,L888,c_l888
PIEMONTE,CUNEO,VILLAFALLETTO,2498,0,0.0,0,0,Invariato,2026-03,0,2498,2026-07-31,004244,L942,c_l942
PIEMONTE,CUNEO,VILLANOVA MONDOVI',2557,2557,100.0,0,0,Invariato,2026-03,2557,2557,2026-07-31,004245,L974,c_l974
PIEMONTE,CUNEO,VILLANOVA SOLARO,421,421,100.0,0,0,Invariato,2026-03,421,421,2026-07-31,004246,L990,c_l990y
PIEMONTE,CUNEO,VILLAR SAN COSTANZO,1584,1584,100.0,0,0,Invariato,2026-03,1584,1584,2026-07-31,004247,M015,c_m015
PIEMONTE,CUNEO,VINADIO,958,958,100.0,0,0,Invariato,2026-03,958,958,2026-07-31,004248,M055,c_m055
PIEMONTE,CUNEO,VIOLA,583,0,0.0,0,0,Invariato,2026-03,0,583,2026-07-31,004249,M063,c_m063
PIEMONTE,CUNEO,VOTTIGNASCO,347,347,100.0,347,0,Aggiunte coordinate,2026-07,0,347,2026-07-31,004250,M136,c_m136v
PIEMONTE,NOVARA,AGRATE CONTURBIA,951,951,100.0,0,0,Invariato,2026-03,951,951,2026-07-31,003001,A088,c_a088
PIEMONTE,NOVARA,AMENO,948,0,0.0,0,0,Invariato,2026-03,0,948,2026-07-31,003002,A264,c_a264
PIEMONTE,NOVARA,ARMENO,2136,1,0.05,0,0,Invariato,2026-03,1,2136,2026-07-31,003006,A414,c_a414
PIEMONTE,NOVARA,ARONA,4788,4788,100.0,0,0,Invariato,2026-03,4788,4788,2026-07-31,003008,A429,c_a429
PIEMONTE,NOVARA,BARENGO,492,492,100.0,0,0,Invariato,2026-03,492,492,2026-07-31,003012,A653,c_a653
PIEMONTE,NOVARA,BELLINZAGO NOVARESE,3628,3522,97.08,0,0,Invariato,2026-07,3522,3628,2026-07-31,003016,A752,c_a752
PIEMONTE,NOVARA,BIANDRATE,842,842,100.0,0,0,Invariato,2026-03,842,842,2026-07-31,003018,A844,c_a844
PIEMONTE,NOVARA,BOCA,662,0,0.0,0,0,Invariato,2026-03,0,662,2026-07-31,003019,A911,c_a911
PIEMONTE,NOVARA,BOGOGNO,753,753,100.0,0,0,Invariato,2026-03,753,753,2026-07-31,003021,A929,c_a929
PIEMONTE,NOVARA,BOLZANO NOVARESE,496,496,100.0,0,0,Invariato,2026-03,496,496,2026-07-31,003022,A953,c_a953
PIEMONTE,NOVARA,BORGO TICINO,2058,2058,100.0,0,0,Invariato,2026-03,2058,2058,2026-07-31,003025,B043,c_b043
PIEMONTE,NOVARA,BORGOLAVEZZARO,1143,0,0.0,0,0,Invariato,2026-03,0,1143,2026-07-31,003023,B016,c_b016
PIEMONTE,NOVARA,BORGOMANERO,6286,6183,98.36,0,0,Invariato,2026-07,6183,6286,2026-07-31,003024,B019,c_b019
PIEMONTE,NOVARA,BRIGA NOVARESE,1003,0,0.0,0,0,Invariato,2026-03,0,1003,2026-07-31,003026,B176,c_b176
PIEMONTE,NOVARA,BRIONA,399,399,100.0,0,0,Invariato,2026-03,399,399,2026-07-31,003027,B183,c_b183
PIEMONTE,NOVARA,CALTIGNAGA,1032,1032,100.0,0,0,Invariato,2026-03,1032,1032,2026-07-31,003030,B431,c_b431
PIEMONTE,NOVARA,CAMERI,3248,3248,100.0,0,0,Invariato,2026-03,3248,3248,2026-07-31,003032,B473,c_b473
PIEMONTE,NOVARA,CARPIGNANO SESIA,2162,0,0.0,0,0,Invariato,2026-03,0,2162,2026-07-31,003036,B823,C_B823
PIEMONTE,NOVARA,CASALBELTRAME,381,0,0.0,0,0,Invariato,2026-03,0,381,2026-07-31,003037,B864,c_b864
PIEMONTE,NOVARA,CASALEGGIO NOVARA,796,0,0.0,0,0,Invariato,2026-03,0,796,2026-07-31,003039,B883,c_b883
PIEMONTE,NOVARA,CASALINO,758,758,100.0,0,0,Invariato,2026-03,758,758,2026-07-31,003040,B897,c_b897
PIEMONTE,NOVARA,CASALVOLONE,631,631,100.0,0,0,Invariato,2026-03,631,631,2026-07-31,003041,B920,c_b920
PIEMONTE,NOVARA,CASTELLAZZO NOVARESE,208,0,0.0,0,0,Invariato,2026-03,0,208,2026-07-31,003042,C149,c_c149
PIEMONTE,NOVARA,CASTELLETTO SOPRA TICINO,5244,5244,100.0,0,0,Invariato,2026-03,5244,5244,2026-07-31,003043,C166,c_c166
PIEMONTE,NOVARA,CAVAGLIETTO,229,229,100.0,0,0,Invariato,2026-03,229,229,2026-07-31,003044,C364,c_c364
PIEMONTE,NOVARA,CAVAGLIO D'AGOGNA,719,719,100.0,0,0,Invariato,2026-03,719,719,2026-07-31,003045,C365,c_c365
PIEMONTE,NOVARA,CAVALLIRIO,1022,1022,100.0,0,0,Invariato,2026-03,1022,1022,2026-07-31,003047,C378,c_c378
PIEMONTE,NOVARA,CERANO,3370,3370,100.0,0,0,Invariato,2026-03,3370,3370,2026-07-31,003049,C483,c_c483
PIEMONTE,NOVARA,COLAZZA,471,0,0.0,0,0,Invariato,2026-03,0,471,2026-07-31,003051,C829,c_c829
PIEMONTE,NOVARA,COMIGNAGO,610,610,100.0,0,0,Invariato,2026-03,610,610,2026-07-31,003052,C926,c_c926
PIEMONTE,NOVARA,CRESSA,723,723,100.0,0,0,Invariato,2026-07,723,723,2026-07-31,003055,D162,c_d162
PIEMONTE,NOVARA,CUREGGIO,1981,1981,100.0,0,0,Invariato,2026-03,1981,1981,2026-07-31,003058,D216,c_d216
PIEMONTE,NOVARA,DIVIGNANO,791,791,100.0,0,0,Invariato,2026-03,791,791,2026-07-31,003060,D309,c_d309
PIEMONTE,NOVARA,DORMELLETTO,1023,1023,100.0,0,0,Invariato,2026-03,1023,1023,2026-07-31,003062,D347,c_d347
PIEMONTE,NOVARA,FARA NOVARESE,1534,1534,100.0,0,0,Invariato,2026-03,1534,1534,2026-07-31,003065,D492,c_d492
PIEMONTE,NOVARA,FONTANETO D'AGOGNA,1382,1141,82.56,0,0,Invariato,2026-03,1141,1382,2026-07-31,003066,D675,c_d675
PIEMONTE,NOVARA,GALLIATE,5374,5324,99.07,0,50,Aggiunti civici,2026-07,5324,5324,2026-07-31,003068,D872,c_d872
PIEMONTE,NOVARA,GARBAGNA NOVARESE,465,465,100.0,0,0,Invariato,2026-03,465,465,2026-07-31,003069,D911,c_d911
PIEMONTE,NOVARA,GARGALLO,1341,1337,99.7,0,0,Invariato,2026-03,1337,1341,2026-07-31,003070,D921,c_d921
PIEMONTE,NOVARA,GATTICO-VERUNO,2603,2493,95.77,0,0,Invariato,2026-07,2493,2603,2026-07-31,003166,M416,c_m416
PIEMONTE,NOVARA,GHEMME,2007,2007,100.0,0,0,Invariato,2026-03,2007,2007,2026-07-31,003073,E001,c_e001
PIEMONTE,NOVARA,GOZZANO,1986,1924,96.88,0,0,Invariato,2026-07,1924,1986,2026-07-31,003076,E120,c_e120
PIEMONTE,NOVARA,GRANOZZO CON MONTICELLO,580,0,0.0,0,0,Invariato,2026-03,0,580,2026-07-31,003077,E143,c_e143
PIEMONTE,NOVARA,GRIGNASCO,2294,0,0.0,0,0,Invariato,2026-03,0,2294,2026-07-31,003079,E177,c_e177
PIEMONTE,NOVARA,INVORIO,2480,0,0.0,0,0,Invariato,2026-03,0,2480,2026-07-31,003082,E314,c_e314
PIEMONTE,NOVARA,LANDIONA,567,567,100.0,567,0,Aggiunte coordinate,2026-07,0,567,2026-07-31,003083,E436,c_e436
PIEMONTE,NOVARA,LESA,1656,1656,100.0,0,0,Invariato,2026-03,1656,1656,2026-07-31,003084,E544,c_e544
PIEMONTE,NOVARA,MAGGIORA,950,950,100.0,0,0,Invariato,2026-03,950,950,2026-07-31,003088,E803,c_e803
PIEMONTE,NOVARA,MANDELLO VITTA,220,0,0.0,0,0,Invariato,2026-03,0,220,2026-07-31,003090,E880,c_e880
PIEMONTE,NOVARA,MARANO TICINO,555,555,100.0,0,0,Invariato,2026-03,555,555,2026-07-31,003091,E907,c_e907
PIEMONTE,NOVARA,MASSINO VISCONTI,1241,1241,100.0,0,0,Invariato,2026-03,1241,1241,2026-07-31,003093,F047,c_f047
PIEMONTE,NOVARA,MEINA,1572,1572,100.0,0,0,Invariato,2026-03,1572,1572,2026-07-31,003095,F093,c_f093
PIEMONTE,NOVARA,MEZZOMERICO,742,742,100.0,0,0,Invariato,2026-03,742,742,2026-07-31,003097,F188,c_f188
PIEMONTE,NOVARA,MIASINO,796,0,0.0,0,0,Invariato,2026-03,0,796,2026-07-31,003098,F191,c_f191
PIEMONTE,NOVARA,MOMO,1138,1138,100.0,0,0,Invariato,2026-03,1138,1138,2026-07-31,003100,F317,c_f317
PIEMONTE,NOVARA,NEBBIUNO,1974,0,0.0,0,0,Invariato,2026-03,0,1974,2026-07-31,003103,F859,c_f859
PIEMONTE,NOVARA,NIBBIOLA,398,398,100.0,0,0,Invariato,2026-03,398,398,2026-07-31,003104,F886,c_f886
PIEMONTE,NOVARA,NOVARA,25485,25485,100.0,0,0,Invariato,2026-03,25485,25485,2026-07-31,003106,F952,c_f952
PIEMONTE,NOVARA,OLEGGIO,6865,6865,100.0,0,0,Invariato,2026-03,6865,6865,2026-07-31,003108,G019,c_g019
PIEMONTE,NOVARA,OLEGGIO CASTELLO,1175,0,0.0,0,0,Invariato,2026-03,0,1175,2026-07-31,003109,G020,c_g020
PIEMONTE,NOVARA,ORTA SAN GIULIO,1249,1249,100.0,759,0,Aggiunte coordinate,2026-07,490,1249,2026-07-31,003112,G134,c_g134
PIEMONTE,NOVARA,PARUZZARO,805,0,0.0,0,0,Invariato,2026-03,0,805,2026-07-31,003114,G349,c_g349
PIEMONTE,NOVARA,PELLA,900,894,99.33,0,0,Invariato,2026-03,894,900,2026-07-31,003115,G421,c_g421
PIEMONTE,NOVARA,PETTENASCO,956,956,100.0,0,0,Invariato,2026-03,956,956,2026-07-31,003116,G520,c_g520
PIEMONTE,NOVARA,PISANO,490,490,100.0,0,0,Invariato,2026-03,490,490,2026-07-31,003119,G703,c_g703
PIEMONTE,NOVARA,POGNO,651,651,100.0,0,0,Invariato,2026-03,651,651,2026-07-31,003120,G775,c_g775
PIEMONTE,NOVARA,POMBIA,1270,11,0.87,0,0,Invariato,2026-03,11,1270,2026-07-31,003121,G809,c_g809
PIEMONTE,NOVARA,PRATO SESIA,857,857,100.0,0,0,Invariato,2026-03,857,857,2026-07-31,003122,H001,c_h001
PIEMONTE,NOVARA,RECETTO,591,0,0.0,0,0,Invariato,2026-03,0,591,2026-07-31,003129,H213,c_h213
PIEMONTE,NOVARA,ROMAGNANO SESIA,2429,2429,100.0,0,0,Invariato,2026-03,2429,2429,2026-07-31,003130,H502,c_h502
PIEMONTE,NOVARA,ROMENTINO,1448,1448,100.0,0,0,Invariato,2026-03,1448,1448,2026-07-31,003131,H518,c_h518
PIEMONTE,NOVARA,SAN MAURIZIO D'OPAGLIO,1583,3,0.19,0,0,Invariato,2026-03,3,1583,2026-07-31,003133,I025,c_i025
PIEMONTE,NOVARA,SAN NAZZARO SESIA,430,430,100.0,0,0,Invariato,2026-03,430,430,2026-07-31,003134,I052,c_i052
PIEMONTE,NOVARA,SAN PIETRO MOSEZZO,1691,1691,100.0,0,0,Invariato,2026-03,1691,1691,2026-07-31,003135,I116,c_i116
PIEMONTE,NOVARA,SILLAVENGO,605,605,100.0,0,0,Invariato,2026-03,605,605,2026-07-31,003138,I736,c_i736
PIEMONTE,NOVARA,SIZZANO,1018,922,90.57,0,0,Invariato,2026-07,922,1018,2026-07-31,003139,I767,c_i767
PIEMONTE,NOVARA,SORISO,453,0,0.0,0,0,Invariato,2026-03,0,453,2026-07-31,003140,I857,c_i857
PIEMONTE,NOVARA,SOZZAGO,782,751,96.04,0,0,Invariato,2026-07,751,782,2026-07-31,003141,I880,c_i880
PIEMONTE,NOVARA,SUNO,2387,672,28.15,0,0,Invariato,2026-07,672,2387,2026-07-31,003143,L007,c_l007
PIEMONTE,NOVARA,TERDOBBIATE,286,278,97.2,0,0,Invariato,2026-03,278,286,2026-07-31,003144,L104,c_l104
PIEMONTE,NOVARA,TORNACO,581,34,5.85,0,16,Aggiunti civici,2026-07,34,565,2026-07-31,003146,L223,c_l223
PIEMONTE,NOVARA,TRECATE,6713,6713,100.0,0,0,Invariato,2026-03,6713,6713,2026-07-31,003149,L356,c_l356
PIEMONTE,NOVARA,VAPRIO D'AGOGNA,936,843,90.06,0,93,Aggiunti civici,2026-07,843,843,2026-07-31,003153,L668,c_l668
PIEMONTE,NOVARA,VARALLO POMBIA,3599,3599,100.0,0,0,Invariato,2026-03,3599,3599,2026-07-31,003154,L670,c_l670
PIEMONTE,NOVARA,VESPOLATE,1176,434,36.9,0,0,Invariato,2026-03,434,1176,2026-07-31,003158,L808,c_l808
PIEMONTE,NOVARA,VICOLUNGO,760,760,100.0,0,0,Invariato,2026-07,760,760,2026-07-31,003159,L847,c_l847
PIEMONTE,NOVARA,VINZAGLIO,601,601,100.0,0,0,Invariato,2026-03,601,601,2026-07-31,003164,M062,c_m062
PIEMONTE,TORINO,AGLIE',1486,0,0.0,0,0,Invariato,2026-03,0,1486,2026-07-31,001001,A074,c_a074
PIEMONTE,TORINO,AIRASCA,1835,1835,100.0,1835,0,Aggiunte coordinate,2026-07,0,1835,2026-07-31,001002,A109,c_a109
PIEMONTE,TORINO,ALA DI STURA,944,944,100.0,0,0,Invariato,2026-03,944,944,2026-07-31,001003,A117,c_a117
PIEMONTE,TORINO,ALBIANO D'IVREA,996,996,100.0,996,0,Aggiunte coordinate,2026-07,0,996,2026-07-31,001004,A157,c_a157
PIEMONTE,TORINO,ALMESE,2856,2856,100.0,0,0,Invariato,2026-03,2856,2856,2026-07-31,001006,A218,c_a218
PIEMONTE,TORINO,ALPETTE,502,0,0.0,0,0,Invariato,2026-03,0,502,2026-07-31,001007,A221,c_a221
PIEMONTE,TORINO,ALPIGNANO,5156,0,0.0,0,0,Invariato,2026-03,0,5156,2026-07-31,001008,A222,c_a222
PIEMONTE,TORINO,ANDEZENO,817,817,100.0,0,0,Invariato,2026-07,817,817,2026-07-31,001009,A275,c_a275
PIEMONTE,TORINO,ANDRATE,696,696,100.0,0,0,Invariato,2026-03,696,696,2026-07-31,001010,A282,c_a282
PIEMONTE,TORINO,ANGROGNA,1346,1246,92.57,0,100,Aggiunti civici,2026-07,1246,1246,2026-07-31,001011,A295,c_a295
PIEMONTE,TORINO,ARIGNANO,442,5,1.13,0,0,Invariato,2026-03,5,442,2026-07-31,001012,A405,c_a405
PIEMONTE,TORINO,AVIGLIANA,5397,0,0.0,0,0,Invariato,2026-03,0,5397,2026-07-31,001013,A518,c_a518
PIEMONTE,TORINO,AZEGLIO,786,786,100.0,0,0,Invariato,2026-07,786,786,2026-07-31,001014,A525,c_a525
PIEMONTE,TORINO,BAIRO,368,368,100.0,0,0,Invariato,2026-03,368,368,2026-07-31,001015,A584,c_a584
PIEMONTE,TORINO,BALANGERO,1779,0,0.0,0,0,Invariato,2026-03,0,1779,2026-07-31,001016,A587,c_a587
PIEMONTE,TORINO,BALDISSERO CANAVESE,361,361,100.0,0,0,Invariato,2026-03,361,361,2026-07-31,001017,A590,c_a590
PIEMONTE,TORINO,BALDISSERO TORINESE,818,818,100.0,0,0,Invariato,2026-03,818,818,2026-07-31,001018,A591,c_a591
PIEMONTE,TORINO,BALME,357,357,100.0,0,0,Invariato,2026-07,357,357,2026-07-31,001019,A599,c_a599
PIEMONTE,TORINO,BANCHETTE,1019,0,0.0,0,0,Invariato,2026-03,0,1019,2026-07-31,001020,A607,c_a607
PIEMONTE,TORINO,BARBANIA,921,921,100.0,0,0,Invariato,2026-03,921,921,2026-07-31,001021,A625,c_a625
PIEMONTE,TORINO,BARDONECCHIA,1998,0,0.0,0,0,Invariato,2026-03,0,1998,2026-07-31,001022,A651,c_a651
PIEMONTE,TORINO,BARONE CANAVESE,265,0,0.0,0,0,Invariato,2026-03,0,265,2026-07-31,001023,A673,c_a673
PIEMONTE,TORINO,BEINASCO,3175,2092,65.89,0,0,Invariato,2026-07,2092,3175,2026-07-31,001024,A734,c_a734
PIEMONTE,TORINO,BIBIANA,1742,0,0.0,0,0,Invariato,2026-03,0,1742,2026-07-31,001025,A853,c_a853
PIEMONTE,TORINO,BOBBIO PELLICE,759,0,0.0,0,0,Invariato,2026-03,0,759,2026-07-31,001026,A910,c_a910
PIEMONTE,TORINO,BOLLENGO,1066,0,0.0,0,0,Invariato,2026-03,0,1066,2026-07-31,001027,A941,c_a941
PIEMONTE,TORINO,BORGARO TORINESE,2333,2333,100.0,0,0,Invariato,2026-03,2333,2333,2026-07-31,001028,A990,c_a990
PIEMONTE,TORINO,BORGIALLO,388,0,0.0,0,0,Invariato,2026-03,0,388,2026-07-31,001029,B003,c_b003
PIEMONTE,TORINO,BORGOFRANCO D'IVREA,2142,0,0.0,0,0,Invariato,2026-03,0,2142,2026-07-31,001030,B015,c_b015
PIEMONTE,TORINO,BORGOMASINO,591,0,0.0,0,0,Invariato,2026-03,0,591,2026-07-31,001031,B021,c_b021
PIEMONTE,TORINO,BORGONE SUSA,1015,1015,100.0,1015,0,Aggiunte coordinate,2026-07,0,1015,2026-07-31,001032,B024,c_b024
PIEMONTE,TORINO,BOSCONERO,1635,1635,100.0,0,0,Invariato,2026-03,1635,1635,2026-07-31,001033,B075,c_b075
PIEMONTE,TORINO,BRANDIZZO,2717,2717,100.0,0,0,Invariato,2026-03,2717,2717,2026-07-31,001034,B121,c_b121
PIEMONTE,TORINO,BRICHERASIO,2515,2515,100.0,0,0,Invariato,2026-03,2515,2515,2026-07-31,001035,B171,c_b171
PIEMONTE,TORINO,BROSSO,573,0,0.0,0,0,Invariato,2026-03,0,573,2026-07-31,001036,B205,c_b205
PIEMONTE,TORINO,BROZOLO,462,459,99.35,0,0,Invariato,2026-03,459,462,2026-07-31,001037,B209,c_b209
PIEMONTE,TORINO,BRUINO,3691,3101,84.02,3063,0,Aggiunte coordinate,2026-07,38,3691,2026-07-31,001038,B216,c_b216
PIEMONTE,TORINO,BRUSASCO,866,0,0.0,0,0,Invariato,2026-03,0,866,2026-07-31,001039,B225,c_b225
PIEMONTE,TORINO,BRUZOLO,853,853,100.0,0,0,Invariato,2026-03,853,853,2026-07-31,001040,B232,c_b232
PIEMONTE,TORINO,BURIASCO,679,679,100.0,0,0,Invariato,2026-03,679,679,2026-07-31,001041,B278,c_b278
PIEMONTE,TORINO,BUROLO,769,0,0.0,0,0,Invariato,2026-03,0,769,2026-07-31,001042,B279,c_b279
PIEMONTE,TORINO,BUSANO,627,0,0.0,0,0,Invariato,2026-03,0,627,2026-07-31,001043,B284,c_b284
PIEMONTE,TORINO,BUSSOLENO,2567,2567,100.0,0,0,Invariato,2026-03,2567,2567,2026-07-31,001044,B297,c_b297
PIEMONTE,TORINO,BUTTIGLIERA ALTA,1659,1659,100.0,0,0,Invariato,2026-03,1659,1659,2026-07-31,001045,B305,c_b305
PIEMONTE,TORINO,CAFASSE,1526,0,0.0,0,0,Invariato,2026-03,0,1526,2026-07-31,001046,B350,c_b350
PIEMONTE,TORINO,CALUSO,2543,0,0.0,0,0,Invariato,2026-03,0,2543,2026-07-31,001047,B435,c_b435
PIEMONTE,TORINO,CAMBIANO,1611,1611,100.0,0,0,Invariato,2026-03,1611,1611,2026-07-31,001048,B462,c_b462
PIEMONTE,TORINO,CAMPIGLIONE FENILE,750,0,0.0,0,0,Invariato,2026-03,0,750,2026-07-31,001049,B512,c_b512
PIEMONTE,TORINO,CANDIA CANAVESE,678,678,100.0,0,0,Invariato,2026-07,678,678,2026-07-31,001050,B588,c_b588
PIEMONTE,TORINO,CANDIOLO,1751,1751,100.0,0,0,Invariato,2026-03,1751,1751,2026-07-31,001051,B592,c_b592
PIEMONTE,TORINO,CANISCHIO,450,1,0.22,0,0,Invariato,2026-03,1,450,2026-07-31,001052,B605,C_B605
PIEMONTE,TORINO,CANTALUPA,1432,1432,100.0,0,0,Invariato,2026-03,1432,1432,2026-07-31,001053,B628,c_b628
PIEMONTE,TORINO,CANTOIRA,824,824,100.0,0,0,Invariato,2026-03,824,824,2026-07-31,001054,B637,c_b637
PIEMONTE,TORINO,CAPRIE,1347,1347,100.0,0,0,Invariato,2026-03,1347,1347,2026-07-31,001055,B705,c_B705
PIEMONTE,TORINO,CARAVINO,824,0,0.0,0,0,Invariato,2026-07,0,824,2026-07-31,001056,B733,c_b733
PIEMONTE,TORINO,CAREMA,610,0,0.0,0,0,Invariato,2026-03,0,610,2026-07-31,001057,B762,c_b762
PIEMONTE,TORINO,CARIGNANO,3517,3517,100.0,0,0,Invariato,2026-03,3517,3517,2026-07-31,001058,B777,c_b777
PIEMONTE,TORINO,CARMAGNOLA,7888,7880,99.9,0,0,Invariato,2026-03,7880,7888,2026-07-31,001059,B791,c_b791
PIEMONTE,TORINO,CASALBORGONE,1062,1062,100.0,0,0,Invariato,2026-03,1062,1062,2026-07-31,001060,B867,c_b867
PIEMONTE,TORINO,CASCINETTE D'IVREA,528,528,100.0,0,0,Invariato,2026-03,528,528,2026-07-31,001061,B953,c_b953
PIEMONTE,TORINO,CASELETTE,1032,0,0.0,0,0,Invariato,2026-03,0,1032,2026-07-31,001062,B955,c_b955
PIEMONTE,TORINO,CASELLE TORINESE,3387,3387,100.0,0,0,Invariato,2026-07,3387,3387,2026-07-31,001063,B960,c_b960
PIEMONTE,TORINO,CASTAGNETO PO,811,0,0.0,0,0,Invariato,2026-03,0,811,2026-07-31,001064,C045,c_c045
PIEMONTE,TORINO,CASTAGNOLE PIEMONTE,897,0,0.0,0,0,Invariato,2026-03,0,897,2026-07-31,001065,C048,c_c048
PIEMONTE,TORINO,CASTELLAMONTE,5016,0,0.0,0,0,Invariato,2026-03,0,5016,2026-07-31,001066,C133,c_c133
PIEMONTE,TORINO,CASTELNUOVO NIGRA,926,0,0.0,0,0,Invariato,2026-03,0,926,2026-07-31,001067,C241,c_c241
PIEMONTE,TORINO,CASTIGLIONE TORINESE,1869,1869,100.0,0,0,Invariato,2026-03,1869,1869,2026-07-31,001068,C307,c_c307
PIEMONTE,TORINO,CAVAGNOLO,1494,0,0.0,0,0,Invariato,2026-03,0,1494,2026-07-31,001069,C369,c_c369
PIEMONTE,TORINO,CAVOUR,1906,1906,100.0,0,0,Invariato,2026-03,1906,1906,2026-07-31,001070,C404,c_c404
PIEMONTE,TORINO,CERCENASCO,779,779,100.0,0,0,Invariato,2026-03,779,779,2026-07-31,001071,C487,c_c487
PIEMONTE,TORINO,CERES,1562,1562,100.0,0,0,Invariato,2026-03,1562,1562,2026-07-31,001072,C497,c_c497
PIEMONTE,TORINO,CERESOLE REALE,381,0,0.0,0,11,Aggiunti civici,2026-07,0,370,2026-07-31,001073,C505,c_c505
PIEMONTE,TORINO,CESANA TORINESE,1184,1184,100.0,0,0,Invariato,2026-03,1184,1184,2026-07-31,001074,C564,c_c564
PIEMONTE,TORINO,CHIALAMBERTO,714,714,100.0,0,0,Invariato,2026-03,714,714,2026-07-31,001075,C604,c_c604
PIEMONTE,TORINO,CHIANOCCO,1281,0,0.0,0,0,Invariato,2026-03,0,1281,2026-07-31,001076,C610,c_c610
PIEMONTE,TORINO,CHIAVERANO,1043,8,0.77,0,0,Invariato,2026-03,8,1043,2026-07-31,001077,C624,c_c624
PIEMONTE,TORINO,CHIERI,6775,6775,100.0,0,0,Invariato,2026-03,6775,6775,2026-07-31,001078,C627,c_c627
PIEMONTE,TORINO,CHIESANUOVA,220,220,100.0,0,0,Invariato,2026-07,220,220,2026-07-31,001079,C629,c_c629
PIEMONTE,TORINO,CHIOMONTE,1122,0,0.0,0,0,Invariato,2026-03,0,1122,2026-07-31,001080,C639,c_c639
PIEMONTE,TORINO,CHIUSA DI SAN MICHELE,749,0,0.0,0,0,Invariato,2026-03,0,749,2026-07-31,001081,C655,c_c655
PIEMONTE,TORINO,CHIVASSO,9132,9132,100.0,0,0,Invariato,2026-03,9132,9132,2026-07-31,001082,C665,c_c665
PIEMONTE,TORINO,CICONIO,227,0,0.0,0,0,Invariato,2026-03,0,227,2026-07-31,001083,C679,c_c679
PIEMONTE,TORINO,CINTANO,217,0,0.0,0,0,Invariato,2026-03,0,217,2026-07-31,001084,C711,c_c711
PIEMONTE,TORINO,CINZANO,235,0,0.0,0,0,Invariato,2026-03,0,235,2026-07-31,001085,C715,c_c715
PIEMONTE,TORINO,CIRIE',5612,5612,100.0,0,0,Invariato,2026-03,5612,5612,2026-07-31,001086,C722,c_c722
PIEMONTE,TORINO,CLAVIERE,235,235,100.0,0,0,Invariato,2026-03,235,235,2026-07-31,001087,C793,c_c793
PIEMONTE,TORINO,COASSOLO TORINESE,1116,1116,100.0,0,0,Invariato,2026-03,1116,1116,2026-07-31,001088,C801,c_c801
PIEMONTE,TORINO,COAZZE,1947,0,0.0,0,0,Invariato,2026-03,0,1947,2026-07-31,001089,C803,c_c803
PIEMONTE,TORINO,COLLEGNO,9293,9293,100.0,0,0,Invariato,2026-03,9293,9293,2026-07-31,001090,C860,c_c860
PIEMONTE,TORINO,COLLERETTO CASTELNUOVO,420,0,0.0,0,0,Invariato,2026-03,0,420,2026-07-31,001091,C867,c_c867
PIEMONTE,TORINO,COLLERETTO GIACOSA,370,0,0.0,0,0,Invariato,2026-03,0,370,2026-07-31,001092,C868,c_c868
PIEMONTE,TORINO,CONDOVE,2040,2040,100.0,0,0,Invariato,2026-03,2040,2040,2026-07-31,001093,C955,c_c955
PIEMONTE,TORINO,CORIO,2833,0,0.0,0,0,Invariato,2026-03,0,2833,2026-07-31,001094,D008,c_d008
PIEMONTE,TORINO,COSSANO CANAVESE,441,11,2.49,0,0,Invariato,2026-07,11,441,2026-07-31,001095,D092,c_d092
PIEMONTE,TORINO,CUCEGLIO,535,535,100.0,535,0,Aggiunte coordinate,2026-07,0,535,2026-07-31,001096,D197,c_d197
PIEMONTE,TORINO,CUMIANA,3993,3993,100.0,0,0,Invariato,2026-03,3993,3993,2026-07-31,001097,D202,c_d202
PIEMONTE,TORINO,CUORGNE',3316,3316,100.0,0,0,Invariato,2026-03,3316,3316,2026-07-31,001098,D208,c_d208
PIEMONTE,TORINO,DRUENTO,2117,2117,100.0,0,0,Invariato,2026-03,2117,2117,2026-07-31,001099,D373,c_kz5n
PIEMONTE,TORINO,EXILLES,1330,0,0.0,0,0,Invariato,2026-03,0,1330,2026-07-31,001100,D433,c_d433
PIEMONTE,TORINO,FAVRIA,1972,66,3.35,0,44,Aggiunti civici,2026-07,66,1928,2026-07-31,001101,D520,c_d520
PIEMONTE,TORINO,FELETTO,1409,0,0.0,0,0,Invariato,2026-03,0,1409,2026-07-31,001102,D524,c_d524
PIEMONTE,TORINO,FENESTRELLE,997,997,100.0,997,0,Aggiunte coordinate,2026-07,0,997,2026-07-31,001103,D532,c_d532
PIEMONTE,TORINO,FIANO,1188,1137,95.71,0,0,Invariato,2026-07,1137,1188,2026-07-31,001104,D562,c_d562
PIEMONTE,TORINO,FIORANO CANAVESE,344,0,0.0,0,0,Invariato,2026-03,0,344,2026-07-31,001105,D608,c_d608
PIEMONTE,TORINO,FOGLIZZO,1389,397,28.58,0,0,Invariato,2026-07,397,1389,2026-07-31,001106,D646,c_d616
PIEMONTE,TORINO,FORNO CANAVESE,1092,0,0.0,0,0,Invariato,2026-03,0,1092,2026-07-31,001107,D725,c_d725
PIEMONTE,TORINO,FRASSINETTO,457,6,1.31,0,0,Invariato,2026-03,6,457,2026-07-31,001108,D781,c_d781
PIEMONTE,TORINO,FRONT,1185,1185,100.0,0,0,Invariato,2026-03,1185,1185,2026-07-31,001109,D805,c_d805
PIEMONTE,TORINO,FROSSASCO,962,7,0.73,0,0,Invariato,2026-03,7,962,2026-07-31,001110,D812,c_d812
PIEMONTE,TORINO,GARZIGLIANA,423,423,100.0,0,0,Invariato,2026-03,423,423,2026-07-31,001111,D931,c_d931
PIEMONTE,TORINO,GASSINO TORINESE,2805,0,0.0,0,0,Invariato,2026-03,0,2805,2026-07-31,001112,D933,c_d933
PIEMONTE,TORINO,GERMAGNANO,899,0,0.0,0,112,Aggiunti civici,2026-07,0,787,2026-07-31,001113,D983,c_d983
PIEMONTE,TORINO,GIAGLIONE,715,0,0.0,0,0,Invariato,2026-03,0,715,2026-07-31,001114,E009,c_e009
PIEMONTE,TORINO,GIAVENO,6650,6650,100.0,0,0,Invariato,2026-03,6650,6650,2026-07-31,001115,E020,c_e020
PIEMONTE,TORINO,GIVOLETTO,1284,59,4.6,0,0,Invariato,2026-03,59,1284,2026-07-31,001116,E067,c_e067
PIEMONTE,TORINO,GRAVERE,726,726,100.0,0,0,Invariato,2026-03,726,726,2026-07-31,001117,E154,c_e154
PIEMONTE,TORINO,GROSCAVALLO,967,967,100.0,0,0,Invariato,2026-03,967,967,2026-07-31,001118,E199,c_e199
PIEMONTE,TORINO,GROSSO,493,0,0.0,0,0,Invariato,2026-03,0,493,2026-07-31,001119,E203,c_e203
PIEMONTE,TORINO,GRUGLIASCO,7837,7837,100.0,0,0,Invariato,2026-03,7837,7837,2026-07-31,001120,E216,c_e216
PIEMONTE,TORINO,INGRIA,441,0,0.0,0,0,Invariato,2026-03,0,441,2026-07-31,001121,E301,c_e301
PIEMONTE,TORINO,INVERSO PINASCA,498,498,100.0,0,0,Invariato,2026-03,498,498,2026-07-31,001122,E311,c_e311
PIEMONTE,TORINO,ISOLABELLA,164,164,100.0,0,0,Invariato,2026-03,164,164,2026-07-31,001123,E345,c_e345
PIEMONTE,TORINO,ISSIGLIO,388,388,100.0,388,0,Aggiunte coordinate,2026-07,0,388,2026-07-31,001124,E368,c_e368
PIEMONTE,TORINO,IVREA,9246,0,0.0,0,0,Invariato,2026-03,0,9246,2026-07-31,001125,E379,c_e379
PIEMONTE,TORINO,LA CASSA,705,0,0.0,0,0,Invariato,2026-03,0,705,2026-07-31,001126,E394,c_e394
PIEMONTE,TORINO,LA LOGGIA,3118,3118,100.0,0,0,Invariato,2026-03,3118,3118,2026-07-31,001127,E423,c_e423
PIEMONTE,TORINO,LANZO TORINESE,2536,2512,99.05,0,0,Invariato,2026-07,2512,2536,2026-07-31,001128,E445,c_e445
PIEMONTE,TORINO,LAURIANO,819,819,100.0,0,0,Invariato,2026-03,819,819,2026-07-31,001129,E484,c_e484
PIEMONTE,TORINO,LEINI,5353,0,0.0,0,0,Invariato,2026-03,0,5353,2026-07-31,001130,E518,c_e518
PIEMONTE,TORINO,LEMIE,975,0,0.0,0,0,Invariato,2026-03,0,975,2026-07-31,001131,E520,c_e520
PIEMONTE,TORINO,LESSOLO,1185,0,0.0,0,0,Invariato,2026-03,0,1185,2026-07-31,001132,E551,c_e551
PIEMONTE,TORINO,LEVONE,525,0,0.0,0,0,Invariato,2026-03,0,525,2026-07-31,001133,E566,c_e566
PIEMONTE,TORINO,LOCANA,2234,0,0.0,0,0,Invariato,2026-03,0,2234,2026-07-31,001134,E635,c_e635
PIEMONTE,TORINO,LOMBARDORE,981,981,100.0,0,0,Invariato,2026-03,981,981,2026-07-31,001135,E660,c_e660
PIEMONTE,TORINO,LOMBRIASCO,434,434,100.0,0,0,Invariato,2026-07,434,434,2026-07-31,001136,E661,c_e661
PIEMONTE,TORINO,LORANZE',501,22,4.39,0,0,Invariato,2026-03,22,501,2026-07-31,001137,E683,c_e683
PIEMONTE,TORINO,LUSERNA SAN GIOVANNI,3351,0,0.0,0,0,Invariato,2026-03,0,3351,2026-07-31,001139,E758,c_e758
PIEMONTE,TORINO,LUSERNETTA,266,0,0.0,0,0,Invariato,2026-03,0,266,2026-07-31,001140,E759,c_ku0k
PIEMONTE,TORINO,LUSIGLIE',268,0,0.0,0,0,Invariato,2026-03,0,268,2026-07-31,001141,E763,c_e763
PIEMONTE,TORINO,MACELLO,713,713,100.0,0,0,Invariato,2026-03,713,713,2026-07-31,001142,E782,c_e782
PIEMONTE,TORINO,MAGLIONE,303,0,0.0,0,0,Invariato,2026-03,0,303,2026-07-31,001143,E817,c_e817
PIEMONTE,TORINO,MAPPANO,1443,1443,100.0,0,0,Invariato,2026-03,1443,1443,2026-07-31,001316,M316,c_m316
PIEMONTE,TORINO,MARENTINO,742,742,100.0,0,0,Invariato,2026-03,742,742,2026-07-31,001144,E941,c_e941
PIEMONTE,TORINO,MASSELLO,230,0,0.0,0,0,Invariato,2026-03,0,230,2026-07-31,001145,F041,c_f041
PIEMONTE,TORINO,MATHI,1230,0,0.0,0,0,Invariato,2026-03,0,1230,2026-07-31,001146,F053,c_f053
PIEMONTE,TORINO,MATTIE,1123,1123,100.0,0,0,Invariato,2026-03,1123,1123,2026-07-31,001147,F058,c_f058
PIEMONTE,TORINO,MAZZE',1874,1874,100.0,0,0,Invariato,2026-03,1874,1874,2026-07-31,001148,F067,c_f067
PIEMONTE,TORINO,MEANA DI SUSA,1242,1242,100.0,0,0,Invariato,2026-07,1242,1242,2026-07-31,001149,F074,c_f074
PIEMONTE,TORINO,MERCENASCO,745,0,0.0,0,0,Invariato,2026-03,0,745,2026-07-31,001150,F140,c_f140
PIEMONTE,TORINO,MEZZENILE,1018,1018,100.0,0,0,Invariato,2026-03,1018,1018,2026-07-31,001152,F182,c_f182
PIEMONTE,TORINO,MOMBELLO DI TORINO,198,0,0.0,0,0,Invariato,2026-03,0,198,2026-07-31,001153,F315,c_f315
PIEMONTE,TORINO,MOMPANTERO,244,244,100.0,15,0,Aggiunte coordinate,2026-07,229,244,2026-07-31,001154,F318,c_f318
PIEMONTE,TORINO,MONASTERO DI LANZO,882,0,0.0,0,0,Invariato,2026-03,0,882,2026-07-31,001155,F327,c_m094
PIEMONTE,TORINO,MONCALIERI,8912,8912,100.0,0,0,Invariato,2026-03,8912,8912,2026-07-31,001156,F335,c_f335
PIEMONTE,TORINO,MONCENISIO,98,0,0.0,0,0,Invariato,2026-03,0,98,2026-07-31,001157,D553,c_d553
PIEMONTE,TORINO,MONTALDO TORINESE,424,356,83.96,0,0,Invariato,2026-07,356,424,2026-07-31,001158,F407,c_f407
PIEMONTE,TORINO,MONTALENGHE,519,519,100.0,0,0,Invariato,2026-03,519,519,2026-07-31,001159,F411,c_f411
PIEMONTE,TORINO,MONTALTO DORA,1513,0,0.0,0,0,Invariato,2026-03,0,1513,2026-07-31,001160,F420,c_f420
PIEMONTE,TORINO,MONTANARO,1991,0,0.0,0,0,Invariato,2026-03,0,1991,2026-07-31,001161,F422,c_f422
PIEMONTE,TORINO,MONTEU DA PO,505,0,0.0,0,0,Invariato,2026-03,0,505,2026-07-31,001162,F651,c_f651
PIEMONTE,TORINO,MORIONDO TORINESE,381,381,100.0,0,0,Invariato,2026-03,381,381,2026-07-31,001163,F733,c_f733
PIEMONTE,TORINO,NICHELINO,6005,5970,99.42,0,0,Invariato,2026-03,5970,6005,2026-07-31,001164,F889,c_f889
PIEMONTE,TORINO,NOASCA,419,0,0.0,0,0,Invariato,2026-03,0,419,2026-07-31,001165,F906,c_f906
PIEMONTE,TORINO,NOLE,2225,2144,96.36,0,0,Invariato,2026-07,2144,2225,2026-07-31,001166,F925,c_f925
PIEMONTE,TORINO,NOMAGLIO,456,0,0.0,0,0,Invariato,2026-03,0,456,2026-07-31,001167,F927,c_f927
PIEMONTE,TORINO,NONE,1998,1998,100.0,0,0,Invariato,2026-03,1998,1998,2026-07-31,001168,F931,c_f931
PIEMONTE,TORINO,NOVALESA,516,0,0.0,0,0,Invariato,2026-03,0,516,2026-07-31,001169,F948,c_f948
PIEMONTE,TORINO,OGLIANICO,527,0,0.0,0,0,Invariato,2026-03,0,527,2026-07-31,001170,G010,c_g010
PIEMONTE,TORINO,ORBASSANO,5781,5781,100.0,0,0,Invariato,2026-03,5781,5781,2026-07-31,001171,G087,c_g087
PIEMONTE,TORINO,ORIO CANAVESE,420,2,0.48,0,0,Invariato,2026-03,2,420,2026-07-31,001172,G109,c_g109
PIEMONTE,TORINO,OSASCO,501,0,0.0,0,0,Invariato,2026-03,0,501,2026-07-31,001173,G151,c_g151
PIEMONTE,TORINO,OSASIO,597,200,33.5,200,0,Aggiunte coordinate,2026-07,0,597,2026-07-31,001174,G152,c_g152
PIEMONTE,TORINO,OULX,2566,2566,100.0,0,0,Invariato,2026-03,2566,2566,2026-07-31,001175,G196,c_g196
PIEMONTE,TORINO,OZEGNA,494,7,1.42,0,0,Invariato,2026-03,7,494,2026-07-31,001176,G202,c_g202
PIEMONTE,TORINO,PALAZZO CANAVESE,590,0,0.0,0,0,Invariato,2026-03,0,590,2026-07-31,001177,G262,c_g262
PIEMONTE,TORINO,PANCALIERI,745,0,0.0,0,0,Invariato,2026-03,0,745,2026-07-31,001178,G303,c_g303
PIEMONTE,TORINO,PARELLA,224,0,0.0,0,0,Invariato,2026-03,0,224,2026-07-31,001179,G330,c_g330
PIEMONTE,TORINO,PAVAROLO,464,464,100.0,0,0,Invariato,2026-03,464,464,2026-07-31,001180,G387,c_g387
PIEMONTE,TORINO,PAVONE CANAVESE,1053,1053,100.0,0,0,Invariato,2026-03,1053,1053,2026-07-31,001181,G392,c_g392
PIEMONTE,TORINO,PECETTO TORINESE,1180,1179,99.92,0,0,Invariato,2026-03,1179,1180,2026-07-31,001183,G398,c_g398
PIEMONTE,TORINO,PEROSA ARGENTINA,1253,0,0.0,0,0,Invariato,2026-03,0,1253,2026-07-31,001184,G463,c_g463
PIEMONTE,TORINO,PEROSA CANAVESE,205,205,100.0,0,0,Invariato,2026-07,205,205,2026-07-31,001185,G462,c_g462
PIEMONTE,TORINO,PERRERO,1107,0,0.0,0,0,Invariato,2026-03,0,1107,2026-07-31,001186,G465,c_g465
PIEMONTE,TORINO,PERTUSIO,485,485,100.0,0,0,Invariato,2026-03,485,485,2026-07-31,001187,G477,c_g477
PIEMONTE,TORINO,PESSINETTO,548,548,100.0,0,0,Invariato,2026-07,548,548,2026-07-31,001188,G505,c_g505
PIEMONTE,TORINO,PIANEZZA,3023,3023,100.0,0,0,Invariato,2026-07,3023,3023,2026-07-31,001189,G559,c_g559
PIEMONTE,TORINO,PINASCA,2283,2283,100.0,0,0,Invariato,2026-03,2283,2283,2026-07-31,001190,G672,c_g672
PIEMONTE,TORINO,PINEROLO,10811,10811,100.0,0,0,Invariato,2026-03,10811,10811,2026-07-31,001191,G674,c_g674
PIEMONTE,TORINO,PINO TORINESE,1950,1950,100.0,0,0,Invariato,2026-03,1950,1950,2026-07-31,001192,G678,c_g678
PIEMONTE,TORINO,PIOBESI TORINESE,1292,1292,100.0,0,0,Invariato,2026-03,1292,1292,2026-07-31,001193,G684,c_g684
PIEMONTE,TORINO,PIOSSASCO,3579,3579,100.0,0,0,Invariato,2026-03,3579,3579,2026-07-31,001194,G691,c_g691
PIEMONTE,TORINO,PISCINA,1514,1423,93.99,0,91,Aggiunti civici,2026-07,1423,1423,2026-07-31,001195,G705,c_g705
PIEMONTE,TORINO,PIVERONE,1147,0,0.0,0,38,Aggiunti civici,2026-07,0,1109,2026-07-31,001196,G719,c_g719
PIEMONTE,TORINO,POIRINO,4015,4015,100.0,0,0,Invariato,2026-03,4015,4015,2026-07-31,001197,G777,c_g777
PIEMONTE,TORINO,POMARETTO,675,675,100.0,0,0,Invariato,2026-03,675,675,2026-07-31,001198,G805,c_g805
PIEMONTE,TORINO,PONT CANAVESE,1668,0,0.0,0,0,Invariato,2026-03,0,1668,2026-07-31,001199,G826,c_g826
PIEMONTE,TORINO,PORTE,453,5,1.1,0,0,Invariato,2026-03,5,453,2026-07-31,001200,G900,c_g900
PIEMONTE,TORINO,PRAGELATO,1033,1033,100.0,0,0,Invariato,2026-03,1033,1033,2026-07-31,001201,G973,c_g973
PIEMONTE,TORINO,PRALI,656,0,0.0,0,0,Invariato,2026-03,0,656,2026-07-31,001202,G978,c_g978
PIEMONTE,TORINO,PRALORMO,952,952,100.0,0,0,Invariato,2026-03,952,952,2026-07-31,001203,G979,C_G979
PIEMONTE,TORINO,PRAMOLLO,533,533,100.0,0,0,Invariato,2026-03,533,533,2026-07-31,001204,G982,c_g982
PIEMONTE,TORINO,PRAROSTINO,677,677,100.0,677,0,Aggiunte coordinate,2026-07,0,677,2026-07-31,001205,G986,c_g986
PIEMONTE,TORINO,PRASCORSANO,582,582,100.0,0,0,Invariato,2026-03,582,582,2026-07-31,001206,G988,c_g988
PIEMONTE,TORINO,PRATIGLIONE,405,0,0.0,0,0,Invariato,2026-03,0,405,2026-07-31,001207,G997,c_g997
PIEMONTE,TORINO,QUAGLIUZZO,238,238,100.0,238,0,Aggiunte coordinate,2026-07,0,238,2026-07-31,001208,H100,c_h100
PIEMONTE,TORINO,QUASSOLO,240,0,0.0,0,0,Invariato,2026-03,0,240,2026-07-31,001209,H120,c_h120
PIEMONTE,TORINO,QUINCINETTO,512,0,0.0,0,0,Invariato,2026-03,0,512,2026-07-31,001210,H127,c_h127
PIEMONTE,TORINO,REANO,696,0,0.0,0,0,Invariato,2026-03,0,696,2026-07-31,001211,H207,c_h207
PIEMONTE,TORINO,RIBORDONE,691,0,0.0,0,0,Invariato,2026-03,0,691,2026-07-31,001212,H270,c_h270
PIEMONTE,TORINO,RIVA PRESSO CHIERI,1222,1222,100.0,0,0,Invariato,2026-03,1222,1222,2026-07-31,001215,H337,c_h337
PIEMONTE,TORINO,RIVALBA,547,547,100.0,0,0,Invariato,2026-03,547,547,2026-07-31,001213,H333,c_h333
PIEMONTE,TORINO,RIVALTA DI TORINO,6258,6247,99.82,0,0,Invariato,2026-03,6247,6258,2026-07-31,001214,H335,c_h335
PIEMONTE,TORINO,RIVARA,969,969,100.0,0,0,Invariato,2026-07,969,969,2026-07-31,001216,H338,c_h338
PIEMONTE,TORINO,RIVAROLO CANAVESE,4452,0,0.0,0,0,Invariato,2026-03,0,4452,2026-07-31,001217,H340,c_h340
PIEMONTE,TORINO,RIVAROSSA,871,0,0.0,0,0,Invariato,2026-03,0,871,2026-07-31,001218,H344,c_h344
PIEMONTE,TORINO,RIVOLI,12801,12801,100.0,0,0,Invariato,2026-03,12801,12801,2026-07-31,001219,H355,c_h355
PIEMONTE,TORINO,ROBASSOMERO,1188,16,1.35,0,0,Invariato,2026-07,16,1188,2026-07-31,001220,H367,c_h367
PIEMONTE,TORINO,ROCCA CANAVESE,1353,1353,100.0,0,0,Invariato,2026-07,1353,1353,2026-07-31,001221,H386,c_h386
PIEMONTE,TORINO,ROLETTO,909,909,100.0,0,0,Invariato,2026-03,909,909,2026-07-31,001222,H498,c_h498
PIEMONTE,TORINO,ROMANO CANAVESE,1421,0,0.0,0,0,Invariato,2026-03,0,1421,2026-07-31,001223,H511,c_h511
PIEMONTE,TORINO,RONCO CANAVESE,1106,0,0.0,0,0,Invariato,2026-03,0,1106,2026-07-31,001224,H539,c_m0807
PIEMONTE,TORINO,RONDISSONE,714,714,100.0,0,0,Invariato,2026-03,714,714,2026-07-31,001225,H547,c_h547
PIEMONTE,TORINO,RORA',356,356,100.0,0,0,Invariato,2026-07,356,356,2026-07-31,001226,H554,c_h554
PIEMONTE,TORINO,ROSTA,1481,1481,100.0,0,0,Invariato,2026-03,1481,1481,2026-07-31,001228,H583,c_h583
PIEMONTE,TORINO,ROURE,1088,0,0.0,0,0,Invariato,2026-03,0,1088,2026-07-31,001227,H555,c_h555
PIEMONTE,TORINO,RUBIANA,2248,0,0.0,0,0,Invariato,2026-03,0,2248,2026-07-31,001229,H627,c_h627
PIEMONTE,TORINO,RUEGLIO,749,0,0.0,0,0,Invariato,2026-03,0,749,2026-07-31,001230,H631,c_h631
PIEMONTE,TORINO,SALASSA,1073,0,0.0,0,0,Invariato,2026-03,0,1073,2026-07-31,001231,H691,c_h691
PIEMONTE,TORINO,SALBERTRAND,634,0,0.0,0,0,Invariato,2026-03,0,634,2026-07-31,001232,H684,c_h684
PIEMONTE,TORINO,SALERANO CANAVESE,293,293,100.0,0,0,Invariato,2026-03,293,293,2026-07-31,001233,H702,c_h702
PIEMONTE,TORINO,SALZA DI PINEROLO,193,0,0.0,0,0,Invariato,2026-03,0,193,2026-07-31,001234,H734,c_h734
PIEMONTE,TORINO,SAMONE,432,0,0.0,0,0,Invariato,2026-03,0,432,2026-07-31,001235,H753,c_h753
PIEMONTE,TORINO,SAN BENIGNO CANAVESE,2660,2660,100.0,0,0,Invariato,2026-03,2660,2660,2026-07-31,001236,H775,c_h775
PIEMONTE,TORINO,SAN CARLO CANAVESE,1485,1485,100.0,0,0,Invariato,2026-03,1485,1485,2026-07-31,001237,H789,c_h789
PIEMONTE,TORINO,SAN COLOMBANO BELMONTE,276,276,100.0,0,0,Invariato,2026-03,276,276,2026-07-31,001238,H804,c_h804
PIEMONTE,TORINO,SAN DIDERO,266,0,0.0,0,0,Invariato,2026-03,0,266,2026-07-31,001239,H820,c_h820
PIEMONTE,TORINO,SAN FRANCESCO AL CAMPO,2142,2142,100.0,0,0,Invariato,2026-03,2142,2142,2026-07-31,001240,H847,c_h847
PIEMONTE,TORINO,SAN GERMANO CHISONE,1235,1235,100.0,1235,0,Aggiunte coordinate,2026-07,0,1235,2026-07-31,001242,H862,c_h862
PIEMONTE,TORINO,SAN GILLIO,900,900,100.0,900,0,Aggiunte coordinate,2026-07,0,900,2026-07-31,001243,H873,c_h873
PIEMONTE,TORINO,SAN GIORGIO CANAVESE,2398,0,0.0,0,0,Invariato,2026-03,0,2398,2026-07-31,001244,H890,c_h890
PIEMONTE,TORINO,SAN GIORIO DI SUSA,617,617,100.0,0,0,Invariato,2026-03,617,617,2026-07-31,001245,H900,c_h900
PIEMONTE,TORINO,SAN GIUSTO CANAVESE,1468,1468,100.0,1462,0,Aggiunte coordinate,2026-07,6,1468,2026-07-31,001246,H936,c_h936
PIEMONTE,TORINO,SAN MARTINO CANAVESE,595,0,0.0,0,71,Aggiunti civici,2026-07,0,524,2026-07-31,001247,H997,c_h997
PIEMONTE,TORINO,SAN MAURIZIO CANAVESE,3167,1,0.03,0,0,Invariato,2026-03,1,3167,2026-07-31,001248,I024,c_i024
PIEMONTE,TORINO,SAN MAURO TORINESE,4157,4154,99.93,0,0,Invariato,2026-03,4154,4157,2026-07-31,001249,I030,c_i030
PIEMONTE,TORINO,SAN PIETRO VAL LEMINA,911,3,0.33,0,0,Invariato,2026-03,3,911,2026-07-31,001250,I090,c_i090
PIEMONTE,TORINO,SAN PONSO,137,0,0.0,0,0,Invariato,2026-03,0,137,2026-07-31,001251,I126,c_i126
PIEMONTE,TORINO,SAN RAFFAELE CIMENA,1437,1437,100.0,0,0,Invariato,2026-03,1437,1437,2026-07-31,001252,I137,c_i137
PIEMONTE,TORINO,SAN SEBASTIANO DA PO,1017,1017,100.0,0,0,Invariato,2026-03,1017,1017,2026-07-31,001253,I152,c_i152
PIEMONTE,TORINO,SAN SECONDO DI PINEROLO,1610,1610,100.0,0,0,Invariato,2026-03,1610,1610,2026-07-31,001254,I154,c_i154
PIEMONTE,TORINO,SANGANO,1206,1038,86.07,0,0,Invariato,2026-03,1038,1206,2026-07-31,001241,H855,c_h855
PIEMONTE,TORINO,SANT'AMBROGIO DI TORINO,2208,2208,100.0,0,0,Invariato,2026-03,2208,2208,2026-07-31,001255,I258,c_i258
PIEMONTE,TORINO,SANT'ANTONINO DI SUSA,1756,1756,100.0,0,0,Invariato,2026-03,1756,1756,2026-07-31,001256,I296,c_i296
PIEMONTE,TORINO,SANTENA,2348,2341,99.7,0,0,Invariato,2026-03,2341,2348,2026-07-31,001257,I327,c_i327
PIEMONTE,TORINO,SAUZE D'OULX,871,871,100.0,0,0,Invariato,2026-03,871,871,2026-07-31,001259,I466,c_i466
PIEMONTE,TORINO,SAUZE DI CESANA,333,333,100.0,0,0,Invariato,2026-03,333,333,2026-07-31,001258,I465,c_i465
PIEMONTE,TORINO,SCALENGHE,1472,1472,100.0,0,0,Invariato,2026-07,1472,1472,2026-07-31,001260,I490,c_i490
PIEMONTE,TORINO,SCARMAGNO,660,262,39.7,262,0,Aggiunte coordinate,2026-07,0,660,2026-07-31,001261,I511,C_I511
PIEMONTE,TORINO,SCIOLZE,610,610,100.0,0,0,Invariato,2026-03,610,610,2026-07-31,001262,I539,c_i539
PIEMONTE,TORINO,SESTRIERE,959,959,100.0,0,0,Invariato,2026-03,959,959,2026-07-31,001263,I692,c_i692
PIEMONTE,TORINO,SETTIMO ROTTARO,259,0,0.0,0,0,Invariato,2026-03,0,259,2026-07-31,001264,I701,c_i701
PIEMONTE,TORINO,SETTIMO TORINESE,10562,10562,100.0,0,0,Invariato,2026-03,10562,10562,2026-07-31,001265,I703,c_i703
PIEMONTE,TORINO,SETTIMO VITTONE,1674,1674,100.0,0,0,Invariato,2026-03,1674,1674,2026-07-31,001266,I702,c_i702
PIEMONTE,TORINO,SPARONE,763,0,0.0,0,0,Invariato,2026-03,0,763,2026-07-31,001267,I886,c_i886
PIEMONTE,TORINO,STRAMBINELLO,196,14,7.14,0,0,Invariato,2026-03,14,196,2026-07-31,001268,I969,c_i969
PIEMONTE,TORINO,STRAMBINO,2971,0,0.0,0,0,Invariato,2026-03,0,2971,2026-07-31,001269,I970,c_i970
PIEMONTE,TORINO,SUSA,2737,0,0.0,0,0,Invariato,2026-03,0,2737,2026-07-31,001270,L013,c_l013
PIEMONTE,TORINO,TAVAGNASCO,465,465,100.0,457,0,Aggiunte coordinate,2026-07,8,465,2026-07-31,001271,L066,c_l066
PIEMONTE,TORINO,TORINO,109488,0,0.0,0,0,Invariato,2026-03,0,109488,2026-07-31,001272,L219,c_l219
PIEMONTE,TORINO,TORRAZZA PIEMONTE,969,0,0.0,0,0,Invariato,2026-03,0,969,2026-07-31,001273,L238,c_l238
PIEMONTE,TORINO,TORRE CANAVESE,373,0,0.0,0,0,Invariato,2026-03,0,373,2026-07-31,001274,L247,c_l247
PIEMONTE,TORINO,TORRE PELLICE,1989,0,0.0,0,0,Invariato,2026-03,0,1989,2026-07-31,001275,L277,c_l277
PIEMONTE,TORINO,TRANA,1388,1388,100.0,0,0,Invariato,2026-03,1388,1388,2026-07-31,001276,L327,c_l327
PIEMONTE,TORINO,TRAVERSELLA,304,304,100.0,304,0,Aggiunte coordinate,2026-07,0,304,2026-07-31,001278,L345,c_l345
PIEMONTE,TORINO,TRAVES,389,0,0.0,0,0,Invariato,2026-03,0,389,2026-07-31,001279,L340,c_l340
PIEMONTE,TORINO,TROFARELLO,4585,20,0.44,0,0,Invariato,2026-03,20,4585,2026-07-31,001280,L445,c_l445
PIEMONTE,TORINO,USSEAUX,448,448,100.0,0,0,Invariato,2026-03,448,448,2026-07-31,001281,L515,c_l515
PIEMONTE,TORINO,USSEGLIO,1653,0,0.0,0,0,Invariato,2026-03,0,1653,2026-07-31,001282,L516,c_l516
PIEMONTE,TORINO,VAIE,902,59,6.54,0,0,Invariato,2026-07,59,902,2026-07-31,001283,L538,c_l538
PIEMONTE,TORINO,VAL DELLA TORRE,1964,1964,100.0,0,0,Invariato,2026-03,1964,1964,2026-07-31,001284,L555,c_l555
PIEMONTE,TORINO,VAL DI CHY,1281,0,0.0,0,0,Invariato,2026-07,0,1281,2026-07-31,001317,M405,c_m405
PIEMONTE,TORINO,VALCHIUSA,3669,0,0.0,0,0,Invariato,2026-03,0,3669,2026-07-31,001318,M415,c_m415
PIEMONTE,TORINO,VALGIOIE,624,8,1.28,0,0,Invariato,2026-03,8,624,2026-07-31,001285,L578,c_l578
PIEMONTE,TORINO,VALLO TORINESE,509,509,100.0,0,0,Invariato,2026-03,509,509,2026-07-31,001286,L629,c_l629
PIEMONTE,TORINO,VALPERGA,1356,0,0.0,0,0,Invariato,2026-03,0,1356,2026-07-31,001287,L644,c_l644
PIEMONTE,TORINO,VALPRATO SOANA,41,0,0.0,0,0,Invariato,2026-03,0,41,2026-07-31,001288,B510,c_b510
PIEMONTE,TORINO,VARISELLA,498,12,2.41,0,0,Invariato,2026-03,12,498,2026-07-31,001289,L685,c_l685
PIEMONTE,TORINO,VAUDA CANAVESE,824,824,100.0,0,0,Invariato,2026-07,824,824,2026-07-31,001290,L698,c_l698
PIEMONTE,TORINO,VENARIA REALE,3715,3715,100.0,0,0,Invariato,2026-03,3715,3715,2026-07-31,001292,L727,c_l727
PIEMONTE,TORINO,VENAUS,896,0,0.0,0,0,Invariato,2026-03,0,896,2026-07-31,001291,L726,c_l726
PIEMONTE,TORINO,VEROLENGO,1912,1912,100.0,0,0,Invariato,2026-03,1912,1912,2026-07-31,001293,L779,c_l779
PIEMONTE,TORINO,VERRUA SAVOIA,753,753,100.0,0,0,Invariato,2026-03,753,753,2026-07-31,001294,L787,c_l787
PIEMONTE,TORINO,VESTIGNE',623,0,0.0,0,0,Invariato,2026-03,0,623,2026-07-31,001295,L811,c_l811
PIEMONTE,TORINO,VIALFRE',311,0,0.0,0,0,Invariato,2026-03,0,311,2026-07-31,001296,L830,c_l218f
PIEMONTE,TORINO,VIDRACCO,322,0,0.0,0,32,Aggiunti civici,2026-07,0,290,2026-07-31,001298,L857,c_l857
PIEMONTE,TORINO,VIGONE,2484,2484,100.0,0,0,Invariato,2026-03,2484,2484,2026-07-31,001299,L898,c_l898
PIEMONTE,TORINO,VILLAFRANCA PIEMONTE,3147,0,0.0,0,0,Invariato,2026-03,0,3147,2026-07-31,001300,L948,c_l948
PIEMONTE,TORINO,VILLANOVA CANAVESE,459,459,100.0,0,0,Invariato,2026-03,459,459,2026-07-31,001301,L982,c_l982
PIEMONTE,TORINO,VILLAR DORA,1356,0,0.0,0,0,Invariato,2026-03,0,1356,2026-07-31,001303,L999,c_l999
PIEMONTE,TORINO,VILLAR FOCCHIARDO,1415,0,0.0,0,0,Invariato,2026-03,0,1415,2026-07-31,001305,M007,c_m007
PIEMONTE,TORINO,VILLAR PELLICE,1086,0,0.0,0,0,Invariato,2026-03,0,1086,2026-07-31,001306,M013,c_m013
PIEMONTE,TORINO,VILLAR PEROSA,1516,1516,100.0,0,0,Invariato,2026-03,1516,1516,2026-07-31,001307,M014,c_m014
PIEMONTE,TORINO,VILLARBASSE,1222,0,0.0,0,0,Invariato,2026-03,0,1222,2026-07-31,001302,M002,c_m002
PIEMONTE,TORINO,VILLAREGGIA,514,0,0.0,0,0,Invariato,2026-03,0,514,2026-07-31,001304,M004,c_m004
PIEMONTE,TORINO,VILLASTELLONE,1302,1302,100.0,0,0,Invariato,2026-03,1302,1302,2026-07-31,001308,M027,c_m087
PIEMONTE,TORINO,VINOVO,3565,3565,100.0,0,0,Invariato,2026-03,3565,3565,2026-07-31,001309,M060,c_m060
PIEMONTE,TORINO,VIRLE PIEMONTE,452,452,100.0,0,0,Invariato,2026-03,452,452,2026-07-31,001310,M069,c_m069
PIEMONTE,TORINO,VISCHE,788,0,0.0,0,0,Invariato,2026-03,0,788,2026-07-31,001311,M071,c_m071
PIEMONTE,TORINO,VISTRORIO,753,0,0.0,0,0,Invariato,2026-03,0,753,2026-07-31,001312,M080,c_m080
PIEMONTE,TORINO,VIU',2668,2668,100.0,0,0,Invariato,2026-03,2668,2668,2026-07-31,001313,M094,c_m094to
PIEMONTE,TORINO,VOLPIANO,4274,4270,99.91,0,0,Invariato,2026-03,4270,4274,2026-07-31,001314,M122,c_m122
PIEMONTE,TORINO,VOLVERA,2428,2428,100.0,0,0,Invariato,2026-03,2428,2428,2026-07-31,001315,M133,c_m133
PIEMONTE,VERBANO-CUSIO-OSSOLA,ANTRONA SCHIERANCO,1277,0,0.0,0,57,Aggiunti civici,2026-07,0,1220,2026-07-31,103001,A317,c_a317
PIEMONTE,VERBANO-CUSIO-OSSOLA,ANZOLA D'OSSOLA,697,697,100.0,0,0,Invariato,2026-03,697,697,2026-07-31,103002,A325,c_a325
PIEMONTE,VERBANO-CUSIO-OSSOLA,ARIZZANO,1508,1508,100.0,0,0,Invariato,2026-03,1508,1508,2026-07-31,103003,A409,c_a409
PIEMONTE,VERBANO-CUSIO-OSSOLA,AROLA,420,0,0.0,0,0,Invariato,2026-03,0,420,2026-07-31,103004,A427,c_a427
PIEMONTE,VERBANO-CUSIO-OSSOLA,AURANO,482,482,100.0,0,0,Invariato,2026-03,482,482,2026-07-31,103005,A497,c_a497
PIEMONTE,VERBANO-CUSIO-OSSOLA,BACENO,1605,1605,100.0,0,0,Invariato,2026-03,1605,1605,2026-07-31,103006,A534,c_a534
PIEMONTE,VERBANO-CUSIO-OSSOLA,BANNIO ANZINO,864,864,100.0,0,0,Invariato,2026-03,864,864,2026-07-31,103007,A610,c_a610
PIEMONTE,VERBANO-CUSIO-OSSOLA,BAVENO,1830,1830,100.0,0,0,Invariato,2026-03,1830,1830,2026-07-31,103008,A725,c_a725
PIEMONTE,VERBANO-CUSIO-OSSOLA,BEE,621,0,0.0,0,0,Invariato,2026-03,0,621,2026-07-31,103009,A733,c_a733
PIEMONTE,VERBANO-CUSIO-OSSOLA,BELGIRATE,558,558,100.0,0,0,Invariato,2026-03,558,558,2026-07-31,103010,A742,c_a742
PIEMONTE,VERBANO-CUSIO-OSSOLA,BEURA-CARDEZZA,707,707,100.0,0,0,Invariato,2026-07,707,707,2026-07-31,103011,A834,c_a834
PIEMONTE,VERBANO-CUSIO-OSSOLA,BOGNANCO,729,729,100.0,0,0,Invariato,2026-07,729,729,2026-07-31,103012,A925,c_a925
PIEMONTE,VERBANO-CUSIO-OSSOLA,BORGOMEZZAVALLE,527,0,0.0,0,0,Invariato,2026-03,0,527,2026-07-31,103078,M370,c_m370
PIEMONTE,VERBANO-CUSIO-OSSOLA,BROVELLO-CARPUGNINO,673,0,0.0,0,0,Invariato,2026-03,0,673,2026-07-31,103013,B207,c_b207
PIEMONTE,VERBANO-CUSIO-OSSOLA,CALASCA-CASTIGLIONE,740,740,100.0,0,0,Invariato,2026-03,740,740,2026-07-31,103014,B380,c_b380
PIEMONTE,VERBANO-CUSIO-OSSOLA,CAMBIASCA,815,815,100.0,0,0,Invariato,2026-03,815,815,2026-07-31,103015,B463,c_b463
PIEMONTE,VERBANO-CUSIO-OSSOLA,CANNERO RIVIERA,975,975,100.0,0,0,Invariato,2026-03,975,975,2026-07-31,103016,B610,c_b610
PIEMONTE,VERBANO-CUSIO-OSSOLA,CANNOBIO,4053,1799,44.39,0,0,Invariato,2026-03,1799,4053,2026-07-31,103017,B615,c_b615
PIEMONTE,VERBANO-CUSIO-OSSOLA,CAPREZZO,255,255,100.0,0,0,Invariato,2026-03,255,255,2026-07-31,103018,B694,c_b694
PIEMONTE,VERBANO-CUSIO-OSSOLA,CASALE CORTE CERRO,2120,2120,100.0,0,0,Invariato,2026-03,2120,2120,2026-07-31,103019,B876,c_b876
PIEMONTE,VERBANO-CUSIO-OSSOLA,CEPPO MORELLI,958,0,0.0,0,0,Invariato,2026-03,0,958,2026-07-31,103021,C478,c_c478
PIEMONTE,VERBANO-CUSIO-OSSOLA,CESARA,521,0,0.0,0,0,Invariato,2026-03,0,521,2026-07-31,103022,C567,c_c567
PIEMONTE,VERBANO-CUSIO-OSSOLA,COSSOGNO,586,0,0.0,0,0,Invariato,2026-03,0,586,2026-07-31,103023,D099,c_d099
PIEMONTE,VERBANO-CUSIO-OSSOLA,CRAVEGGIA,1217,1217,100.0,0,0,Invariato,2026-03,1217,1217,2026-07-31,103024,D134,c_d134
PIEMONTE,VERBANO-CUSIO-OSSOLA,CREVOLADOSSOLA,1391,0,0.0,0,0,Invariato,2026-03,0,1391,2026-07-31,103025,D168,c_d168
PIEMONTE,VERBANO-CUSIO-OSSOLA,CRODO,1972,1125,57.05,0,0,Invariato,2026-07,1125,1972,2026-07-31,103026,D177,c_d177
PIEMONTE,VERBANO-CUSIO-OSSOLA,DOMODOSSOLA,5557,5557,100.0,0,0,Invariato,2026-03,5557,5557,2026-07-31,103028,D332,c_d332
PIEMONTE,VERBANO-CUSIO-OSSOLA,DRUOGNO,1034,1034,100.0,0,0,Invariato,2026-03,1034,1034,2026-07-31,103029,D374,c_d374
PIEMONTE,VERBANO-CUSIO-OSSOLA,FORMAZZA,551,551,100.0,0,0,Invariato,2026-03,551,551,2026-07-31,103031,D706,c_d706
PIEMONTE,VERBANO-CUSIO-OSSOLA,GERMAGNO,226,226,100.0,0,0,Invariato,2026-03,226,226,2026-07-31,103032,D984,c_d984
PIEMONTE,VERBANO-CUSIO-OSSOLA,GHIFFA,1998,1998,100.0,0,0,Invariato,2026-03,1998,1998,2026-07-31,103033,E003,c_e003
PIEMONTE,VERBANO-CUSIO-OSSOLA,GIGNESE,1178,2,0.17,0,0,Invariato,2026-03,2,1178,2026-07-31,103034,E028,c_e028
PIEMONTE,VERBANO-CUSIO-OSSOLA,GRAVELLONA TOCE,3106,3106,100.0,0,0,Invariato,2026-03,3106,3106,2026-07-31,103035,E153,c_e153
PIEMONTE,VERBANO-CUSIO-OSSOLA,GURRO,791,791,100.0,0,0,Invariato,2026-03,791,791,2026-07-31,103036,E269,c_e269
PIEMONTE,VERBANO-CUSIO-OSSOLA,INTRAGNA,279,279,100.0,0,0,Invariato,2026-03,279,279,2026-07-31,103037,E304,c_e304
PIEMONTE,VERBANO-CUSIO-OSSOLA,LOREGLIA,229,229,100.0,0,0,Invariato,2026-03,229,229,2026-07-31,103038,E685,c_e685
PIEMONTE,VERBANO-CUSIO-OSSOLA,MACUGNAGA,1521,3,0.2,0,0,Invariato,2026-03,3,1521,2026-07-31,103039,E790,c_e790
PIEMONTE,VERBANO-CUSIO-OSSOLA,MADONNA DEL SASSO,390,0,0.0,0,0,Invariato,2026-03,0,390,2026-07-31,103040,E795,C_E795
PIEMONTE,VERBANO-CUSIO-OSSOLA,MALESCO,1557,0,0.0,0,0,Invariato,2026-03,0,1557,2026-07-31,103041,E853,c_e853
PIEMONTE,VERBANO-CUSIO-OSSOLA,MASERA,779,0,0.0,0,0,Invariato,2026-03,0,779,2026-07-31,103042,F010,c_f010
PIEMONTE,VERBANO-CUSIO-OSSOLA,MASSIOLA,221,0,0.0,0,0,Invariato,2026-03,0,221,2026-07-31,103043,F048,c_f048
PIEMONTE,VERBANO-CUSIO-OSSOLA,MERGOZZO,1720,1720,100.0,0,0,Invariato,2026-03,1720,1720,2026-07-31,103044,F146,c_f146
PIEMONTE,VERBANO-CUSIO-OSSOLA,MIAZZINA,483,1,0.21,0,0,Invariato,2026-03,1,483,2026-07-31,103045,F192,c_f192
PIEMONTE,VERBANO-CUSIO-OSSOLA,MONTECRESTESE,1348,1348,100.0,0,0,Invariato,2026-03,1348,1348,2026-07-31,103046,F483,c_f483
PIEMONTE,VERBANO-CUSIO-OSSOLA,MONTESCHENO,436,0,0.0,0,0,Invariato,2026-03,0,436,2026-07-31,103047,F639,c_f639
PIEMONTE,VERBANO-CUSIO-OSSOLA,NONIO,677,0,0.0,0,0,Invariato,2026-03,0,677,2026-07-31,103048,F932,c_f932
PIEMONTE,VERBANO-CUSIO-OSSOLA,OGGEBBIO,1401,1401,100.0,0,0,Invariato,2026-03,1401,1401,2026-07-31,103049,G007,c_g007
PIEMONTE,VERBANO-CUSIO-OSSOLA,OMEGNA,8007,8007,100.0,0,0,Invariato,2026-03,8007,8007,2026-07-31,103050,G062,c_g062
PIEMONTE,VERBANO-CUSIO-OSSOLA,ORNAVASSO,2191,0,0.0,0,0,Invariato,2026-03,0,2191,2026-07-31,103051,G117,c_g117
PIEMONTE,VERBANO-CUSIO-OSSOLA,PALLANZENO,476,476,100.0,476,0,Aggiunte coordinate,2026-07,0,476,2026-07-31,103052,G280,c_g280
PIEMONTE,VERBANO-CUSIO-OSSOLA,PIEDIMULERA,1229,0,0.0,0,0,Invariato,2026-03,0,1229,2026-07-31,103053,G600,c_g600
PIEMONTE,VERBANO-CUSIO-OSSOLA,PIEVE VERGONTE,1790,1,0.06,0,0,Invariato,2026-03,1,1790,2026-07-31,103054,G658,c_g658
PIEMONTE,VERBANO-CUSIO-OSSOLA,PREMENO,698,698,100.0,0,0,Invariato,2026-03,698,698,2026-07-31,103055,H030,c_h030
PIEMONTE,VERBANO-CUSIO-OSSOLA,PREMIA,808,808,100.0,0,0,Invariato,2026-03,808,808,2026-07-31,103056,H033,c_h033
PIEMONTE,VERBANO-CUSIO-OSSOLA,PREMOSELLO-CHIOVENDA,1065,1065,100.0,0,0,Invariato,2026-03,1065,1065,2026-07-31,103057,H037,c_h037
PIEMONTE,VERBANO-CUSIO-OSSOLA,QUARNA SOPRA,580,580,100.0,0,0,Invariato,2026-03,580,580,2026-07-31,103058,H106,c_h106
PIEMONTE,VERBANO-CUSIO-OSSOLA,QUARNA SOTTO,499,499,100.0,0,0,Invariato,2026-03,499,499,2026-07-31,103059,H107,c_h107
PIEMONTE,VERBANO-CUSIO-OSSOLA,RE,870,870,100.0,0,0,Invariato,2026-07,870,870,2026-07-31,103060,H203,c_h203
PIEMONTE,VERBANO-CUSIO-OSSOLA,SAN BERNARDINO VERBANO,1483,1483,100.0,0,0,Invariato,2026-03,1483,1483,2026-07-31,103061,H777,c_h777
PIEMONTE,VERBANO-CUSIO-OSSOLA,SANTA MARIA MAGGIORE,2432,35,1.44,0,0,Invariato,2026-03,35,2432,2026-07-31,103062,I249,c_i249
PIEMONTE,VERBANO-CUSIO-OSSOLA,STRESA,5373,3327,61.92,0,0,Invariato,2026-07,3327,5373,2026-07-31,103064,I976,c_i976
PIEMONTE,VERBANO-CUSIO-OSSOLA,TOCENO,790,0,0.0,0,0,Invariato,2026-03,0,790,2026-07-31,103065,L187,c_l187
PIEMONTE,VERBANO-CUSIO-OSSOLA,TRAREGO VIGGIONA,1220,1220,100.0,0,0,Invariato,2026-03,1220,1220,2026-07-31,103066,L333,c_l333
PIEMONTE,VERBANO-CUSIO-OSSOLA,TRASQUERA,367,0,0.0,0,0,Invariato,2026-03,0,367,2026-07-31,103067,L336,c_l336
PIEMONTE,VERBANO-CUSIO-OSSOLA,TRONTANO,936,936,100.0,0,0,Invariato,2026-03,936,936,2026-07-31,103068,L450,c_l450
PIEMONTE,VERBANO-CUSIO-OSSOLA,VALLE CANNOBINA,1587,101,6.36,0,0,Invariato,2026-03,101,1587,2026-07-31,103079,M404,c_m404
PIEMONTE,VERBANO-CUSIO-OSSOLA,VALSTRONA,1139,1037,91.04,0,102,Aggiunti civici,2026-07,1037,1037,2026-07-31,103069,L651,c_l651
PIEMONTE,VERBANO-CUSIO-OSSOLA,VANZONE CON SAN CARLO,683,0,0.0,0,0,Invariato,2026-03,0,683,2026-07-31,103070,L666,c_l666
PIEMONTE,VERBANO-CUSIO-OSSOLA,VARZO,1959,1959,100.0,1135,0,Aggiunte coordinate,2026-07,824,1959,2026-07-31,103071,L691,c_l691
PIEMONTE,VERBANO-CUSIO-OSSOLA,VERBANIA,9448,9448,100.0,0,0,Invariato,2026-03,9448,9448,2026-07-31,103072,L746,c_l746
PIEMONTE,VERBANO-CUSIO-OSSOLA,VIGNONE,687,0,0.0,0,0,Invariato,2026-03,0,687,2026-07-31,103074,L889,c_l889
PIEMONTE,VERBANO-CUSIO-OSSOLA,VILLADOSSOLA,2320,2320,100.0,0,0,Invariato,2026-03,2320,2320,2026-07-31,103075,L906,c_l906
PIEMONTE,VERBANO-CUSIO-OSSOLA,VILLETTE,242,0,0.0,0,0,Invariato,2026-03,0,242,2026-07-31,103076,M042,c_m042
PIEMONTE,VERBANO-CUSIO-OSSOLA,VOGOGNA,886,873,98.53,0,0,Invariato,2026-03,873,886,2026-07-31,103077,M111,c_m111
PIEMONTE,VERCELLI,ALAGNA VALSESIA,2019,2019,100.0,1090,0,Aggiunte coordinate,2026-07,929,2019,2026-07-31,002002,A119,c_a119
PIEMONTE,VERCELLI,ALBANO VERCELLESE,222,222,100.0,0,0,Invariato,2026-03,222,222,2026-07-31,002003,A130,c_a130
PIEMONTE,VERCELLI,ALICE CASTELLO,1592,1592,100.0,0,0,Invariato,2026-03,1592,1592,2026-07-31,002004,A198,C_A198
PIEMONTE,VERCELLI,ALTO SERMENZA,732,732,100.0,732,0,Aggiunte coordinate,2026-07,0,732,2026-07-31,002170,M389,c_m389
PIEMONTE,VERCELLI,ARBORIO,490,0,0.0,0,0,Invariato,2026-03,0,490,2026-07-31,002006,A358,c_a358
PIEMONTE,VERCELLI,ASIGLIANO VERCELLESE,904,904,100.0,904,0,Aggiunte coordinate,2026-07,0,904,2026-07-31,002007,A466,c_a466
PIEMONTE,VERCELLI,BALMUCCIA,144,0,0.0,0,0,Invariato,2026-03,0,144,2026-07-31,002008,A600,c_a600
PIEMONTE,VERCELLI,BALOCCO,153,1,0.65,0,0,Invariato,2026-03,1,153,2026-07-31,002009,A601,c_a601
PIEMONTE,VERCELLI,BIANZE',1380,1380,100.0,0,0,Invariato,2026-03,1380,1380,2026-07-31,002011,A847,c_a847
PIEMONTE,VERCELLI,BOCCIOLETO,446,0,0.0,0,0,Invariato,2026-03,0,446,2026-07-31,002014,A914,c_a914
PIEMONTE,VERCELLI,BORGO D'ALE,1803,554,30.73,554,0,Aggiunte coordinate,2026-07,0,1803,2026-07-31,002015,B009,c_b009
PIEMONTE,VERCELLI,BORGO VERCELLI,859,0,0.0,0,0,Invariato,2026-03,0,859,2026-07-31,002017,B046,c_b046
PIEMONTE,VERCELLI,BORGOSESIA,4823,4823,100.0,0,0,Invariato,2026-03,4823,4823,2026-07-31,002016,B041,c_b041
PIEMONTE,VERCELLI,BURONZO,651,651,100.0,0,0,Invariato,2026-03,651,651,2026-07-31,002021,B280,c_b280
PIEMONTE,VERCELLI,CAMPERTOGNO,510,510,100.0,0,0,Invariato,2026-03,510,510,2026-07-31,002025,B505,c_b505
PIEMONTE,VERCELLI,CARCOFORO,228,0,0.0,0,0,Invariato,2026-03,0,228,2026-07-31,002029,B752,c_b752
PIEMONTE,VERCELLI,CARESANA,975,0,0.0,0,0,Invariato,2026-03,0,975,2026-07-31,002030,B767,c_b767
PIEMONTE,VERCELLI,CARESANABLOT,941,941,100.0,0,0,Invariato,2026-03,941,941,2026-07-31,002031,B768,c_b768
PIEMONTE,VERCELLI,CARISIO,805,805,100.0,0,0,Invariato,2026-03,805,805,2026-07-31,002032,B782,c_b782
PIEMONTE,VERCELLI,CASANOVA ELVO,238,238,100.0,0,0,Invariato,2026-03,238,238,2026-07-31,002033,B928,c_b928
PIEMONTE,VERCELLI,CELLIO CON BREIA,661,661,100.0,0,0,Invariato,2026-03,661,661,2026-07-31,002171,M398,c_m398
PIEMONTE,VERCELLI,CERVATTO,3,0,0.0,0,0,Invariato,2026-03,0,3,2026-07-31,002041,C548,c_c548
PIEMONTE,VERCELLI,CIGLIANO,3306,3306,100.0,0,0,Invariato,2026-03,3306,3306,2026-07-31,002042,C680,c_c680
PIEMONTE,VERCELLI,CIVIASCO,354,354,100.0,0,0,Invariato,2026-03,354,354,2026-07-31,002043,C757,c_c757
PIEMONTE,VERCELLI,COLLOBIANO,96,96,100.0,0,0,Invariato,2026-03,96,96,2026-07-31,002045,C884,c_c884
PIEMONTE,VERCELLI,COSTANZANA,600,600,100.0,0,0,Invariato,2026-03,600,600,2026-07-31,002047,D113,c_d113
PIEMONTE,VERCELLI,CRAVAGLIANA,664,0,0.0,0,0,Invariato,2026-03,0,664,2026-07-31,002048,D132,c_d132
PIEMONTE,VERCELLI,CRESCENTINO,3885,0,0.0,0,0,Invariato,2026-03,0,3885,2026-07-31,002049,D154,c_d154
PIEMONTE,VERCELLI,CROVA,326,326,100.0,0,0,Invariato,2026-03,326,326,2026-07-31,002052,D187,c_d187
PIEMONTE,VERCELLI,DESANA,991,991,100.0,991,0,Aggiunte coordinate,2026-07,0,991,2026-07-31,002054,D281,c_d281
PIEMONTE,VERCELLI,FOBELLO,4,4,100.0,4,0,Aggiunte coordinate,2026-07,0,4,2026-07-31,002057,D641,c_d641
PIEMONTE,VERCELLI,FONTANETTO PO,900,0,0.0,0,0,Invariato,2026-03,0,900,2026-07-31,002058,D676,c_d676
PIEMONTE,VERCELLI,FORMIGLIANA,347,0,0.0,0,0,Invariato,2026-03,0,347,2026-07-31,002059,D712,c_d712
PIEMONTE,VERCELLI,GATTINARA,4577,4577,100.0,0,0,Invariato,2026-03,4577,4577,2026-07-31,002061,D938,c_d938
PIEMONTE,VERCELLI,GHISLARENGO,530,0,0.0,0,0,Invariato,2026-03,0,530,2026-07-31,002062,E007,c_e007
PIEMONTE,VERCELLI,GREGGIO,249,249,100.0,0,0,Invariato,2026-03,249,249,2026-07-31,002065,E163,c_e163
PIEMONTE,VERCELLI,GUARDABOSONE,267,0,0.0,0,0,Invariato,2026-03,0,267,2026-07-31,002066,E237,c_e237
PIEMONTE,VERCELLI,LAMPORO,278,0,0.0,0,0,Invariato,2026-03,0,278,2026-07-31,002067,E433,c_e433
PIEMONTE,VERCELLI,LENTA,387,0,0.0,0,0,Invariato,2026-03,0,387,2026-07-31,002068,E528,c_e528
PIEMONTE,VERCELLI,LIGNANA,355,0,0.0,0,0,Invariato,2026-03,0,355,2026-07-31,002070,E583,c_e583
PIEMONTE,VERCELLI,LIVORNO FERRARIS,2968,2967,99.97,0,0,Invariato,2026-03,2967,2968,2026-07-31,002071,E626,c_e626
PIEMONTE,VERCELLI,LOZZOLO,547,547,100.0,0,0,Invariato,2026-03,547,547,2026-07-31,002072,E711,c_e711
PIEMONTE,VERCELLI,MOLLIA,192,0,0.0,0,0,Invariato,2026-03,0,192,2026-07-31,002078,F297,c_f297
PIEMONTE,VERCELLI,MONCRIVELLO,920,920,100.0,920,0,Aggiunte coordinate,2026-07,0,920,2026-07-31,002079,F342,c_f342
PIEMONTE,VERCELLI,MOTTA DE' CONTI,824,0,0.0,0,0,Invariato,2026-03,0,824,2026-07-31,002082,F774,c_f774
PIEMONTE,VERCELLI,OLCENENGO,422,0,0.0,0,0,Invariato,2026-03,0,422,2026-07-31,002088,G016,c_g016
PIEMONTE,VERCELLI,OLDENICO,153,153,100.0,0,0,Invariato,2026-03,153,153,2026-07-31,002089,G018,c_g018
PIEMONTE,VERCELLI,PALAZZOLO VERCELLESE,1158,0,0.0,0,0,Invariato,2026-03,0,1158,2026-07-31,002090,G266,C_G266
PIEMONTE,VERCELLI,PERTENGO,404,0,0.0,0,0,Invariato,2026-03,0,404,2026-07-31,002091,G471,c_g471
PIEMONTE,VERCELLI,PEZZANA,854,0,0.0,0,0,Invariato,2026-03,0,854,2026-07-31,002093,G528,c_g528
PIEMONTE,VERCELLI,PILA,326,0,0.0,0,0,Invariato,2026-03,0,326,2026-07-31,002096,G666,c_g666
PIEMONTE,VERCELLI,PIODE,567,548,96.65,0,19,Aggiunti civici,2026-07,548,548,2026-07-31,002097,G685,c_g685
PIEMONTE,VERCELLI,POSTUA,472,0,0.0,0,0,Invariato,2026-03,0,472,2026-07-31,002102,G940,c_g940
PIEMONTE,VERCELLI,PRAROLO,406,406,100.0,0,0,Invariato,2026-03,406,406,2026-07-31,002104,G985,c_g985
PIEMONTE,VERCELLI,QUARONA,1521,1521,100.0,0,0,Invariato,2026-03,1521,1521,2026-07-31,002107,H108,c_h108
PIEMONTE,VERCELLI,QUINTO VERCELLESE,179,179,100.0,179,0,Aggiunte coordinate,2026-07,0,179,2026-07-31,002108,H132,c_h132
PIEMONTE,VERCELLI,RASSA,627,0,0.0,0,0,Invariato,2026-03,0,627,2026-07-31,002110,H188,c_h188
PIEMONTE,VERCELLI,RIMELLA,377,377,100.0,0,0,Invariato,2026-03,377,377,2026-07-31,002113,H293,c_h293
PIEMONTE,VERCELLI,RIVE,266,266,100.0,0,0,Invariato,2026-03,266,266,2026-07-31,002115,H346,c_h346
PIEMONTE,VERCELLI,ROASIO,2100,1528,72.76,0,0,Invariato,2026-03,1528,2100,2026-07-31,002116,H365,c_h365
PIEMONTE,VERCELLI,RONSECCO,392,392,100.0,0,0,Invariato,2026-03,392,392,2026-07-31,002118,H549,c_h549
PIEMONTE,VERCELLI,ROSSA,315,0,0.0,0,0,Invariato,2026-07,0,315,2026-07-31,002121,H577,c_h577
PIEMONTE,VERCELLI,ROVASENDA,392,392,100.0,0,0,Invariato,2026-03,392,392,2026-07-31,002122,H364,C_H364
PIEMONTE,VERCELLI,SALASCO,143,143,100.0,0,0,Invariato,2026-03,143,143,2026-07-31,002126,H690,c_h690
PIEMONTE,VERCELLI,SALI VERCELLESE,98,98,100.0,0,0,Invariato,2026-03,98,98,2026-07-31,002127,H707,c_h707
PIEMONTE,VERCELLI,SALUGGIA,1785,1785,100.0,1785,0,Aggiunte coordinate,2026-07,0,1785,2026-07-31,002128,H725,c_h725
PIEMONTE,VERCELLI,SAN GERMANO VERCELLESE,988,988,100.0,0,0,Invariato,2026-03,988,988,2026-07-31,002131,H861,c_h861
PIEMONTE,VERCELLI,SAN GIACOMO VERCELLESE,292,292,100.0,0,0,Invariato,2026-03,292,292,2026-07-31,002035,B952,c_b952
PIEMONTE,VERCELLI,SANTHIA',3540,3540,100.0,0,0,Invariato,2026-03,3540,3540,2026-07-31,002133,I337,c_i337
PIEMONTE,VERCELLI,SCOPA,600,0,0.0,0,0,Invariato,2026-03,0,600,2026-07-31,002134,I544,c_i544
PIEMONTE,VERCELLI,SCOPELLO,509,509,100.0,0,0,Invariato,2026-07,509,509,2026-07-31,002135,I545,c_i545
PIEMONTE,VERCELLI,SERRAVALLE SESIA,1842,1842,100.0,0,0,Invariato,2026-03,1842,1842,2026-07-31,002137,I663,c_i663
PIEMONTE,VERCELLI,STROPPIANA,1033,0,0.0,0,0,Invariato,2026-03,0,1033,2026-07-31,002142,I984,c_I984
PIEMONTE,VERCELLI,TRICERRO,792,0,0.0,0,0,Invariato,2026-07,0,792,2026-07-31,002147,L420,c_l420
PIEMONTE,VERCELLI,TRINO,3354,3354,100.0,0,0,Invariato,2026-03,3354,3354,2026-07-31,002148,L429,c_l429
PIEMONTE,VERCELLI,TRONZANO VERCELLESE,1823,1823,100.0,0,0,Invariato,2026-03,1823,1823,2026-07-31,002150,L451,c_l451
PIEMONTE,VERCELLI,VALDUGGIA,2628,0,0.0,0,0,Invariato,2026-03,0,2628,2026-07-31,002152,L566,c_l566
PIEMONTE,VERCELLI,VARALLO,4326,4326,100.0,0,0,Invariato,2026-03,4326,4326,2026-07-31,002156,L669,c_l669
PIEMONTE,VERCELLI,VERCELLI,12294,12294,100.0,0,0,Invariato,2026-03,12294,12294,2026-07-31,002158,L750,c_l750
PIEMONTE,VERCELLI,VILLARBOIT,283,283,100.0,0,0,Invariato,2026-07,283,283,2026-07-31,002163,M003,c_m003
PIEMONTE,VERCELLI,VILLATA,640,637,99.53,0,3,Aggiunti civici,2026-07,637,637,2026-07-31,002164,M028,c_m028
PIEMONTE,VERCELLI,VOCCA,286,0,0.0,0,0,Invariato,2026-03,0,286,2026-07-31,002166,M106,c_m106
